<?xml version="1.0" encoding="utf-8"?>
<Catalog>
    <!--
rocket:Assets\Textures\btn-ability-hornerhan-viking-missileupgrade.dds
rifle:Assets\Textures\talent-tychus-level12-ultimategear1.dds
sniper:Assets\Textures\btn-ability-terran-snipe-color.dds
conc:Assets\Textures\btn-upgrade-protoss-fenix-zealotsuit-weapon.dds
cannon:Assets\Textures\btn-upgrade-terran-nova-specialordance.dds
-->
    <CWeaponLegacy id="90mmCannons">
        <AttackType value="Magic"/>
        <Icon value="Assets\Textures\btn-upgrade-terran-nova-specialordance.dds"/>
        <Tip value="Weapon/Tip/Cannon"/>
        <Options index="OnlyFireWhileInAttackOrder" value="0"/>
        <Options index="OnlyFireAtAttackOrderTarget" value="0"/>
    </CWeaponLegacy>
    <CWeaponLegacy id="ATALaserBattery">
        <Options index="OnlyFireWhileInAttackOrder" value="0"/>
        <Options index="OnlyFireAtAttackOrderTarget" value="0"/>
        <Options index="LinkedCooldown" value="0"/>
        <Arc value="360"/>
        <AllowedMovement value="Moving"/>
        <RandomDelayMin value="-0.125"/>
        <RandomDelayMax value="0.125"/>
        <AttackType value="Magic"/>
        <Icon value="Assets\Textures\btn-upgrade-terran-nova-specialordance.dds"/>
        <Tip value="Weapon/Tip/Cannon"/>
        <Marker Duration="0.225">
            <MatchFlags index="Link" value="1"/>
            <MatchFlags index="CasterUnit" value="1"/>
            <MismatchFlags index="Id" value="1"/>
        </Marker>
        <Backswing value="0"/>
        <LegacyOptions index="NoDeceleration" value="1"/>
    </CWeaponLegacy>
    <CWeaponLegacy id="ATALaserBattery2">
        <EditorCategories value="Race:Terran"/>
        <Options index="Hidden" value="1"/>
        <Options index="CanInitiateAttackOrder" value="0"/>
        <Options index="OnlyFireWhileInAttackOrder" value="0"/>
        <Options index="OnlyFireAtAttackOrderTarget" value="0"/>
        <Options index="ContinuousScan" value="1"/>
        <Options index="LinkedCooldown" value="0"/>
        <Options index="IgnoreThreat" value="1"/>
        <Options index="IgnoreAttackPriority" value="1"/>
        <DisplayEffect value="ATALaserBatteryU"/>
        <TargetFilters value="Air,Visible;Missile,Stasis,Dead,Hidden,Invulnerable"/>
        <AcquireTargetSorts RequestCount="1">
            <SortArray value="TSMarker"/>
            <SortArray value="TSAngle"/>
        </AcquireTargetSorts>
        <Range value="6"/>
        <Arc value="360"/>
        <Marker Link="Weapon/ATALaserBattery">
            <MatchFlags index="Link" value="1"/>
            <MatchFlags index="CasterUnit" value="1"/>
            <MismatchFlags index="Id" value="1"/>
        </Marker>
        <Period value="0.3374"/>
        <Effect value="ATALaserBatteryLM"/>
        <AllowedMovement value="Moving"/>
        <RandomDelayMin value="-0.125"/>
        <AttackType value="Magic"/>
        <Icon value="Assets\Textures\btn-upgrade-terran-nova-specialordance.dds"/>
        <Tip value="Weapon/Tip/Cannon"/>
        <MinimumRange value="6"/>
        <Backswing value="0"/>
    </CWeaponLegacy>
    <CWeaponLegacy id="ATSLaserBattery">
        <Options index="OnlyFireWhileInAttackOrder" value="0"/>
        <Options index="OnlyFireAtAttackOrderTarget" value="0"/>
        <Options index="LinkedCooldown" value="0"/>
        <AllowedMovement value="Moving"/>
        <RandomDelayMin value="-0.125"/>
        <RandomDelayMax value="0.125"/>
        <AttackType value="Magic"/>
        <Icon value="Assets\Textures\btn-upgrade-terran-nova-specialordance.dds"/>
        <Tip value="Weapon/Tip/Cannon"/>
        <Marker Duration="0.225" Link="Weapon/ATALaserBattery">
            <MatchFlags index="Link" value="1"/>
            <MatchFlags index="CasterUnit" value="1"/>
            <MismatchFlags index="Id" value="1"/>
        </Marker>
        <Backswing value="0"/>
        <LegacyOptions index="NoDeceleration" value="1"/>
    </CWeaponLegacy>
    <CWeaponLegacy id="ATSLaserBattery2">
        <EditorCategories value="Race:Terran"/>
        <Options index="Hidden" value="1"/>
        <Options index="CanInitiateAttackOrder" value="0"/>
        <Options index="OnlyFireWhileInAttackOrder" value="0"/>
        <Options index="OnlyFireAtAttackOrderTarget" value="0"/>
        <Options index="ContinuousScan" value="1"/>
        <Options index="LinkedCooldown" value="0"/>
        <Options index="IgnoreThreat" value="1"/>
        <Options index="IgnoreAttackPriority" value="1"/>
        <DisplayEffect value="ATSLaserBatteryU"/>
        <TargetFilters value="Ground,Visible;Missile,Stasis,Dead,Hidden,Invulnerable"/>
        <AcquireTargetSorts RequestCount="1">
            <SortArray value="TSMarker"/>
            <SortArray value="TSAngle"/>
        </AcquireTargetSorts>
        <Range value="6"/>
        <Arc value="360"/>
        <Marker Link="Weapon/ATSLaserBattery">
            <MatchFlags index="Link" value="1"/>
            <MatchFlags index="CasterUnit" value="1"/>
            <MismatchFlags index="Id" value="1"/>
        </Marker>
        <Period value="0.3374"/>
        <Effect value="ATSLaserBatteryLM"/>
        <AllowedMovement value="Moving"/>
        <RandomDelayMin value="-0.125"/>
        <AttackType value="Magic"/>
        <Icon value="Assets\Textures\btn-upgrade-terran-nova-specialordance.dds"/>
        <Tip value="Weapon/Tip/Cannon"/>
        <MinimumRange value="6"/>
        <Backswing value="0"/>
    </CWeaponLegacy>
    <CWeaponLegacy id="AcidSaliva">
        <AttackType value="Magic"/>
        <Icon value="Assets\Textures\btn-upgrade-terran-nova-specialordance.dds"/>
        <Tip value="Weapon/Tip/Cannon"/>
    </CWeaponLegacy>
    <CWeaponLegacy id="AcidSpew">
        <Tip value="Weapon/Tip/Rocket"/>
        <AttackType value="Siege"/>
        <Icon value="Assets\Textures\btn-ability-hornerhan-viking-missileupgrade.dds"/>
    </CWeaponLegacy>
    <CWeaponLegacy id="AcidSpines">
        <Tip value="Weapon/Tip/Rocket"/>
        <AttackType value="Siege"/>
        <Icon value="Assets\Textures\btn-ability-hornerhan-viking-missileupgrade.dds"/>
    </CWeaponLegacy>
    <CWeaponLegacy id="ArcliteShockCannon">
        <AttackType value="Siege"/>
        <Icon value="Assets\Textures\btn-ability-hornerhan-viking-missileupgrade.dds"/>
        <Tip value="Weapon/Tip/Rocket"/>
    </CWeaponLegacy>
    <CWeaponLegacy id="ArmageddonCannons">
        <Tip value="Weapon/Tip/Cannon"/>
        <AttackType value="Magic"/>
        <Icon value="Assets\Textures\btn-upgrade-terran-nova-specialordance.dds"/>
        <LegacyOptions index="NoDeceleration" value="1"/>
    </CWeaponLegacy>
    <CWeaponLegacy id="ArtanisBeam">
        <Tip value="Weapon/Tip/Rocket"/>
        <AttackType value="Siege"/>
        <Icon value="Assets\Textures\btn-ability-hornerhan-viking-missileupgrade.dds"/>
    </CWeaponLegacy>
    <CWeaponLegacy id="AutoTurret">
        <AttackType value="Normal"/>
        <Icon value="Assets\Textures\talent-tychus-level12-ultimategear1.dds"/>
        <Tip value="Weapon/Tip/Rifle"/>
    </CWeaponLegacy>
    <CWeaponLegacy id="BabyUltralisk">
        <Tip value="Weapon/Tip/Grenade"/>
        <Icon value="Assets\Textures\btn-upgrade-protoss-fenix-zealotsuit-weapon.dds"/>
        <AttackType value="Pierce"/>
    </CWeaponLegacy>
    <CWeaponLegacy id="BacklashRockets">
        <AttackType value="Siege"/>
        <Icon value="Assets\Textures\btn-ability-hornerhan-viking-missileupgrade.dds"/>
        <Tip value="Weapon/Tip/Rocket"/>
    </CWeaponLegacy>
    <CWeaponLegacy id="BattleCruiserLoki">
        <RandomDelayMin value="0"/>
        <RandomDelayMax value="0"/>
        <Tip value="Weapon/Tip/Cannon"/>
        <Period value="0.2"/>
        <AttackType value="Magic"/>
        <Icon value="Assets\Textures\btn-upgrade-terran-nova-specialordance.dds"/>
        <LegacyOptions index="NoDeceleration" value="1"/>
    </CWeaponLegacy>
    <CWeaponLegacy id="BroodlingEscort">
        <Tip value="Weapon/Tip/Cannon"/>
        <AttackType value="Magic"/>
        <Icon value="Assets\Textures\btn-upgrade-terran-nova-specialordance.dds"/>
    </CWeaponLegacy>
    <CWeaponLegacy id="BroodlingStrike">
        <Tip value="Weapon/Tip/Cannon"/>
        <AttackType value="Magic"/>
        <Icon value="Assets\Textures\btn-upgrade-terran-nova-specialordance.dds"/>
    </CWeaponLegacy>
    <CWeaponLegacy id="Brutalize">
        <AttackType value="Pierce"/>
        <Icon value="Assets\Textures\btn-upgrade-protoss-fenix-zealotsuit-weapon.dds"/>
        <DamagePoint value="0.2"/>
        <Tip value="Weapon/Tip/Grenade"/>
    </CWeaponLegacy>
    <CWeaponLegacy id="C10CanisterRifle">
        <Period value="0.4"/>
        <AttackType value="Chaos"/>
        <Icon value="Assets\Textures\btn-ability-terran-snipe-color.dds"/>
        <Backswing value="0.125"/>
        <Tip value="Weapon/Tip/Sniper"/>
        <TargetFilters value="Visible;Structure,Missile,Stasis,Dead,Hidden,Invulnerable"/>
        <Range value="7"/>
        <Options index="OnlyFireWhileInAttackOrder" value="0"/>
        <Options index="OnlyFireAtAttackOrderTarget" value="0"/>
        <RandomDelayMin value="0"/>
        <RandomDelayMax value="0"/>
    </CWeaponLegacy>
    <CWeaponLegacy id="Claws">
        <AttackType value="Pierce"/>
        <Icon value="Assets\Textures\btn-upgrade-protoss-fenix-zealotsuit-weapon.dds"/>
        <Tip value="Weapon/Tip/Grenade"/>
    </CWeaponLegacy>
    <CWeaponLegacy id="ColonistTransport">
        <AttackType value="Normal"/>
        <Icon value="Assets\Textures\talent-tychus-level12-ultimategear1.dds"/>
    </CWeaponLegacy>
    <CWeaponLegacy id="CommandoRifle">
        <Tip value="Weapon/Tip/Rocket"/>
        <TargetFilters value="-;Missile,Stasis,Dead,Hidden,Invulnerable"/>
        <AttackType value="Siege"/>
        <Icon value="Assets\Textures\btn-ability-hornerhan-viking-missileupgrade.dds"/>
    </CWeaponLegacy>
    <CWeaponLegacy id="CommandoSnipe">
        <EditorCategories value="Race:Terran"/>
        <Tip value="Weapon/Tip/Rocket"/>
        <Options index="Hidden" value="1"/>
        <Options index="LinkedCooldown" value="0"/>
        <Icon value="Assets\Textures\btn-ability-hornerhan-viking-missileupgrade.dds"/>
        <DisplayEffect value="CommandoRifle"/>
        <TargetFilters value="-;Player,Ally,Neutral,Enemy"/>
        <Range value="12"/>
        <Period value="0"/>
        <AttackType value="Siege"/>
        <DamagePoint value="0"/>
        <Backswing value="0"/>
        <Effect value="RaynorSnipeCreatePersistent"/>
        <LegacyOptions index="Uninterruptible" value="1"/>
        <RandomDelayMin value="0"/>
        <RandomDelayMax value="0"/>
    </CWeaponLegacy>
    <CWeaponLegacy id="D8Charge">
        <Options index="Disabled" value="1"/>
        <Options index="Melee" value="1"/>
        <Icon value="Assets\Textures\btn-upgrade-protoss-fenix-zealotsuit-weapon.dds"/>
        <Range value="1"/>
        <AttackType value="Pierce"/>
        <AllowedMovement value="Moving"/>
    </CWeaponLegacy>
    <CWeaponLegacy id="HunterKiller">
        <Tip value="Weapon/Tip/Rifle"/>
        <Icon value="Assets\Textures\talent-tychus-level12-ultimategear1.dds"/>
        <AttackType value="Normal"/>
    </CWeaponLegacy>
    <CWeaponLegacy id="HunterKillerMelee">
        <Tip value="Weapon/Tip/Grenade"/>
        <Icon value="Assets\Textures\btn-upgrade-protoss-fenix-zealotsuit-weapon.dds"/>
        <AttackType value="Pierce"/>
    </CWeaponLegacy>
    <CWeaponLegacy id="HybridF">
        <Icon value="Assets\Textures\btn-upgrade-protoss-fenix-zealotsuit-weapon.dds"/>
        <AttackType value="Pierce"/>
    </CWeaponLegacy>
    <CWeaponLegacy id="OmegaliskHeadAttack">
        <Icon value="Assets\Textures\btn-upgrade-protoss-fenix-zealotsuit-weapon.dds"/>
        <AttackType value="Pierce"/>
    </CWeaponLegacy>
    <CWeaponLegacy id="ParticleBeam">
        <Tip value="Weapon/Tip/Rocket"/>
        <AttackType value="Siege"/>
    </CWeaponLegacy>
    <CWeaponLegacy id="PsiDischarge">
        <Tip value="Weapon/Tip/Rocket"/>
        <Icon value="Assets\Textures\btn-ability-hornerhan-viking-missileupgrade.dds"/>
        <AttackType value="Siege"/>
    </CWeaponLegacy>
    <CWeaponLegacy id="Ram">
        <Icon value="Assets\Textures\btn-upgrade-protoss-fenix-zealotsuit-weapon.dds"/>
        <AttackType value="Pierce"/>
    </CWeaponLegacy>
    <CWeaponLegacy id="ScourgeSwarm">
        <Tip value="Weapon/Tip/Rocket"/>
        <Options index="ContinuousScan" value="1"/>
        <Options index="LinkedCooldown" value="0"/>
        <Icon value="Assets\Textures\btn-ability-hornerhan-viking-missileupgrade.dds"/>
        <AttackType value="Siege"/>
    </CWeaponLegacy>
    <CWeaponLegacy id="Spines">
        <Tip value="Weapon/Tip/Grenade"/>
        <Icon value="Assets\Textures\btn-upgrade-protoss-fenix-zealotsuit-weapon.dds"/>
        <AttackType value="Pierce"/>
    </CWeaponLegacy>
    <CWeaponLegacy id="Suicide">
        <Tip value="Weapon/Tip/Rocket"/>
        <Icon value="Assets\Textures\btn-ability-hornerhan-viking-missileupgrade.dds"/>
        <AttackType value="Siege"/>
    </CWeaponLegacy>
    <CWeaponLegacy id="Tentacles">
        <Tip value="Weapon/Tip/Grenade"/>
        <Options index="ContinuousScan" value="1"/>
        <Options index="LinkedCooldown" value="0"/>
        <Icon value="Assets\Textures\btn-upgrade-protoss-fenix-zealotsuit-weapon.dds"/>
        <AttackType value="Pierce"/>
        <DamagePoint value="0"/>
        <Backswing value="0"/>
    </CWeaponLegacy>
    <CWeaponLegacy id="Tentacles1" parent="Tentacles">
        <Name value="Weapon/Name/Tentacles1"/>
        <Options index="Hidden" value="1"/>
        <Options index="CanInitiateAttackOrder" value="0"/>
        <DisplayAttackCount value="0"/>
        <DisplayName value="Weapon/Name/Tentacles1"/>
        <Range value="12.5"/>
        <Arc value="360"/>
        <Period value="0.25"/>
        <Effect value="LeviathanGroundAttackTargetPersistentA"/>
    </CWeaponLegacy>
    <CWeaponLegacy id="Tentacles2" parent="Tentacles">
        <Name value="Weapon/Name/Tentacles2"/>
        <Options index="Hidden" value="1"/>
        <Options index="CanInitiateAttackOrder" value="0"/>
        <DisplayAttackCount value="0"/>
        <DisplayName value="Weapon/Name/Tentacles2"/>
        <Range value="12.5"/>
        <Arc value="360"/>
        <Period value="0.25"/>
        <DamagePoint value="0.125"/>
        <Effect value="LeviathanGroundAttackTargetPersistentB"/>
    </CWeaponLegacy>
    <CWeaponLegacy id="Tentacles3" parent="Tentacles">
        <Name value="Weapon/Name/Tentacles3"/>
        <Options index="Hidden" value="1"/>
        <Options index="CanInitiateAttackOrder" value="0"/>
        <DisplayAttackCount value="0"/>
        <DisplayName value="Weapon/Name/Tentacles3"/>
        <Range value="12.5"/>
        <Arc value="360"/>
        <Period value="0.25"/>
        <DamagePoint value="0.25"/>
        <Effect value="LeviathanGroundAttackTargetPersistentC"/>
    </CWeaponLegacy>
    <CWeaponLegacy id="Tentacles4" parent="Tentacles">
        <Name value="Weapon/Name/Tentacles4"/>
        <Options index="Hidden" value="1"/>
        <Options index="CanInitiateAttackOrder" value="0"/>
        <DisplayAttackCount value="0"/>
        <DisplayName value="Weapon/Name/Tentacles4"/>
        <Range value="12.5"/>
        <Arc value="360"/>
        <Period value="0.25"/>
        <DamagePoint value="0.375"/>
        <Effect value="LeviathanGroundAttackTargetPersistentD"/>
    </CWeaponLegacy>
    <CWeaponLegacy id="TossGrenade">
        <EditorCategories value="Race:Terran"/>
        <Tip value="Weapon/Tip/Rocket"/>
        <Options index="Hidden" value="1"/>
        <Options index="LinkedCooldown" value="0"/>
        <Icon value="Assets\Textures\btn-upgrade-protoss-fenix-zealotsuit-weapon.dds"/>
        <DisplayEffect value="CommandoRifle"/>
        <TargetFilters value="-;Player,Ally,Neutral,Enemy"/>
        <Range value="7"/>
        <Period value="0"/>
        <AttackType value="Pierce"/>
        <DamagePoint value="0"/>
        <Backswing value="0"/>
        <Effect value="BonesTossGrenadeLaunchMissile"/>
        <LegacyOptions index="Uninterruptible" value="1"/>
        <RandomDelayMin value="0"/>
        <RandomDelayMax value="0"/>
        <UninterruptibleDuration value="0"/>
    </CWeaponLegacy>
    <CWeaponLegacy id="CrucioShockCannon">
        <AttackType value="Siege"/>
        <Icon value="Assets\Textures\btn-ability-hornerhan-viking-missileupgrade.dds"/>
        <Tip value="Weapon/Tip/Rocket"/>
    </CWeaponLegacy>
    <CWeaponLegacy id="DRBattlecruiserA">
        <RandomDelayMin value="-0.125"/>
        <RandomDelayMax value="0.125"/>
        <Tip value="Weapon/Tip/Cannon"/>
        <AttackType value="Magic"/>
        <Icon value="Assets\Textures\btn-upgrade-terran-nova-specialordance.dds"/>
        <Marker Duration="0.225" Link="Weapon/DRCannonsA">
            <MatchFlags index="Link" value="1"/>
            <MatchFlags index="CasterUnit" value="1"/>
            <MismatchFlags index="Id" value="1"/>
        </Marker>
        <AllowedMovement value="Moving"/>
        <Backswing value="0"/>
        <LegacyOptions index="NoDeceleration" value="1"/>
    </CWeaponLegacy>
    <CWeaponLegacy id="DRBattlecruiserA2">
        <EditorCategories value="Race:Terran"/>
        <Tip value="Weapon/Tip/Cannon"/>
        <Options index="Hidden" value="1"/>
        <Options index="CanInitiateAttackOrder" value="0"/>
        <Options index="OnlyFireWhileInAttackOrder" value="0"/>
        <Options index="OnlyFireAtAttackOrderTarget" value="0"/>
        <Options index="ContinuousScan" value="1"/>
        <Options index="LinkedCooldown" value="0"/>
        <Options index="IgnoreThreat" value="1"/>
        <Options index="IgnoreAttackPriority" value="1"/>
        <Icon value="Assets\Textures\btn-upgrade-terran-nova-specialordance.dds"/>
        <DisplayEffect value="DRBattlecruiserAU"/>
        <TargetFilters value="Air,Visible;Missile,Stasis,Dead,Hidden,Invulnerable"/>
        <AcquireTargetSorts RequestCount="1">
            <SortArray value="TSMarker"/>
            <SortArray value="TSAngle"/>
        </AcquireTargetSorts>
        <Range value="6"/>
        <Arc value="360"/>
        <Marker Link="Weapon/DRCannonsA">
            <MatchFlags index="Link" value="1"/>
            <MatchFlags index="CasterUnit" value="1"/>
            <MismatchFlags index="Id" value="1"/>
        </Marker>
        <Period value="0.3374"/>
        <AttackType value="Magic"/>
        <Effect value="DRBattlecruiserALM"/>
        <AllowedMovement value="Moving"/>
        <RandomDelayMin value="-0.125"/>
        <MinimumRange value="6"/>
        <Backswing value="0"/>
    </CWeaponLegacy>
    <CWeaponLegacy id="DRBattlecruiserFakeA">
        <RandomDelayMin value="-0.125"/>
        <Tip value="Weapon/Tip/Cannon"/>
        <AttackType value="Magic"/>
        <Icon value="Assets\Textures\btn-upgrade-terran-nova-specialordance.dds"/>
        <Marker Duration="0.225"/>
        <Backswing value="0"/>
    </CWeaponLegacy>
    <CWeaponLegacy id="DRBattlecruiserFakeG">
        <RandomDelayMin value="-0.125"/>
        <Tip value="Weapon/Tip/Cannon"/>
        <AttackType value="Magic"/>
        <Icon value="Assets\Textures\btn-upgrade-terran-nova-specialordance.dds"/>
        <Marker Duration="0.225"/>
        <Backswing value="0"/>
    </CWeaponLegacy>
    <CWeaponLegacy id="DRBattlecruiserG">
        <RandomDelayMin value="-0.125"/>
        <RandomDelayMax value="0.125"/>
        <Tip value="Weapon/Tip/Cannon"/>
        <AttackType value="Magic"/>
        <Icon value="Assets\Textures\btn-upgrade-terran-nova-specialordance.dds"/>
        <Options index="LinkedCooldown" value="0"/>
        <Marker Duration="0.225" Link="Weapon/DRCannonsG">
            <MatchFlags index="Link" value="1"/>
            <MatchFlags index="CasterUnit" value="1"/>
            <MismatchFlags index="Id" value="1"/>
        </Marker>
        <AllowedMovement value="Moving"/>
        <Backswing value="0"/>
        <LegacyOptions index="NoDeceleration" value="1"/>
    </CWeaponLegacy>
    <CWeaponLegacy id="DRBattlecruiserG2">
        <EditorCategories value="Race:Terran"/>
        <Tip value="Weapon/Tip/Cannon"/>
        <Options index="Hidden" value="1"/>
        <Options index="CanInitiateAttackOrder" value="0"/>
        <Options index="OnlyFireWhileInAttackOrder" value="0"/>
        <Options index="OnlyFireAtAttackOrderTarget" value="0"/>
        <Options index="ContinuousScan" value="1"/>
        <Options index="LinkedCooldown" value="0"/>
        <Options index="IgnoreThreat" value="1"/>
        <Options index="IgnoreAttackPriority" value="1"/>
        <Icon value="Assets\Textures\btn-upgrade-terran-nova-specialordance.dds"/>
        <DisplayEffect value="DRBattlecruiserGU"/>
        <TargetFilters value="Ground,Visible;Missile,Stasis,Dead,Hidden,Invulnerable"/>
        <AcquireTargetSorts RequestCount="1">
            <SortArray value="TSMarker"/>
            <SortArray value="TSAngle"/>
        </AcquireTargetSorts>
        <Range value="6"/>
        <MinimumRange value="6"/>
        <Arc value="360"/>
        <Marker Link="Weapon/DRCannonsA">
            <MatchFlags index="Link" value="1"/>
            <MatchFlags index="CasterUnit" value="1"/>
            <MismatchFlags index="Id" value="1"/>
        </Marker>
        <Period value="0.3374"/>
        <AttackType value="Magic"/>
        <Backswing value="0"/>
        <Effect value="DRBattlecruiserGLM"/>
        <AllowedMovement value="Moving"/>
        <RandomDelayMin value="-0.125"/>
    </CWeaponLegacy>
    <CWeaponLegacy id="DRCannonsA">
        <Tip value="Weapon/Tip/Cannon"/>
        <AttackType value="Magic"/>
        <Icon value="Assets\Textures\btn-upgrade-terran-nova-specialordance.dds"/>
        <Options index="Hidden" value="0"/>
        <Options index="OnlyFireWhileInAttackOrder" value="0"/>
        <Options index="OnlyFireAtAttackOrderTarget" value="0"/>
        <Options index="LinkedCooldown" value="0"/>
        <MinimumRange value="0"/>
        <Arc value="360"/>
        <Marker Duration="0.225">
            <MatchFlags index="Link" value="1"/>
            <MatchFlags index="CasterUnit" value="1"/>
            <MismatchFlags index="Id" value="1"/>
        </Marker>
        <Period value="0.225"/>
        <AllowedMovement value="Moving"/>
        <Backswing value="0"/>
    </CWeaponLegacy>
    <CWeaponLegacy id="DRCannonsG">
        <Tip value="Weapon/Tip/Cannon"/>
        <AttackType value="Magic"/>
        <Icon value="Assets\Textures\btn-upgrade-terran-nova-specialordance.dds"/>
        <Options index="Hidden" value="0"/>
        <Options index="OnlyFireWhileInAttackOrder" value="0"/>
        <Options index="OnlyFireAtAttackOrderTarget" value="0"/>
        <Options index="LinkedCooldown" value="0"/>
        <MinimumRange value="0"/>
        <Arc value="360"/>
        <Marker Duration="0.225">
            <MatchFlags index="Link" value="1"/>
            <MatchFlags index="CasterUnit" value="1"/>
            <MismatchFlags index="Id" value="1"/>
        </Marker>
        <Period value="0.225"/>
        <AllowedMovement value="Moving"/>
        <Backswing value="0"/>
    </CWeaponLegacy>
    <CWeaponLegacy id="DevilDogFlameThrower">
        <Range value="4"/>
        <Period value="0.5"/>
        <DamagePoint value="0"/>
        <Tip value="Weapon/Tip/Grenade"/>
        <AttackType value="Pierce"/>
        <Icon value="Assets\Textures\btn-upgrade-protoss-fenix-zealotsuit-weapon.dds"/>
        <Options index="OnlyFireWhileInAttackOrder" value="0"/>
        <Options index="OnlyFireAtAttackOrderTarget" value="0"/>
    </CWeaponLegacy>
    <CWeaponLegacy id="Diamondback">
        <Tip value="Weapon/Tip/Cannon"/>
        <AttackType value="Magic"/>
        <Icon value="Assets\Textures\btn-upgrade-terran-nova-specialordance.dds"/>
        <Range value="7"/>
        <Effect value="DiamondbackCP"/>
    </CWeaponLegacy>
    <CWeaponLegacy id="DutchConcussiveGrenade">
        <Tip value="Weapon/Tip/Cannon"/>
        <DisplayAttackCount value="0"/>
        <MinimumRange value="0"/>
        <Period value="1"/>
        <AttackType value="Magic"/>
        <Icon value="Assets\Textures\btn-upgrade-terran-nova-specialordance.dds"/>
        <Effect value="DutchConcussiveGrenadeLaunchMissile"/>
    </CWeaponLegacy>
    <CWeaponLegacy id="DutchTurretFlameThrower">
        <Tip value="Weapon/Tip/Grenade"/>
        <Period value="0.5"/>
        <AttackType value="Pierce"/>
        <Icon value="Assets\Textures\btn-upgrade-protoss-fenix-zealotsuit-weapon.dds"/>
    </CWeaponLegacy>
    <CWeaponLegacy id="ThorDiamondback">
        <EditorCategories value="Race:Terran"/>
        <Tip value="Weapon/Tip/Cannon"/>
        <Options index="CanInitiateAttackOrder" value="0"/>
        <Options index="OnlyFireWhileInAttackOrder" value="0"/>
        <Options index="OnlyFireAtAttackOrderTarget" value="0"/>
        <Options index="ContinuousScan" value="1"/>
        <Options index="LinkedCooldown" value="0"/>
        <Icon value="Assets\Textures\btn-upgrade-terran-nova-specialordance.dds"/>
        <DisplayEffect value="DiamondbackBeam"/>
        <TargetFilters value="Ground,Visible;Missile,Stasis,Dead,Hidden,Invulnerable"/>
        <Range value="7"/>
        <Period value="2"/>
        <AttackType value="Magic"/>
        <Backswing value="0"/>
        <Effect value="DiamondbackCP"/>
        <AcquirePrioritization value="ByAngle"/>
    </CWeaponLegacy>
    <CWeaponLegacy id="DisruptionBeam">
        <AttackType value="Normal"/>
        <Icon value="Assets\Textures\talent-tychus-level12-ultimategear1.dds"/>
        <Tip value="Weapon/Tip/Rifle"/>
    </CWeaponLegacy>
    <CWeaponLegacy id="DuskWingBanshee">
        <Tip value="Weapon/Tip/Rocket"/>
        <AttackType value="Siege"/>
        <Icon value="Assets\Textures\btn-ability-hornerhan-viking-missileupgrade.dds"/>
    </CWeaponLegacy>
    <CWeaponLegacy id="ExplosiveCharges">
        <EditorCategories value=""/>
        <Options index="Melee" value="1"/>
        <Icon value="Assets\Textures\btn-upgrade-terran-kd8chargeex3.dds"/>
        <TargetFilters value="Ground,Structure,Visible;Missile,Stasis,Dead,Hidden,Invulnerable"/>
        <Range value="0.1"/>
        <Period value="0.75"/>
        <Effect value="ExplosiveChargesDelay"/>
        <DamagePoint value="0"/>
        <LegacyOptions index="KeepChanneling" value="1"/>
    </CWeaponLegacy>
    <CWeaponLegacy id="FerociousSpew">
        <AttackType value="Siege"/>
        <Icon value="Assets\Textures\btn-ability-hornerhan-viking-missileupgrade.dds"/>
        <Tip value="Weapon/Tip/Rocket"/>
    </CWeaponLegacy>
    <CWeaponLegacy id="Firebat">
        <Range value="4"/>
        <Period value="0.5"/>
        <AttackType value="Pierce"/>
        <Icon value="Assets\Textures\btn-upgrade-protoss-fenix-zealotsuit-weapon.dds"/>
        <DamagePoint value="0"/>
        <Tip value="Weapon/Tip/Grenade"/>
        <Options index="OnlyFireWhileInAttackOrder" value="0"/>
        <Options index="OnlyFireAtAttackOrderTarget" value="0"/>
    </CWeaponLegacy>
    <CWeaponLegacy id="DevilDogSquad">
        <EditorCategories value=""/>
        <Tip value="Weapon/Tip/Grenade"/>
        <Icon value="Assets\Textures\btn-upgrade-protoss-fenix-zealotsuit-weapon.dds"/>
        <DisplayEffect value="DevilDogDamage"/>
        <TargetFilters value="Ground,Visible;Missile,Stasis,Dead,Hidden,Invulnerable"/>
        <Range value="4"/>
        <Period value="0.5"/>
        <AttackType value="Pierce"/>
        <DamagePoint value="0"/>
        <Backswing value="0"/>
        <Effect value="SquadAttack"/>
        <LegacyOptions index="UseRangeToCenter" value="1"/>
        <LegacyOptions index="CanRetargetWhileChanneling" value="1"/>
        <RandomDelayMin value="-0.45"/>
        <RandomDelayMax value="-0.45"/>
        <Options index="OnlyFireWhileInAttackOrder" value="0"/>
        <Options index="OnlyFireAtAttackOrderTarget" value="0"/>
    </CWeaponLegacy>
    <CWeaponLegacy id="GlaiveWurm">
        <AttackType value="Normal"/>
        <Icon value="Assets\Textures\talent-tychus-level12-ultimategear1.dds"/>
        <Tip value="Weapon/Tip/Rifle"/>
    </CWeaponLegacy>
    <CWeaponLegacy id="GoliathA">
        <Tip value="Weapon/Tip/Rocket"/>
        <Range value="9"/>
        <AttackType value="Siege"/>
        <Icon value="Assets\Textures\btn-ability-hornerhan-viking-missileupgrade.dds"/>
        <Options index="OnlyFireWhileInAttackOrder" value="0"/>
        <Options index="OnlyFireAtAttackOrderTarget" value="0"/>
        <Cost>
            <Cooldown Link="Weapon/Goliath" Location="Unit"/>
        </Cost>
    </CWeaponLegacy>
    <CWeaponLegacy id="GoliathAUpgraded">
        <Tip value="Weapon/Tip/Rocket"/>
        <Range value="9"/>
        <AttackType value="Siege"/>
        <Icon value="Assets\Textures\btn-ability-hornerhan-viking-missileupgrade.dds"/>
    </CWeaponLegacy>
    <CWeaponLegacy id="GoliathG">
        <Tip value="Weapon/Tip/Rifle"/>
        <Range value="7"/>
        <AttackType value="Normal"/>
        <Icon value="Assets\Textures\talent-tychus-level12-ultimategear1.dds"/>
        <Options index="OnlyFireWhileInAttackOrder" value="0"/>
        <Options index="OnlyFireAtAttackOrderTarget" value="0"/>
        <Cost>
            <Cooldown Link="Weapon/Goliath" Location="Unit"/>
        </Cost>
    </CWeaponLegacy>
    <CWeaponLegacy id="GoliathGUpgraded">
        <Tip value="Weapon/Tip/Rifle"/>
        <Range value="7"/>
        <AttackType value="Normal"/>
        <Icon value="Assets\Textures\talent-tychus-level12-ultimategear1.dds"/>
    </CWeaponLegacy>
    <CWeaponLegacy id="GuassRifle">
        <Tip value="Weapon/Tip/Rifle"/>
        <Options index="OnlyFireWhileInAttackOrder" value="0"/>
        <Options index="OnlyFireAtAttackOrderTarget" value="0"/>
        <AttackType value="Normal"/>
        <Icon value="Assets\Textures\talent-tychus-level12-ultimategear1.dds"/>
    </CWeaponLegacy>
    <CWeaponLegacy id="HighTemplarAttackDummy">
        <EditorCategories value=""/>
        <Options index="Hidden" value="1"/>
        <TargetFilters value="Ground,Visible;Stasis,Hidden,Invulnerable"/>
        <Range value="7"/>
        <Effect value=""/>
    </CWeaponLegacy>
    <CWeaponLegacy id="HybridC">
        <Tip value="Weapon/Tip/Rocket"/>
        <AttackType value="Siege"/>
        <Icon value="Assets\Textures\btn-ability-hornerhan-viking-missileupgrade.dds"/>
    </CWeaponLegacy>
    <CWeaponLegacy id="HybridD">
        <Tip value="Weapon/Tip/Rocket"/>
        <AttackType value="Siege"/>
        <Icon value="Assets\Textures\btn-ability-hornerhan-viking-missileupgrade.dds"/>
    </CWeaponLegacy>
    <CWeaponLegacy id="HybridE">
        <Tip value="Weapon/Tip/Grenade"/>
        <AttackType value="Pierce"/>
        <Icon value="Assets\Textures\btn-upgrade-protoss-fenix-zealotsuit-weapon.dds"/>
    </CWeaponLegacy>
    <CWeaponLegacy id="ThorInfernalFlameThrower">
        <EditorCategories value="Race:Terran"/>
        <Tip value="Weapon/Tip/Grenade"/>
        <Options index="CanInitiateAttackOrder" value="0"/>
        <Options index="OnlyFireWhileInAttackOrder" value="0"/>
        <Options index="OnlyFireAtAttackOrderTarget" value="0"/>
        <Options index="ContinuousScan" value="1"/>
        <Options index="LinkedCooldown" value="0"/>
        <Icon value="Assets\Textures\btn-upgrade-protoss-fenix-zealotsuit-weapon.dds"/>
        <DisplayEffect value="InfernalFlameThrower"/>
        <TargetFilters value="Ground,Visible;Missile,Stasis,Dead,Hidden,Invulnerable"/>
        <Arc value="360"/>
        <Marker>
            <MatchFlags index="Id" value="1"/>
        </Marker>
        <Period value="0.5"/>
        <AttackType value="Pierce"/>
        <DamagePoint value="0.25"/>
        <Backswing value="0"/>
        <Effect value="InfernalFlameThrowerCP"/>
        <AllowedMovement value="Moving"/>
    </CWeaponLegacy>
    <CWeaponStrafe id="InterceptorBeam">
        <AttackType value="Magic"/>
        <Icon value="Assets\Textures\btn-upgrade-terran-nova-specialordance.dds"/>
    </CWeaponStrafe>
    <CWeaponLegacy id="InterceptorLaunch">
        <Tip value="Weapon/Tip/Cannon"/>
        <AttackType value="Magic"/>
        <Icon value="Assets\Textures\btn-upgrade-terran-nova-specialordance.dds"/>
    </CWeaponLegacy>
    <CWeaponLegacy id="InterceptorsDummy">
        <Tip value="Weapon/Tip/Cannon"/>
        <AttackType value="Magic"/>
        <Icon value="Assets\Textures\btn-upgrade-terran-nova-specialordance.dds"/>
    </CWeaponLegacy>
    <CWeaponLegacy id="IonCannons">
        <Tip value="Weapon/Tip/Rocket"/>
        <Options index="OnlyFireWhileInAttackOrder" value="0"/>
        <Options index="OnlyFireAtAttackOrderTarget" value="0"/>
        <Range value="5"/>
        <AttackType value="Siege"/>
        <Icon value="Assets\Textures\btn-ability-hornerhan-viking-missileupgrade.dds"/>
        <AllowedMovement value="Moving"/>
        <MinScanRange value="5"/>
    </CWeaponLegacy>
    <CWeaponLegacy id="JavelinMissileLaunchers">
        <Tip value="Weapon/Tip/Rocket"/>
        <AttackType value="Siege"/>
        <Icon value="Assets\Textures\btn-ability-hornerhan-viking-missileupgrade.dds"/>
    </CWeaponLegacy>
    <CWeaponLegacy id="LanzerTorpedoesGround">
        <EditorCategories value="Race:Terran"/>
        <Tip value="Weapon/Tip/Rocket"/>
        <Options index="Hidden" value="1"/>
        <Icon value="Assets\Textures\btn-ability-hornerhan-viking-missileupgrade.dds"/>
        <DisplayEffect value="LanzerTorpedoesDamageG"/>
        <DisplayAttackCount value="2"/>
        <TargetFilters value="Ground,Visible;Missile,Stasis,Dead,Hidden,Invulnerable"/>
        <Range value="6"/>
        <MinimumRange value="7"/>
        <Arc value="5.625"/>
        <Period value="1"/>
        <AttackType value="Siege"/>
        <Backswing value="0"/>
        <Effect value="LanzerTorpedoesG"/>
        <DamagePoint value="0.0834"/>
    </CWeaponLegacy>
    <CWeaponLegacy id="LaserDrillTripodLaserBeam">
        <TargetFilters value="Visible;Heroic,Missile,Stasis,Dead,Hidden,Invulnerable"/>
        <Range value="500"/>
    </CWeaponLegacy>
    <CWeaponLegacy id="MarauderSquad@2">
        <EditorCategories value="Race:Terran"/>
        <Tip value="Weapon/Tip/Rocket"/>
        <Options index="Disabled" value="1"/>
        <Options index="Hidden" value="1"/>
        <Options index="OnlyFireWhileInAttackOrder" value="0"/>
        <Options index="OnlyFireAtAttackOrderTarget" value="0"/>
        <Icon value="Assets\Textures\btn-ability-hornerhan-viking-missileupgrade.dds"/>
        <DisplayEffect value="HailstormLauncherU"/>
        <TargetFilters value="Air,Visible;Ground,Missile,Stasis,Dead,Hidden,Invulnerable"/>
        <Range value="6"/>
        <Period value="1.5"/>
        <AttackType value="Siege"/>
        <DamagePoint value="0"/>
        <Backswing value="0"/>
        <Effect value="SquadAttack"/>
        <LegacyOptions index="UseRangeToCenter" value="1"/>
        <LegacyOptions index="CanRetargetWhileChanneling" value="1"/>
        <RandomDelayMin value="-1.45"/>
        <RandomDelayMax value="-1.45"/>
    </CWeaponLegacy>
    <CWeaponLegacy id="HammerSecuritiesSquad@2">
        <EditorCategories value="Race:Terran"/>
        <Tip value="Weapon/Tip/Rocket"/>
        <Options index="Disabled" value="1"/>
        <Options index="Hidden" value="1"/>
        <Options index="OnlyFireWhileInAttackOrder" value="0"/>
        <Options index="OnlyFireAtAttackOrderTarget" value="0"/>
        <Icon value="Assets\Textures\btn-ability-hornerhan-viking-missileupgrade.dds"/>
        <DisplayEffect value="HailstormLauncherUMerc"/>
        <TargetFilters value="Air,Visible;Ground,Missile,Stasis,Dead,Hidden,Invulnerable"/>
        <Range value="6"/>
        <Period value="1"/>
        <AttackType value="Siege"/>
        <DamagePoint value="0"/>
        <Backswing value="0"/>
        <Effect value="SquadAttack"/>
        <LegacyOptions index="UseRangeToCenter" value="1"/>
        <LegacyOptions index="CanRetargetWhileChanneling" value="1"/>
        <RandomDelayMin value="-1.45"/>
        <RandomDelayMax value="-1.45"/>
    </CWeaponLegacy>
    <CWeaponLegacy id="HailstormLauncherMerc">
        <EditorCategories value="Race:Terran"/>
        <Tip value="Weapon/Tip/Rocket"/>
        <Options index="Disabled" value="1"/>
        <Options index="Hidden" value="1"/>
        <Options index="OnlyFireWhileInAttackOrder" value="0"/>
        <Options index="OnlyFireAtAttackOrderTarget" value="0"/>
        <Icon value="Assets\Textures\btn-ability-hornerhan-viking-missileupgrade.dds"/>
        <DisplayEffect value="HailstormLauncherUMerc"/>
        <TargetFilters value="Air,Visible;Ground,Missile,Stasis,Dead,Hidden,Invulnerable"/>
        <Range value="6"/>
        <Period value="1"/>
        <AttackType value="Siege"/>
        <DamagePoint value="0"/>
        <Backswing value="0"/>
        <Effect value="HailstormLauncherLMMerc"/>
    </CWeaponLegacy>
    <CWeaponLegacy id="HailstormMissilePods">
        <AttackType value="Siege"/>
        <Icon value="Assets\Textures\btn-ability-hornerhan-viking-missileupgrade.dds"/>
    </CWeaponLegacy>
    <CWeaponLegacy id="HammerSecurity">
        <Tip value="Weapon/Tip/Cannon"/>
        <AttackType value="Magic"/>
        <Icon value="Assets\Textures\btn-upgrade-terran-nova-specialordance.dds"/>
        <Period value="1"/>
    </CWeaponLegacy>
    <CWeaponLegacy id="HydraliskMelee">
        <AttackType value="Pierce"/>
        <Icon value="Assets\Textures\btn-upgrade-protoss-fenix-zealotsuit-weapon.dds"/>
        <Tip value="Weapon/Tip/Grenade"/>
    </CWeaponLegacy>
    <CWeaponLegacy id="ImpalerTentacle">
        <AttackType value="Pierce"/>
        <Icon value="Assets\Textures\btn-upgrade-protoss-fenix-zealotsuit-weapon.dds"/>
        <Tip value="Weapon/Tip/Grenade"/>
    </CWeaponLegacy>
    <CWeaponLegacy id="InfernalFlameThrower">
        <AttackType value="Pierce"/>
        <Icon value="Assets\Textures\btn-upgrade-protoss-fenix-zealotsuit-weapon.dds"/>
        <Period value="0.5"/>
        <Tip value="Weapon/Tip/Grenade"/>
        <Options index="OnlyFireWhileInAttackOrder" value="0"/>
        <Options index="OnlyFireAtAttackOrderTarget" value="0"/>
        <Options index="ContinuousScan" value="1"/>
    </CWeaponLegacy>
    <CWeaponLegacy id="InfestedAbomination">
        <AttackType value="Pierce"/>
        <Icon value="Assets\Textures\btn-upgrade-protoss-fenix-zealotsuit-weapon.dds"/>
    </CWeaponLegacy>
    <CWeaponLegacy id="InfestedClaws">
        <AttackType value="Pierce"/>
        <Icon value="Assets\Textures\btn-upgrade-protoss-fenix-zealotsuit-weapon.dds"/>
    </CWeaponLegacy>
    <CWeaponLegacy id="InfestedGuassRifle">
        <AttackType value="Normal"/>
        <Icon value="Assets\Textures\talent-tychus-level12-ultimategear1.dds"/>
    </CWeaponLegacy>
    <CWeaponLegacy id="InfestedTerranCampaign">
        <AttackType value="Normal"/>
        <Icon value="Assets\Textures\talent-tychus-level12-ultimategear1.dds"/>
    </CWeaponLegacy>
    <CWeaponLegacy id="KaiserBlades">
        <Tip value="Weapon/Tip/Grenade"/>
        <AttackType value="Pierce"/>
        <Icon value="Assets\Textures\btn-upgrade-protoss-fenix-zealotsuit-weapon.dds"/>
        <Effect value="KaiserBladesDamage"/>
        <AcquireTargetSorts RequestCount="5">
            <SortArray value="TSDistance"/>
        </AcquireTargetSorts>
    </CWeaponLegacy>
    <CWeaponLegacy id="KelmorianMinerGaussRifle">
        <AttackType value="Normal"/>
        <Icon value="Assets\Textures\talent-tychus-level12-ultimategear1.dds"/>
        <Tip value="Weapon/Tip/Rifle"/>
        <Options index="OnlyFireWhileInAttackOrder" value="0"/>
        <Options index="OnlyFireAtAttackOrderTarget" value="0"/>
    </CWeaponLegacy>
    <CWeaponLegacy id="LanzerTorpedoes">
        <AttackType value="Siege"/>
        <Icon value="Assets\Textures\btn-ability-hornerhan-viking-missileupgrade.dds"/>
        <Tip value="Weapon/Tip/Rocket"/>
        <Range value="7"/>
        <Period value="1"/>
        <DamagePoint value="0.0834"/>
    </CWeaponLegacy>
    <CWeaponLegacy id="LongboltMissile">
        <AttackType value="Siege"/>
        <Icon value="Assets\Textures\btn-ability-hornerhan-viking-missileupgrade.dds"/>
        <Tip value="Weapon/Tip/Rocket"/>
    </CWeaponLegacy>
    <CWeaponLegacy id="HammerSecuritiesSquad">
        <EditorCategories value=""/>
        <Tip value="Weapon/Tip/Cannon"/>
        <Icon value="Assets\Textures\btn-upgrade-terran-nova-specialordance.dds"/>
        <DisplayEffect value="HammerSecurityDamage"/>
        <TargetFilters value="Ground,Visible;Missile,Stasis,Dead,Hidden,Invulnerable"/>
        <Range value="6"/>
        <Period value="1"/>
        <AttackType value="Magic"/>
        <DamagePoint value="0"/>
        <Backswing value="0"/>
        <Effect value="SquadAttack"/>
        <LegacyOptions index="UseRangeToCenter" value="1"/>
        <LegacyOptions index="CanRetargetWhileChanneling" value="1"/>
        <RandomDelayMin value="-0.95"/>
        <RandomDelayMax value="-0.95"/>
        <Options index="OnlyFireWhileInAttackOrder" value="0"/>
        <Options index="OnlyFireAtAttackOrderTarget" value="0"/>
    </CWeaponLegacy>
    <CWeaponLegacy id="MedicSquad">
        <EditorCategories value=""/>
        <Tip value="Weapon/Tip/Rifle"/>
        <Options index="Hidden" value="1"/>
        <Icon value="Assets\Textures\talent-tychus-level12-ultimategear1.dds"/>
        <DisplayEffect value="GuassRifle"/>
        <TargetFilters value="Ground,Visible;Missile,Stasis,Dead,Hidden,Invulnerable"/>
        <Period value="0.05"/>
        <AttackType value="Normal"/>
        <DamagePoint value="0"/>
        <Backswing value="0"/>
        <Effect value="SquadAttack"/>
        <LegacyOptions index="UseRangeToCenter" value="1"/>
        <LegacyOptions index="CanRetargetWhileChanneling" value="1"/>
        <RandomDelayMin value="0"/>
        <RandomDelayMax value="0"/>
    </CWeaponLegacy>
    <CWeaponLegacy id="MedivacFakeWeapon">
        <EditorCategories value=""/>
        <Options index="Disabled" value="1"/>
        <Options index="Hidden" value="1"/>
        <TargetFilters value="Visible;Missile,Stasis,Dead,Hidden,Invulnerable"/>
        <Backswing value="0.2"/>
        <Effect value="CCLoadDummy"/>
    </CWeaponLegacy>
    <CWeaponLegacy id="MohandarPrismaticBeam">
        <RangeSlop value="2"/>
        <Period value="0.6"/>
        <AttackType value="Magic"/>
        <Icon value="Assets\Textures\btn-upgrade-terran-nova-specialordance.dds"/>
        <Backswing value="0.75"/>
        <Tip value="Weapon/Tip/Cannon"/>
    </CWeaponLegacy>
    <CWeaponLegacy id="MothershipBeam">
        <Tip value="Weapon/Tip/Rocket"/>
        <AttackType value="Siege"/>
        <Icon value="Assets\Textures\btn-ability-hornerhan-viking-missileupgrade.dds"/>
    </CWeaponLegacy>
    <CWeaponLegacy id="NeedleClaws">
        <AttackType value="Pierce"/>
        <Icon value="Assets\Textures\btn-upgrade-protoss-fenix-zealotsuit-weapon.dds"/>
    </CWeaponLegacy>
    <CWeaponLegacy id="Nova">
        <Tip value="Weapon/Tip/Sniper"/>
        <TargetFilters value="Visible;Structure,Missile,Stasis,Dead,Hidden,Invulnerable"/>
        <Period value="0.4"/>
        <AttackType value="Chaos"/>
        <Icon value="Assets\Textures\btn-ability-terran-snipe-color.dds"/>
        <Backswing value="0.125"/>
        <Options index="OnlyFireWhileInAttackOrder" value="0"/>
        <Options index="OnlyFireAtAttackOrderTarget" value="0"/>
        <RandomDelayMin value="0"/>
        <RandomDelayMax value="0"/>
    </CWeaponLegacy>
    <CWeaponLegacy id="Odin">
        <Tip value="Weapon/Tip/Cannon"/>
        <AttackType value="Magic"/>
        <Icon value="Assets\Textures\btn-upgrade-terran-nova-specialordance.dds"/>
    </CWeaponLegacy>
    <CWeaponLegacy id="OdinAntiAir">
        <Tip value="Weapon/Tip/Rocket"/>
        <AttackType value="Siege"/>
        <Icon value="Assets\Textures\btn-ability-hornerhan-viking-missileupgrade.dds"/>
    </CWeaponLegacy>
    <CWeaponLegacy id="Omegalisk">
        <Tip value="Weapon/Tip/Grenade"/>
        <AttackType value="Pierce"/>
        <Icon value="Assets\Textures\btn-upgrade-protoss-fenix-zealotsuit-weapon.dds"/>
    </CWeaponLegacy>
    <CWeaponLegacy id="P38ScytheGuassPistol">
        <AttackType value="Chaos"/>
        <Icon value="Assets\Textures\btn-ability-terran-snipe-color.dds"/>
        <Period value="0.5"/>
        <Backswing value="0.3"/>
        <Options index="OnlyFireWhileInAttackOrder" value="0"/>
        <Options index="OnlyFireAtAttackOrderTarget" value="0"/>
        <MinScanRange value="5"/>
        <Range value="6"/>
        <Tip value="Weapon/Tip/Sniper"/>
        <TargetFilters value="Ground,Visible;Missile,Stasis,Dead,Hidden,Invulnerable"/>
    </CWeaponLegacy>
    <CWeaponLegacy id="ParasiteSpore">
        <AttackType value="Siege"/>
        <Icon value="Assets\Textures\btn-ability-hornerhan-viking-missileupgrade.dds"/>
        <Tip value="Weapon/Tip/Rocket"/>
    </CWeaponLegacy>
    <CWeaponLegacy id="ParticleDisruptors">
        <AttackType value="Siege"/>
        <Icon value="Assets\Textures\btn-ability-hornerhan-viking-missileupgrade.dds"/>
        <Tip value="Weapon/Tip/Rocket"/>
    </CWeaponLegacy>
    <CWeaponLegacy id="PerditionTurretFlamethrower">
        <Tip value="Weapon/Tip/Grenade"/>
        <Period value="0.5"/>
        <AttackType value="Pierce"/>
        <Icon value="Assets\Textures\btn-upgrade-protoss-fenix-zealotsuit-weapon.dds"/>
        <Range value="5"/>
    </CWeaponLegacy>
    <CWeaponLegacy id="PhaseDisruptors">
        <Tip value="Weapon/Tip/Cannon"/>
        <AttackType value="Magic"/>
        <Icon value="Assets\Textures\btn-upgrade-terran-nova-specialordance.dds"/>
        <Options index="OnlyFireWhileInAttackOrder" value="0"/>
        <Options index="OnlyFireAtAttackOrderTarget" value="0"/>
    </CWeaponLegacy>
    <CWeaponLegacy id="PhotonCannon">
        <AttackType value="Siege"/>
        <Icon value="Assets\Textures\btn-ability-hornerhan-viking-missileupgrade.dds"/>
        <Tip value="Weapon/Tip/Rocket"/>
    </CWeaponLegacy>
    <CWeaponLegacy id="Predator">
        <Tip value="Weapon/Tip/Rifle"/>
        <AttackType value="Normal"/>
        <Icon value="Assets\Textures\talent-tychus-level12-ultimategear1.dds"/>
    </CWeaponLegacy>
    <CWeaponLegacy id="PredatorShields">
        <EditorCategories value=""/>
    </CWeaponLegacy>
    <CWeaponLegacy id="PrismaticBeam">
        <AttackType value="Magic"/>
        <Icon value="Assets\Textures\btn-upgrade-terran-nova-specialordance.dds"/>
        <Range value="6"/>
        <Tip value="Weapon/Tip/Cannon"/>
    </CWeaponLegacy>
    <CWeaponLegacy id="PsiBlades">
        <AttackType value="Pierce"/>
        <Icon value="Assets\Textures\btn-upgrade-protoss-fenix-zealotsuit-weapon.dds"/>
        <Tip value="Weapon/Tip/Grenade"/>
    </CWeaponLegacy>
    <CWeaponLegacy id="PsionicShockwave">
        <AttackType value="Pierce"/>
        <Icon value="Assets\Textures\btn-upgrade-protoss-fenix-zealotsuit-weapon.dds"/>
        <Tip value="Weapon/Tip/Grenade"/>
    </CWeaponLegacy>
    <CWeaponLegacy id="PunisherGrenades">
        <Period value="1"/>
        <AttackType value="Magic"/>
        <Icon value="Assets\Textures\btn-upgrade-terran-nova-specialordance.dds"/>
        <Tip value="Weapon/Tip/Cannon"/>
    </CWeaponLegacy>
    <CWeaponLegacy id="MarauderSquad" parent="PunisherGrenades">
        <Name value="Weapon/Name/MarauderSquad"/>
        <EditorCategories value=""/>
        <DisplayName value="Weapon/Name/MarauderSquad"/>
        <Marker Link="Weapon/MarauderSquad"/>
        <Cost>
            <Cooldown Link="Weapon/MarauderSquad"/>
        </Cost>
        <Effect value="SquadAttack"/>
        <RandomDelayMin value="-0.95"/>
        <RandomDelayMax value="-0.95"/>
        <LegacyOptions index="UseRangeToCenter" value="1"/>
        <LegacyOptions index="CanRetargetWhileChanneling" value="1"/>
        <Options index="OnlyFireWhileInAttackOrder" value="0"/>
        <Options index="OnlyFireAtAttackOrderTarget" value="0"/>
    </CWeaponLegacy>
    <CWeaponLegacy id="FirebatSquad" parent="Firebat">
        <Name value="Weapon/Name/FirebatSquad"/>
        <EditorCategories value=""/>
        <DisplayName value="Weapon/Name/FirebatSquad"/>
        <Marker Link="Weapon/FirebatSquad">
            <MatchFlags index="Id" value="0"/>
        </Marker>
        <Cost>
            <Cooldown Link="Weapon/FirebatSquad"/>
        </Cost>
        <Backswing value="0"/>
        <Effect value="SquadAttack"/>
        <RandomDelayMin value="-0.45"/>
        <RandomDelayMax value="-0.45"/>
        <LegacyOptions index="UseRangeToCenter" value="1"/>
        <LegacyOptions index="CanRetargetWhileChanneling" value="1"/>
    </CWeaponLegacy>
    <CWeaponLegacy id="MarineSquad" parent="GuassRifle">
        <Name value="Weapon/Name/MarineSquad"/>
        <EditorCategories value=""/>
        <DisplayName value="Weapon/Name/MarineSquad"/>
        <Marker Link="Weapon/MarineSquad"/>
        <Cost>
            <Cooldown Link="Weapon/MarineSquad"/>
        </Cost>
        <DamagePoint value="0"/>
        <Backswing value="0"/>
        <Effect value="SquadAttack"/>
        <RandomDelayMin value="-0.85"/>
        <RandomDelayMax value="-0.85"/>
        <LegacyOptions index="UseRangeToCenter" value="1"/>
        <LegacyOptions index="CanRetargetWhileChanneling" value="1"/>
    </CWeaponLegacy>
    <CWeaponLegacy id="NeedleSpines">
        <AttackType value="Normal"/>
        <Icon value="Assets\Textures\talent-tychus-level12-ultimategear1.dds"/>
        <Tip value="Weapon/Tip/Rifle"/>
    </CWeaponLegacy>
    <CWeaponLegacy id="ConcussiveGrenades">
        <EditorCategories value="Race:Terran"/>
        <Icon value="Assets\Textures\btn-upgrade-terran-nova-specialordance.dds"/>
        <DisplayEffect value="ConcussiveGrenadesU"/>
        <TargetFilters value="Ground,Visible;Missile,Stasis,Dead,Hidden,Invulnerable"/>
        <Range value="7"/>
        <Period value="1"/>
        <AttackType value="Magic"/>
        <DamagePoint value="0"/>
        <Backswing value="0"/>
        <Effect value="ConcussiveGrenadesLM"/>
        <Tip value="Weapon/Tip/Cannon"/>
    </CWeaponLegacy>
    <CWeaponLegacy id="HailstormLauncher">
        <EditorCategories value="Race:Terran"/>
        <Tip value="Weapon/Tip/Rocket"/>
        <Options index="Disabled" value="1"/>
        <Options index="Hidden" value="1"/>
        <Options index="OnlyFireWhileInAttackOrder" value="0"/>
        <Options index="OnlyFireAtAttackOrderTarget" value="0"/>
        <Icon value="Assets\Textures\btn-ability-hornerhan-viking-missileupgrade.dds"/>
        <DisplayEffect value="HailstormLauncherU"/>
        <TargetFilters value="Air,Visible;Ground,Missile,Stasis,Dead,Hidden,Invulnerable"/>
        <Range value="6"/>
        <Period value="1.5"/>
        <AttackType value="Siege"/>
        <DamagePoint value="0"/>
        <Backswing value="0"/>
        <Effect value="HailstormLauncherLM"/>
    </CWeaponLegacy>
    <CWeaponLegacy id="PurifierWeapon">
        <Tip value="Weapon/Tip/Rocket"/>
        <AttackType value="Siege"/>
        <Icon value="Assets\Textures\btn-ability-hornerhan-viking-missileupgrade.dds"/>
        <Effect value="PurifierBeamSearch"/>
    </CWeaponLegacy>
    <CWeaponLegacy id="RaynorGaussRifle">
        <AttackType value="Magic"/>
        <Icon value="Assets\Textures\btn-upgrade-terran-nova-specialordance.dds"/>
        <Period value="1"/>
        <Effect value="RailgunLaunch"/>
        <DamagePoint value="0.1"/>
        <Tip value="Weapon/Tip/Cannon"/>
    </CWeaponLegacy>
    <CWeaponLegacy id="ReaperSquad" parent="P38ScytheGuassPistol">
        <Name value="Weapon/Name/ReaperSquad"/>
        <DisplayName value="Weapon/Name/ReaperSquad"/>
        <Marker Link="Weapon/ReaperSquad"/>
        <Cost>
            <Cooldown Link="Weapon/ReaperSquad"/>
        </Cost>
        <Backswing value="0"/>
        <Effect value="ReaperSquadAttack"/>
        <RandomDelayMin value="-0.45"/>
        <RandomDelayMax value="-0.45"/>
        <LegacyOptions index="UseRangeToCenter" value="1"/>
        <LegacyOptions index="CanRetargetWhileChanneling" value="1"/>
    </CWeaponLegacy>
    <CWeaponLegacy id="ReaperSquadCharge" parent="D8Charge">
        <Name value="Weapon/Name/ReaperSquadCharge"/>
        <DisplayName value="Weapon/Name/ReaperSquadCharge"/>
        <MinScanRange value="6"/>
        <Range value="1.5"/>
        <Marker Link="Weapon/ReaperSquadCharge"/>
        <Cost>
            <Cooldown Link="Weapon/ReaperSquadCharge"/>
        </Cost>
        <DamagePoint value="0"/>
        <Backswing value="0"/>
        <Effect value="SquadAttack"/>
        <RandomDelayMin value="-1.75"/>
        <RandomDelayMax value="-1.75"/>
        <LegacyOptions index="UseRangeToCenter" value="1"/>
        <LegacyOptions index="CanRetargetWhileChanneling" value="1"/>
    </CWeaponLegacy>
    <CWeaponLegacy id="RoachMelee">
        <AttackType value="Pierce"/>
        <Icon value="Assets\Textures\btn-upgrade-protoss-fenix-zealotsuit-weapon.dds"/>
        <Tip value="Weapon/Tip/Grenade"/>
    </CWeaponLegacy>
    <CWeaponLegacy id="ScoutAir">
        <AttackType value="Siege"/>
        <Icon value="Assets\Textures\btn-ability-hornerhan-viking-missileupgrade.dds"/>
        <Tip value="Weapon/Tip/Rocket"/>
    </CWeaponLegacy>
    <CWeaponLegacy id="ScoutGround">
        <AttackType value="Normal"/>
        <Icon value="Assets\Textures\talent-tychus-level12-ultimategear1.dds"/>
        <Tip value="Weapon/Tip/Rifle"/>
    </CWeaponLegacy>
    <CWeaponLegacy id="Selendis">
        <Tip value="Weapon/Tip/Cannon"/>
        <Period value="0.125"/>
        <AttackType value="Magic"/>
        <Icon value="Assets\Textures\btn-upgrade-terran-nova-specialordance.dds"/>
    </CWeaponLegacy>
    <CWeaponLegacy id="SelendisInterceptor">
        <Tip value="Weapon/Tip/Cannon"/>
        <AttackType value="Magic"/>
        <Icon value="Assets\Textures\btn-upgrade-terran-nova-specialordance.dds"/>
    </CWeaponLegacy>
    <CWeaponStrafe id="SelendisInterceptorBeam">
        <Tip value="Weapon/Tip/Cannon"/>
        <AttackType value="Magic"/>
        <Icon value="Assets\Textures\btn-upgrade-terran-nova-specialordance.dds"/>
    </CWeaponStrafe>
    <CWeaponLegacy id="ShrikeTurret">
        <DisplayAttackCount value="2"/>
        <AttackType value="Normal"/>
        <Icon value="Assets\Textures\talent-tychus-level12-ultimategear1.dds"/>
        <Effect value="ShrikeTurretCP"/>
        <Tip value="Weapon/Tip/Rifle"/>
    </CWeaponLegacy>
    <CWeaponLegacy id="SiegeBreaker">
        <AttackType value="Magic"/>
        <Icon value="Assets\Textures\btn-upgrade-terran-nova-specialordance.dds"/>
        <Options index="OnlyFireWhileInAttackOrder" value="0"/>
        <Options index="OnlyFireAtAttackOrderTarget" value="0"/>
        <Tip value="Weapon/Tip/Cannon"/>
    </CWeaponLegacy>
    <CWeaponLegacy id="SpartanCompanyA">
        <Tip value="Weapon/Tip/Rocket"/>
        <Range value="9"/>
        <AttackType value="Siege"/>
        <Icon value="Assets\Textures\btn-ability-hornerhan-viking-missileupgrade.dds"/>
        <Options index="OnlyFireWhileInAttackOrder" value="0"/>
        <Options index="OnlyFireAtAttackOrderTarget" value="0"/>
    </CWeaponLegacy>
    <CWeaponLegacy id="SpartanCompanyAUpgraded">
        <Tip value="Weapon/Tip/Rocket"/>
        <Range value="9"/>
        <AttackType value="Siege"/>
        <Icon value="Assets\Textures\btn-ability-hornerhan-viking-missileupgrade.dds"/>
    </CWeaponLegacy>
    <CWeaponLegacy id="SpartanCompanyG">
        <Tip value="Weapon/Tip/Rifle"/>
        <Range value="7"/>
        <AttackType value="Normal"/>
        <Icon value="Assets\Textures\talent-tychus-level12-ultimategear1.dds"/>
        <Options index="OnlyFireWhileInAttackOrder" value="0"/>
        <Options index="OnlyFireAtAttackOrderTarget" value="0"/>
    </CWeaponLegacy>
    <CWeaponLegacy id="SpartanCompanyGUpgraded">
        <Tip value="Weapon/Tip/Rifle"/>
        <Range value="7"/>
        <AttackType value="Normal"/>
        <Icon value="Assets\Textures\talent-tychus-level12-ultimategear1.dds"/>
    </CWeaponLegacy>
    <CWeaponLegacy id="Specter">
        <Tip value="Weapon/Tip/Sniper"/>
        <TargetFilters value="Visible;Structure,Missile,Stasis,Dead,Hidden,Invulnerable"/>
        <Range value="7"/>
        <Period value="0.4"/>
        <AttackType value="Chaos"/>
        <Icon value="Assets\Textures\btn-ability-terran-snipe-color.dds"/>
        <Backswing value="0.125"/>
        <Options index="OnlyFireWhileInAttackOrder" value="0"/>
        <Options index="OnlyFireAtAttackOrderTarget" value="0"/>
        <RandomDelayMin value="0"/>
        <RandomDelayMax value="0"/>
    </CWeaponLegacy>
    <CWeaponLegacy id="StoneZealot">
        <AttackType value="Pierce"/>
        <Icon value="Assets\Textures\btn-upgrade-protoss-fenix-zealotsuit-weapon.dds"/>
        <Tip value="Weapon/Tip/Grenade"/>
    </CWeaponLegacy>
    <CWeaponLegacy id="StoneZealotEyeBlast">
        <AttackType value="Pierce"/>
        <Icon value="Assets\Textures\btn-upgrade-protoss-fenix-zealotsuit-weapon.dds"/>
    </CWeaponLegacy>
    <CWeaponLegacy id="Talons">
        <Tip value="Weapon/Tip/Rocket"/>
        <AttackType value="Siege"/>
        <Icon value="Assets\Textures\btn-ability-hornerhan-viking-missileupgrade.dds"/>
    </CWeaponLegacy>
    <CWeaponLegacy id="TaurenSpaceMarineGaussRifle"/>
    <CWeaponLegacy id="ThermalLances">
        <AttackType value="Pierce"/>
        <Icon value="Assets\Textures\btn-upgrade-protoss-fenix-zealotsuit-weapon.dds"/>
        <Options index="OnlyFireWhileInAttackOrder" value="0"/>
        <Options index="OnlyFireAtAttackOrderTarget" value="0"/>
        <Period value="1.65"/>
        <Tip value="Weapon/Tip/Grenade"/>
    </CWeaponLegacy>
    <CWeaponLegacy id="ThorsHammer">
        <Tip value="Weapon/Tip/Cannon"/>
        <AttackType value="Magic"/>
        <Icon value="Assets\Textures\btn-upgrade-terran-nova-specialordance.dds"/>
        <Period value="1.28"/>
        <Options index="LinkedCooldown" value="0"/>
    </CWeaponLegacy>
    <CWeaponLegacy id="ThrowMolotov">
        <AttackType value="Pierce"/>
        <Icon value="Assets\Textures\btn-upgrade-protoss-fenix-zealotsuit-weapon.dds"/>
    </CWeaponLegacy>
    <CWeaponLegacy id="Tosh">
        <Tip value="Weapon/Tip/Sniper"/>
        <TargetFilters value="Visible;Structure,Missile,Stasis,Dead,Hidden,Invulnerable"/>
        <MinScanRange value="5"/>
        <Range value="7"/>
        <Period value="0.4"/>
        <AttackType value="Chaos"/>
        <Icon value="Assets\Textures\btn-ability-terran-snipe-color.dds"/>
        <Backswing value="0.125"/>
        <Options index="OnlyFireWhileInAttackOrder" value="0"/>
        <Options index="OnlyFireAtAttackOrderTarget" value="0"/>
        <RandomDelayMin value="0"/>
        <RandomDelayMax value="0"/>
    </CWeaponLegacy>
    <CWeaponLegacy id="TwinGatlingCannon">
        <AttackType value="Normal"/>
        <Icon value="Assets\Textures\talent-tychus-level12-ultimategear1.dds"/>
        <Tip value="Weapon/Tip/Rifle"/>
        <Backswing value="0"/>
    </CWeaponLegacy>
    <CWeaponLegacy id="TwinIbiksCannon">
        <Tip value="Weapon/Tip/Rocket"/>
        <AttackType value="Siege"/>
        <Icon value="Assets\Textures\btn-ability-hornerhan-viking-missileupgrade.dds"/>
    </CWeaponLegacy>
    <CWeaponLegacy id="Tychus05HeroMothershipBeam">
        <Tip value="Weapon/Tip/Rocket"/>
        <Icon value="Assets\Textures\btn-ability-hornerhan-viking-missileupgrade.dds"/>
        <AttackType value="Siege"/>
    </CWeaponLegacy>
    <CWeaponLegacy id="TychusChaingun">
        <Tip value="Weapon/Tip/Rifle"/>
        <AttackType value="Normal"/>
        <Icon value="Assets\Textures\talent-tychus-level12-ultimategear1.dds"/>
        <!--         <Effect value="TychusChaingun"/> -->
    </CWeaponLegacy>
    <CWeaponLegacy id="TychusCommandoChaingun">
        <Tip value="Weapon/Tip/Rifle"/>
        <AttackType value="Normal"/>
        <Icon value="Assets\Textures\talent-tychus-level12-ultimategear1.dds"/>
    </CWeaponLegacy>
    <CWeaponLegacy id="UrunEnergyBeam">
        <Tip value="Weapon/Tip/Rocket"/>
        <Options index="OnlyFireWhileInAttackOrder" value="0"/>
        <Options index="OnlyFireAtAttackOrderTarget" value="0"/>
        <AttackType value="Siege"/>
        <Icon value="Assets\Textures\btn-ability-hornerhan-viking-missileupgrade.dds"/>
        <AllowedMovement value="Moving"/>
        <MinScanRange value="5"/>
    </CWeaponLegacy>
    <CWeaponLegacy id="Val03QueenOfBladesPsiBlast">
        <Tip value="Weapon/Tip/Rocket"/>
        <AttackType value="Siege"/>
        <Icon value="Assets\Textures\btn-ability-hornerhan-viking-missileupgrade.dds"/>
    </CWeaponLegacy>
    <CWeaponLegacy id="Val03RazorTalons">
        <Tip value="Weapon/Tip/Grenade"/>
        <AttackType value="Pierce"/>
        <Icon value="Assets\Textures\btn-upgrade-protoss-fenix-zealotsuit-weapon.dds"/>
    </CWeaponLegacy>
    <CWeaponLegacy id="VolatileBurst">
        <AttackType value="Pierce"/>
        <Icon value="Assets\Textures\btn-upgrade-protoss-fenix-zealotsuit-weapon.dds"/>
        <Tip value="Weapon/Tip/Grenade"/>
        <AcquireFilters value="Ground,Visible;Player,Ally,Neutral,Structure,Missile,Stasis,Dead,Hidden,Invulnerable"/>
    </CWeaponLegacy>
    <!--                                                                                         -->
    <!--                                                                                         -->
    <!-- Defaults ~~~~~~~~~~~~~~~~~~~~~~~~~~~~~~~~~~~~~~~~~~~~~~~~~~~~~~~~~~~~~~~~~~~~~~~~~~~~~~ -->
    <!--                                                                                         -->
    <!--                                                                                         -->
    <CWeaponLegacy id="VolatileBurstDummy">
        <AttackType value="Pierce"/>
        <Icon value="Assets\Textures\btn-upgrade-protoss-fenix-zealotsuit-weapon.dds"/>
        <Tip value="Weapon/Tip/Grenade"/>
    </CWeaponLegacy>
    <CWeaponLegacy id="Vulture">
        <Tip value="Weapon/Tip/Rocket"/>
        <AttackType value="Siege"/>
        <Icon value="Assets\Textures\btn-ability-hornerhan-viking-missileupgrade.dds"/>
        <Period value="2.5"/>
        <Effect value="FragmentationGrenadeCP"/>
        <DisplayAttackCount value="2"/>
    </CWeaponLegacy>
    <CWeaponLegacy id="VultureSpiderMines">
        <AttackType value="Siege"/>
        <Icon value="Assets\Textures\btn-ability-hornerhan-viking-missileupgrade.dds"/>
        <Tip value="Weapon/Tip/Rocket"/>
    </CWeaponLegacy>
    <CWeaponLegacy id="WarPigSquad">
        <EditorCategories value=""/>
        <Tip value="Weapon/Tip/Rifle"/>
        <Icon value="Assets\Textures\talent-tychus-level12-ultimategear1.dds"/>
        <DisplayEffect value="KelmorianMinerDamage"/>
        <TargetFilters value="Visible;Missile,Stasis,Dead,Hidden,Invulnerable"/>
        <Period value="0.8608"/>
        <AttackType value="Normal"/>
        <DamagePoint value="0"/>
        <Backswing value="0"/>
        <Effect value="SquadAttack"/>
        <LegacyOptions index="UseRangeToCenter" value="1"/>
        <LegacyOptions index="CanRetargetWhileChanneling" value="1"/>
        <RandomDelayMin value="-0.85"/>
        <RandomDelayMax value="-0.85"/>
        <Options index="OnlyFireWhileInAttackOrder" value="0"/>
        <Options index="OnlyFireAtAttackOrderTarget" value="0"/>
    </CWeaponLegacy>
    <CWeaponLegacy id="WarbotA">
        <Tip value="Weapon/Tip/Rocket"/>
        <AttackType value="Siege"/>
        <Icon value="Assets\Textures\btn-ability-hornerhan-viking-missileupgrade.dds"/>
    </CWeaponLegacy>
    <CWeaponLegacy id="WarbotB">
        <Tip value="Weapon/Tip/Cannon"/>
        <AttackType value="Magic"/>
        <Icon value="Assets\Textures\btn-upgrade-terran-nova-specialordance.dds"/>
    </CWeaponLegacy>
    <CWeaponLegacy id="WarbotC">
        <Tip value="Weapon/Tip/Grenade"/>
        <AttackType value="Pierce"/>
        <Icon value="Assets\Textures\btn-upgrade-protoss-fenix-zealotsuit-weapon.dds"/>
    </CWeaponLegacy>
    <CWeaponLegacy id="WarpBlades">
        <Tip value="Weapon/Tip/Grenade"/>
        <AttackType value="Pierce"/>
        <Icon value="Assets\Textures\btn-upgrade-protoss-fenix-zealotsuit-weapon.dds"/>
    </CWeaponLegacy>
    <CWeaponLegacy id="WraithA">
        <Tip value="Weapon/Tip/Rocket"/>
        <Period value="3.75"/>
        <AttackType value="Siege"/>
        <Icon value="Assets\Textures\btn-ability-hornerhan-viking-missileupgrade.dds"/>
        <Options index="OnlyFireWhileInAttackOrder" value="0"/>
        <Options index="OnlyFireAtAttackOrderTarget" value="0"/>
        <Options index="LinkedCooldown" value="0"/>
        <Arc value="29.9926"/>
        <Backswing value="0"/>
        <LegacyOptions index="NoDeceleration" value="1"/>
    </CWeaponLegacy>
    <CWeaponLegacy id="WraithG">
        <Tip value="Weapon/Tip/Cannon"/>
        <AttackType value="Magic"/>
        <Icon value="Assets\Textures\btn-upgrade-terran-nova-specialordance.dds"/>
        <Period value="3.75"/>
        <Options index="OnlyFireWhileInAttackOrder" value="0"/>
        <Options index="OnlyFireAtAttackOrderTarget" value="0"/>
        <Options index="LinkedCooldown" value="0"/>
        <TargetFilters value="Visible;Missile,Stasis,Dead,Hidden,Invulnerable"/>
        <Backswing value="0"/>
        <LegacyOptions index="NoDeceleration" value="1"/>
    </CWeaponLegacy>
    <CWeaponLegacy id="WreckingCrewAssault">
        <Tip value="Weapon/Tip/Rifle"/>
        <AttackType value="Normal"/>
        <Icon value="Assets\Textures\talent-tychus-level12-ultimategear1.dds"/>
        <Backswing value="0"/>
    </CWeaponLegacy>
    <CWeaponLegacy id="WreckingCrewFighter">
        <Tip value="Weapon/Tip/Rocket"/>
        <AttackType value="Siege"/>
        <Icon value="Assets\Textures\btn-ability-hornerhan-viking-missileupgrade.dds"/>
        <Range value="7"/>
        <Period value="1"/>
    </CWeaponLegacy>
    <CWeaponLegacy id="WreckingCrewFighterGround">
        <EditorCategories value="Race:Terran"/>
        <Tip value="Weapon/Tip/Rocket"/>
        <Options index="Hidden" value="1"/>
        <Icon value="Assets\Textures\btn-ability-hornerhan-viking-missileupgrade.dds"/>
        <DisplayEffect value="WreckingCrewFighterUG"/>
        <DisplayAttackCount value="2"/>
        <TargetFilters value="Ground,Visible;Missile,Stasis,Dead,Hidden,Invulnerable"/>
        <Range value="6"/>
        <MinimumRange value="7"/>
        <Arc value="5.625"/>
        <Period value="1"/>
        <AttackType value="Siege"/>
        <Backswing value="0"/>
        <Effect value="WreckingCrewFighterG"/>
    </CWeaponLegacy>
    <CWeaponLegacy id="Zeratul">
        <Tip value="Weapon/Tip/Grenade"/>
        <Period value="1"/>
        <AttackType value="Pierce"/>
        <Icon value="Assets\Textures\btn-upgrade-protoss-fenix-zealotsuit-weapon.dds"/>
        <Backswing value="0.6"/>
    </CWeaponLegacy>
</Catalog>
