<?xml version="1.0" encoding="utf-8"?>
<terrain version="115">
    <heightMap tileSet="" uvtiling="24.000000 24.000000 0.000000 0.000000 " dim="257 257 " offset="0.000000 0.000000 0.000000 " scale="1.000000e+00 1.000000e+00 1.000000e+00 ">
        <vertData quantizeBias="1.000076e+00" quantizeScale="1.525902e-04" standardHeight="8.000000e+00" name="t3HeightMap"/>
        <masks name="t3TextureMasks"/>
        <textureSetList num="8">
            <textureSet i="0" name=""/>
            <textureSet i="1" name=""/>
            <textureSet i="2" name=""/>
            <textureSet i="3" name=""/>
            <textureSet i="4" name=""/>
            <textureSet i="5" name=""/>
            <textureSet i="6" name=""/>
            <textureSet i="7" name=""/>
        </textureSetList>
        <textureList num="64">
            <texture i="0" name=""/>
            <texture i="1" name=""/>
            <texture i="2" name=""/>
            <texture i="3" name=""/>
            <texture i="4" name=""/>
            <texture i="5" name=""/>
            <texture i="6" name=""/>
            <texture i="7" name=""/>
            <texture i="8" name=""/>
            <texture i="9" name=""/>
            <texture i="10" name=""/>
            <texture i="11" name=""/>
            <texture i="12" name=""/>
            <texture i="13" name=""/>
            <texture i="14" name=""/>
            <texture i="15" name=""/>
            <texture i="16" name=""/>
            <texture i="17" name=""/>
            <texture i="18" name=""/>
            <texture i="19" name=""/>
            <texture i="20" name=""/>
            <texture i="21" name=""/>
            <texture i="22" name=""/>
            <texture i="23" name=""/>
            <texture i="24" name=""/>
            <texture i="25" name=""/>
            <texture i="26" name=""/>
            <texture i="27" name=""/>
            <texture i="28" name=""/>
            <texture i="29" name=""/>
            <texture i="30" name=""/>
            <texture i="31" name=""/>
            <texture i="32" name=""/>
            <texture i="33" name=""/>
            <texture i="34" name=""/>
            <texture i="35" name=""/>
            <texture i="36" name=""/>
            <texture i="37" name=""/>
            <texture i="38" name=""/>
            <texture i="39" name=""/>
            <texture i="40" name=""/>
            <texture i="41" name=""/>
            <texture i="42" name=""/>
            <texture i="43" name=""/>
            <texture i="44" name=""/>
            <texture i="45" name=""/>
            <texture i="46" name=""/>
            <texture i="47" name=""/>
            <texture i="48" name=""/>
            <texture i="49" name=""/>
            <texture i="50" name=""/>
            <texture i="51" name=""/>
            <texture i="52" name=""/>
            <texture i="53" name=""/>
            <texture i="54" name=""/>
            <texture i="55" name=""/>
            <texture i="56" name=""/>
            <texture i="57" name=""/>
            <texture i="58" name=""/>
            <texture i="59" name=""/>
            <texture i="60" name=""/>
            <texture i="61" name=""/>
            <texture i="62" name=""/>
            <texture i="63" name=""/>
        </textureList>
        <blockTextureSetList num="1024">
            <blockTextureSet i="0" tileSet="0"/>
            <blockTextureSet i="1" tileSet="0"/>
            <blockTextureSet i="2" tileSet="0"/>
            <blockTextureSet i="3" tileSet="0"/>
            <blockTextureSet i="4" tileSet="0"/>
            <blockTextureSet i="5" tileSet="0"/>
            <blockTextureSet i="6" tileSet="0"/>
            <blockTextureSet i="7" tileSet="0"/>
            <blockTextureSet i="8" tileSet="0"/>
            <blockTextureSet i="9" tileSet="0"/>
            <blockTextureSet i="10" tileSet="0"/>
            <blockTextureSet i="11" tileSet="0"/>
            <blockTextureSet i="12" tileSet="0"/>
            <blockTextureSet i="13" tileSet="0"/>
            <blockTextureSet i="14" tileSet="0"/>
            <blockTextureSet i="15" tileSet="0"/>
            <blockTextureSet i="16" tileSet="0"/>
            <blockTextureSet i="17" tileSet="0"/>
            <blockTextureSet i="18" tileSet="0"/>
            <blockTextureSet i="19" tileSet="0"/>
            <blockTextureSet i="20" tileSet="0"/>
            <blockTextureSet i="21" tileSet="0"/>
            <blockTextureSet i="22" tileSet="0"/>
            <blockTextureSet i="23" tileSet="0"/>
            <blockTextureSet i="24" tileSet="0"/>
            <blockTextureSet i="25" tileSet="0"/>
            <blockTextureSet i="26" tileSet="0"/>
            <blockTextureSet i="27" tileSet="0"/>
            <blockTextureSet i="28" tileSet="0"/>
            <blockTextureSet i="29" tileSet="0"/>
            <blockTextureSet i="30" tileSet="0"/>
            <blockTextureSet i="31" tileSet="0"/>
            <blockTextureSet i="32" tileSet="0"/>
            <blockTextureSet i="33" tileSet="0"/>
            <blockTextureSet i="34" tileSet="0"/>
            <blockTextureSet i="35" tileSet="0"/>
            <blockTextureSet i="36" tileSet="0"/>
            <blockTextureSet i="37" tileSet="0"/>
            <blockTextureSet i="38" tileSet="0"/>
            <blockTextureSet i="39" tileSet="0"/>
            <blockTextureSet i="40" tileSet="0"/>
            <blockTextureSet i="41" tileSet="0"/>
            <blockTextureSet i="42" tileSet="0"/>
            <blockTextureSet i="43" tileSet="0"/>
            <blockTextureSet i="44" tileSet="0"/>
            <blockTextureSet i="45" tileSet="0"/>
            <blockTextureSet i="46" tileSet="0"/>
            <blockTextureSet i="47" tileSet="0"/>
            <blockTextureSet i="48" tileSet="0"/>
            <blockTextureSet i="49" tileSet="0"/>
            <blockTextureSet i="50" tileSet="0"/>
            <blockTextureSet i="51" tileSet="0"/>
            <blockTextureSet i="52" tileSet="0"/>
            <blockTextureSet i="53" tileSet="0"/>
            <blockTextureSet i="54" tileSet="0"/>
            <blockTextureSet i="55" tileSet="0"/>
            <blockTextureSet i="56" tileSet="0"/>
            <blockTextureSet i="57" tileSet="0"/>
            <blockTextureSet i="58" tileSet="0"/>
            <blockTextureSet i="59" tileSet="0"/>
            <blockTextureSet i="60" tileSet="0"/>
            <blockTextureSet i="61" tileSet="0"/>
            <blockTextureSet i="62" tileSet="0"/>
            <blockTextureSet i="63" tileSet="0"/>
            <blockTextureSet i="64" tileSet="0"/>
            <blockTextureSet i="65" tileSet="0"/>
            <blockTextureSet i="66" tileSet="0"/>
            <blockTextureSet i="67" tileSet="0"/>
            <blockTextureSet i="68" tileSet="0"/>
            <blockTextureSet i="69" tileSet="0"/>
            <blockTextureSet i="70" tileSet="0"/>
            <blockTextureSet i="71" tileSet="0"/>
            <blockTextureSet i="72" tileSet="0"/>
            <blockTextureSet i="73" tileSet="0"/>
            <blockTextureSet i="74" tileSet="0"/>
            <blockTextureSet i="75" tileSet="0"/>
            <blockTextureSet i="76" tileSet="0"/>
            <blockTextureSet i="77" tileSet="0"/>
            <blockTextureSet i="78" tileSet="0"/>
            <blockTextureSet i="79" tileSet="0"/>
            <blockTextureSet i="80" tileSet="0"/>
            <blockTextureSet i="81" tileSet="0"/>
            <blockTextureSet i="82" tileSet="0"/>
            <blockTextureSet i="83" tileSet="0"/>
            <blockTextureSet i="84" tileSet="0"/>
            <blockTextureSet i="85" tileSet="0"/>
            <blockTextureSet i="86" tileSet="0"/>
            <blockTextureSet i="87" tileSet="0"/>
            <blockTextureSet i="88" tileSet="0"/>
            <blockTextureSet i="89" tileSet="0"/>
            <blockTextureSet i="90" tileSet="0"/>
            <blockTextureSet i="91" tileSet="0"/>
            <blockTextureSet i="92" tileSet="0"/>
            <blockTextureSet i="93" tileSet="0"/>
            <blockTextureSet i="94" tileSet="0"/>
            <blockTextureSet i="95" tileSet="0"/>
            <blockTextureSet i="96" tileSet="0"/>
            <blockTextureSet i="97" tileSet="0"/>
            <blockTextureSet i="98" tileSet="0"/>
            <blockTextureSet i="99" tileSet="0"/>
            <blockTextureSet i="100" tileSet="0"/>
            <blockTextureSet i="101" tileSet="0"/>
            <blockTextureSet i="102" tileSet="0"/>
            <blockTextureSet i="103" tileSet="0"/>
            <blockTextureSet i="104" tileSet="0"/>
            <blockTextureSet i="105" tileSet="0"/>
            <blockTextureSet i="106" tileSet="0"/>
            <blockTextureSet i="107" tileSet="0"/>
            <blockTextureSet i="108" tileSet="0"/>
            <blockTextureSet i="109" tileSet="0"/>
            <blockTextureSet i="110" tileSet="0"/>
            <blockTextureSet i="111" tileSet="0"/>
            <blockTextureSet i="112" tileSet="0"/>
            <blockTextureSet i="113" tileSet="0"/>
            <blockTextureSet i="114" tileSet="0"/>
            <blockTextureSet i="115" tileSet="0"/>
            <blockTextureSet i="116" tileSet="0"/>
            <blockTextureSet i="117" tileSet="0"/>
            <blockTextureSet i="118" tileSet="0"/>
            <blockTextureSet i="119" tileSet="0"/>
            <blockTextureSet i="120" tileSet="0"/>
            <blockTextureSet i="121" tileSet="0"/>
            <blockTextureSet i="122" tileSet="0"/>
            <blockTextureSet i="123" tileSet="0"/>
            <blockTextureSet i="124" tileSet="0"/>
            <blockTextureSet i="125" tileSet="0"/>
            <blockTextureSet i="126" tileSet="0"/>
            <blockTextureSet i="127" tileSet="0"/>
            <blockTextureSet i="128" tileSet="0"/>
            <blockTextureSet i="129" tileSet="0"/>
            <blockTextureSet i="130" tileSet="0"/>
            <blockTextureSet i="131" tileSet="0"/>
            <blockTextureSet i="132" tileSet="0"/>
            <blockTextureSet i="133" tileSet="0"/>
            <blockTextureSet i="134" tileSet="0"/>
            <blockTextureSet i="135" tileSet="0"/>
            <blockTextureSet i="136" tileSet="0"/>
            <blockTextureSet i="137" tileSet="0"/>
            <blockTextureSet i="138" tileSet="0"/>
            <blockTextureSet i="139" tileSet="0"/>
            <blockTextureSet i="140" tileSet="0"/>
            <blockTextureSet i="141" tileSet="0"/>
            <blockTextureSet i="142" tileSet="0"/>
            <blockTextureSet i="143" tileSet="0"/>
            <blockTextureSet i="144" tileSet="0"/>
            <blockTextureSet i="145" tileSet="0"/>
            <blockTextureSet i="146" tileSet="0"/>
            <blockTextureSet i="147" tileSet="0"/>
            <blockTextureSet i="148" tileSet="0"/>
            <blockTextureSet i="149" tileSet="0"/>
            <blockTextureSet i="150" tileSet="0"/>
            <blockTextureSet i="151" tileSet="0"/>
            <blockTextureSet i="152" tileSet="0"/>
            <blockTextureSet i="153" tileSet="0"/>
            <blockTextureSet i="154" tileSet="0"/>
            <blockTextureSet i="155" tileSet="0"/>
            <blockTextureSet i="156" tileSet="0"/>
            <blockTextureSet i="157" tileSet="0"/>
            <blockTextureSet i="158" tileSet="0"/>
            <blockTextureSet i="159" tileSet="0"/>
            <blockTextureSet i="160" tileSet="0"/>
            <blockTextureSet i="161" tileSet="0"/>
            <blockTextureSet i="162" tileSet="0"/>
            <blockTextureSet i="163" tileSet="0"/>
            <blockTextureSet i="164" tileSet="0"/>
            <blockTextureSet i="165" tileSet="0"/>
            <blockTextureSet i="166" tileSet="0"/>
            <blockTextureSet i="167" tileSet="0"/>
            <blockTextureSet i="168" tileSet="0"/>
            <blockTextureSet i="169" tileSet="0"/>
            <blockTextureSet i="170" tileSet="0"/>
            <blockTextureSet i="171" tileSet="0"/>
            <blockTextureSet i="172" tileSet="0"/>
            <blockTextureSet i="173" tileSet="0"/>
            <blockTextureSet i="174" tileSet="0"/>
            <blockTextureSet i="175" tileSet="0"/>
            <blockTextureSet i="176" tileSet="0"/>
            <blockTextureSet i="177" tileSet="0"/>
            <blockTextureSet i="178" tileSet="0"/>
            <blockTextureSet i="179" tileSet="0"/>
            <blockTextureSet i="180" tileSet="0"/>
            <blockTextureSet i="181" tileSet="0"/>
            <blockTextureSet i="182" tileSet="0"/>
            <blockTextureSet i="183" tileSet="0"/>
            <blockTextureSet i="184" tileSet="0"/>
            <blockTextureSet i="185" tileSet="0"/>
            <blockTextureSet i="186" tileSet="0"/>
            <blockTextureSet i="187" tileSet="0"/>
            <blockTextureSet i="188" tileSet="0"/>
            <blockTextureSet i="189" tileSet="0"/>
            <blockTextureSet i="190" tileSet="0"/>
            <blockTextureSet i="191" tileSet="0"/>
            <blockTextureSet i="192" tileSet="0"/>
            <blockTextureSet i="193" tileSet="0"/>
            <blockTextureSet i="194" tileSet="0"/>
            <blockTextureSet i="195" tileSet="0"/>
            <blockTextureSet i="196" tileSet="0"/>
            <blockTextureSet i="197" tileSet="0"/>
            <blockTextureSet i="198" tileSet="0"/>
            <blockTextureSet i="199" tileSet="0"/>
            <blockTextureSet i="200" tileSet="0"/>
            <blockTextureSet i="201" tileSet="0"/>
            <blockTextureSet i="202" tileSet="0"/>
            <blockTextureSet i="203" tileSet="0"/>
            <blockTextureSet i="204" tileSet="0"/>
            <blockTextureSet i="205" tileSet="0"/>
            <blockTextureSet i="206" tileSet="0"/>
            <blockTextureSet i="207" tileSet="0"/>
            <blockTextureSet i="208" tileSet="0"/>
            <blockTextureSet i="209" tileSet="0"/>
            <blockTextureSet i="210" tileSet="0"/>
            <blockTextureSet i="211" tileSet="0"/>
            <blockTextureSet i="212" tileSet="0"/>
            <blockTextureSet i="213" tileSet="0"/>
            <blockTextureSet i="214" tileSet="0"/>
            <blockTextureSet i="215" tileSet="0"/>
            <blockTextureSet i="216" tileSet="0"/>
            <blockTextureSet i="217" tileSet="0"/>
            <blockTextureSet i="218" tileSet="0"/>
            <blockTextureSet i="219" tileSet="0"/>
            <blockTextureSet i="220" tileSet="0"/>
            <blockTextureSet i="221" tileSet="0"/>
            <blockTextureSet i="222" tileSet="0"/>
            <blockTextureSet i="223" tileSet="0"/>
            <blockTextureSet i="224" tileSet="0"/>
            <blockTextureSet i="225" tileSet="0"/>
            <blockTextureSet i="226" tileSet="0"/>
            <blockTextureSet i="227" tileSet="0"/>
            <blockTextureSet i="228" tileSet="0"/>
            <blockTextureSet i="229" tileSet="0"/>
            <blockTextureSet i="230" tileSet="0"/>
            <blockTextureSet i="231" tileSet="0"/>
            <blockTextureSet i="232" tileSet="0"/>
            <blockTextureSet i="233" tileSet="0"/>
            <blockTextureSet i="234" tileSet="0"/>
            <blockTextureSet i="235" tileSet="0"/>
            <blockTextureSet i="236" tileSet="0"/>
            <blockTextureSet i="237" tileSet="0"/>
            <blockTextureSet i="238" tileSet="0"/>
            <blockTextureSet i="239" tileSet="0"/>
            <blockTextureSet i="240" tileSet="0"/>
            <blockTextureSet i="241" tileSet="0"/>
            <blockTextureSet i="242" tileSet="0"/>
            <blockTextureSet i="243" tileSet="0"/>
            <blockTextureSet i="244" tileSet="0"/>
            <blockTextureSet i="245" tileSet="0"/>
            <blockTextureSet i="246" tileSet="0"/>
            <blockTextureSet i="247" tileSet="0"/>
            <blockTextureSet i="248" tileSet="0"/>
            <blockTextureSet i="249" tileSet="0"/>
            <blockTextureSet i="250" tileSet="0"/>
            <blockTextureSet i="251" tileSet="0"/>
            <blockTextureSet i="252" tileSet="0"/>
            <blockTextureSet i="253" tileSet="0"/>
            <blockTextureSet i="254" tileSet="0"/>
            <blockTextureSet i="255" tileSet="0"/>
            <blockTextureSet i="256" tileSet="0"/>
            <blockTextureSet i="257" tileSet="0"/>
            <blockTextureSet i="258" tileSet="0"/>
            <blockTextureSet i="259" tileSet="0"/>
            <blockTextureSet i="260" tileSet="0"/>
            <blockTextureSet i="261" tileSet="0"/>
            <blockTextureSet i="262" tileSet="0"/>
            <blockTextureSet i="263" tileSet="0"/>
            <blockTextureSet i="264" tileSet="0"/>
            <blockTextureSet i="265" tileSet="0"/>
            <blockTextureSet i="266" tileSet="0"/>
            <blockTextureSet i="267" tileSet="0"/>
            <blockTextureSet i="268" tileSet="0"/>
            <blockTextureSet i="269" tileSet="0"/>
            <blockTextureSet i="270" tileSet="0"/>
            <blockTextureSet i="271" tileSet="0"/>
            <blockTextureSet i="272" tileSet="0"/>
            <blockTextureSet i="273" tileSet="0"/>
            <blockTextureSet i="274" tileSet="0"/>
            <blockTextureSet i="275" tileSet="0"/>
            <blockTextureSet i="276" tileSet="0"/>
            <blockTextureSet i="277" tileSet="0"/>
            <blockTextureSet i="278" tileSet="0"/>
            <blockTextureSet i="279" tileSet="0"/>
            <blockTextureSet i="280" tileSet="0"/>
            <blockTextureSet i="281" tileSet="0"/>
            <blockTextureSet i="282" tileSet="0"/>
            <blockTextureSet i="283" tileSet="0"/>
            <blockTextureSet i="284" tileSet="0"/>
            <blockTextureSet i="285" tileSet="0"/>
            <blockTextureSet i="286" tileSet="0"/>
            <blockTextureSet i="287" tileSet="0"/>
            <blockTextureSet i="288" tileSet="0"/>
            <blockTextureSet i="289" tileSet="0"/>
            <blockTextureSet i="290" tileSet="0"/>
            <blockTextureSet i="291" tileSet="0"/>
            <blockTextureSet i="292" tileSet="0"/>
            <blockTextureSet i="293" tileSet="0"/>
            <blockTextureSet i="294" tileSet="0"/>
            <blockTextureSet i="295" tileSet="0"/>
            <blockTextureSet i="296" tileSet="0"/>
            <blockTextureSet i="297" tileSet="0"/>
            <blockTextureSet i="298" tileSet="0"/>
            <blockTextureSet i="299" tileSet="0"/>
            <blockTextureSet i="300" tileSet="0"/>
            <blockTextureSet i="301" tileSet="0"/>
            <blockTextureSet i="302" tileSet="0"/>
            <blockTextureSet i="303" tileSet="0"/>
            <blockTextureSet i="304" tileSet="0"/>
            <blockTextureSet i="305" tileSet="0"/>
            <blockTextureSet i="306" tileSet="0"/>
            <blockTextureSet i="307" tileSet="0"/>
            <blockTextureSet i="308" tileSet="0"/>
            <blockTextureSet i="309" tileSet="0"/>
            <blockTextureSet i="310" tileSet="0"/>
            <blockTextureSet i="311" tileSet="0"/>
            <blockTextureSet i="312" tileSet="0"/>
            <blockTextureSet i="313" tileSet="0"/>
            <blockTextureSet i="314" tileSet="0"/>
            <blockTextureSet i="315" tileSet="0"/>
            <blockTextureSet i="316" tileSet="0"/>
            <blockTextureSet i="317" tileSet="0"/>
            <blockTextureSet i="318" tileSet="0"/>
            <blockTextureSet i="319" tileSet="0"/>
            <blockTextureSet i="320" tileSet="0"/>
            <blockTextureSet i="321" tileSet="0"/>
            <blockTextureSet i="322" tileSet="0"/>
            <blockTextureSet i="323" tileSet="0"/>
            <blockTextureSet i="324" tileSet="0"/>
            <blockTextureSet i="325" tileSet="0"/>
            <blockTextureSet i="326" tileSet="0"/>
            <blockTextureSet i="327" tileSet="0"/>
            <blockTextureSet i="328" tileSet="0"/>
            <blockTextureSet i="329" tileSet="0"/>
            <blockTextureSet i="330" tileSet="0"/>
            <blockTextureSet i="331" tileSet="0"/>
            <blockTextureSet i="332" tileSet="0"/>
            <blockTextureSet i="333" tileSet="0"/>
            <blockTextureSet i="334" tileSet="0"/>
            <blockTextureSet i="335" tileSet="0"/>
            <blockTextureSet i="336" tileSet="0"/>
            <blockTextureSet i="337" tileSet="0"/>
            <blockTextureSet i="338" tileSet="0"/>
            <blockTextureSet i="339" tileSet="0"/>
            <blockTextureSet i="340" tileSet="0"/>
            <blockTextureSet i="341" tileSet="0"/>
            <blockTextureSet i="342" tileSet="0"/>
            <blockTextureSet i="343" tileSet="0"/>
            <blockTextureSet i="344" tileSet="0"/>
            <blockTextureSet i="345" tileSet="0"/>
            <blockTextureSet i="346" tileSet="0"/>
            <blockTextureSet i="347" tileSet="0"/>
            <blockTextureSet i="348" tileSet="0"/>
            <blockTextureSet i="349" tileSet="0"/>
            <blockTextureSet i="350" tileSet="0"/>
            <blockTextureSet i="351" tileSet="0"/>
            <blockTextureSet i="352" tileSet="0"/>
            <blockTextureSet i="353" tileSet="0"/>
            <blockTextureSet i="354" tileSet="0"/>
            <blockTextureSet i="355" tileSet="0"/>
            <blockTextureSet i="356" tileSet="0"/>
            <blockTextureSet i="357" tileSet="0"/>
            <blockTextureSet i="358" tileSet="0"/>
            <blockTextureSet i="359" tileSet="0"/>
            <blockTextureSet i="360" tileSet="0"/>
            <blockTextureSet i="361" tileSet="0"/>
            <blockTextureSet i="362" tileSet="0"/>
            <blockTextureSet i="363" tileSet="0"/>
            <blockTextureSet i="364" tileSet="0"/>
            <blockTextureSet i="365" tileSet="0"/>
            <blockTextureSet i="366" tileSet="0"/>
            <blockTextureSet i="367" tileSet="0"/>
            <blockTextureSet i="368" tileSet="0"/>
            <blockTextureSet i="369" tileSet="0"/>
            <blockTextureSet i="370" tileSet="0"/>
            <blockTextureSet i="371" tileSet="0"/>
            <blockTextureSet i="372" tileSet="0"/>
            <blockTextureSet i="373" tileSet="0"/>
            <blockTextureSet i="374" tileSet="0"/>
            <blockTextureSet i="375" tileSet="0"/>
            <blockTextureSet i="376" tileSet="0"/>
            <blockTextureSet i="377" tileSet="0"/>
            <blockTextureSet i="378" tileSet="0"/>
            <blockTextureSet i="379" tileSet="0"/>
            <blockTextureSet i="380" tileSet="0"/>
            <blockTextureSet i="381" tileSet="0"/>
            <blockTextureSet i="382" tileSet="0"/>
            <blockTextureSet i="383" tileSet="0"/>
            <blockTextureSet i="384" tileSet="0"/>
            <blockTextureSet i="385" tileSet="0"/>
            <blockTextureSet i="386" tileSet="0"/>
            <blockTextureSet i="387" tileSet="0"/>
            <blockTextureSet i="388" tileSet="0"/>
            <blockTextureSet i="389" tileSet="0"/>
            <blockTextureSet i="390" tileSet="0"/>
            <blockTextureSet i="391" tileSet="0"/>
            <blockTextureSet i="392" tileSet="0"/>
            <blockTextureSet i="393" tileSet="0"/>
            <blockTextureSet i="394" tileSet="0"/>
            <blockTextureSet i="395" tileSet="0"/>
            <blockTextureSet i="396" tileSet="0"/>
            <blockTextureSet i="397" tileSet="0"/>
            <blockTextureSet i="398" tileSet="0"/>
            <blockTextureSet i="399" tileSet="0"/>
            <blockTextureSet i="400" tileSet="0"/>
            <blockTextureSet i="401" tileSet="0"/>
            <blockTextureSet i="402" tileSet="0"/>
            <blockTextureSet i="403" tileSet="0"/>
            <blockTextureSet i="404" tileSet="0"/>
            <blockTextureSet i="405" tileSet="0"/>
            <blockTextureSet i="406" tileSet="0"/>
            <blockTextureSet i="407" tileSet="0"/>
            <blockTextureSet i="408" tileSet="0"/>
            <blockTextureSet i="409" tileSet="0"/>
            <blockTextureSet i="410" tileSet="0"/>
            <blockTextureSet i="411" tileSet="0"/>
            <blockTextureSet i="412" tileSet="0"/>
            <blockTextureSet i="413" tileSet="0"/>
            <blockTextureSet i="414" tileSet="0"/>
            <blockTextureSet i="415" tileSet="0"/>
            <blockTextureSet i="416" tileSet="0"/>
            <blockTextureSet i="417" tileSet="0"/>
            <blockTextureSet i="418" tileSet="0"/>
            <blockTextureSet i="419" tileSet="0"/>
            <blockTextureSet i="420" tileSet="0"/>
            <blockTextureSet i="421" tileSet="0"/>
            <blockTextureSet i="422" tileSet="0"/>
            <blockTextureSet i="423" tileSet="0"/>
            <blockTextureSet i="424" tileSet="0"/>
            <blockTextureSet i="425" tileSet="0"/>
            <blockTextureSet i="426" tileSet="0"/>
            <blockTextureSet i="427" tileSet="0"/>
            <blockTextureSet i="428" tileSet="0"/>
            <blockTextureSet i="429" tileSet="0"/>
            <blockTextureSet i="430" tileSet="0"/>
            <blockTextureSet i="431" tileSet="0"/>
            <blockTextureSet i="432" tileSet="0"/>
            <blockTextureSet i="433" tileSet="0"/>
            <blockTextureSet i="434" tileSet="0"/>
            <blockTextureSet i="435" tileSet="0"/>
            <blockTextureSet i="436" tileSet="0"/>
            <blockTextureSet i="437" tileSet="0"/>
            <blockTextureSet i="438" tileSet="0"/>
            <blockTextureSet i="439" tileSet="0"/>
            <blockTextureSet i="440" tileSet="0"/>
            <blockTextureSet i="441" tileSet="0"/>
            <blockTextureSet i="442" tileSet="0"/>
            <blockTextureSet i="443" tileSet="0"/>
            <blockTextureSet i="444" tileSet="0"/>
            <blockTextureSet i="445" tileSet="0"/>
            <blockTextureSet i="446" tileSet="0"/>
            <blockTextureSet i="447" tileSet="0"/>
            <blockTextureSet i="448" tileSet="0"/>
            <blockTextureSet i="449" tileSet="0"/>
            <blockTextureSet i="450" tileSet="0"/>
            <blockTextureSet i="451" tileSet="0"/>
            <blockTextureSet i="452" tileSet="0"/>
            <blockTextureSet i="453" tileSet="0"/>
            <blockTextureSet i="454" tileSet="0"/>
            <blockTextureSet i="455" tileSet="0"/>
            <blockTextureSet i="456" tileSet="0"/>
            <blockTextureSet i="457" tileSet="0"/>
            <blockTextureSet i="458" tileSet="0"/>
            <blockTextureSet i="459" tileSet="0"/>
            <blockTextureSet i="460" tileSet="0"/>
            <blockTextureSet i="461" tileSet="0"/>
            <blockTextureSet i="462" tileSet="0"/>
            <blockTextureSet i="463" tileSet="0"/>
            <blockTextureSet i="464" tileSet="0"/>
            <blockTextureSet i="465" tileSet="0"/>
            <blockTextureSet i="466" tileSet="0"/>
            <blockTextureSet i="467" tileSet="0"/>
            <blockTextureSet i="468" tileSet="0"/>
            <blockTextureSet i="469" tileSet="0"/>
            <blockTextureSet i="470" tileSet="0"/>
            <blockTextureSet i="471" tileSet="0"/>
            <blockTextureSet i="472" tileSet="0"/>
            <blockTextureSet i="473" tileSet="0"/>
            <blockTextureSet i="474" tileSet="0"/>
            <blockTextureSet i="475" tileSet="0"/>
            <blockTextureSet i="476" tileSet="0"/>
            <blockTextureSet i="477" tileSet="0"/>
            <blockTextureSet i="478" tileSet="0"/>
            <blockTextureSet i="479" tileSet="0"/>
            <blockTextureSet i="480" tileSet="0"/>
            <blockTextureSet i="481" tileSet="0"/>
            <blockTextureSet i="482" tileSet="0"/>
            <blockTextureSet i="483" tileSet="0"/>
            <blockTextureSet i="484" tileSet="0"/>
            <blockTextureSet i="485" tileSet="0"/>
            <blockTextureSet i="486" tileSet="0"/>
            <blockTextureSet i="487" tileSet="0"/>
            <blockTextureSet i="488" tileSet="0"/>
            <blockTextureSet i="489" tileSet="0"/>
            <blockTextureSet i="490" tileSet="0"/>
            <blockTextureSet i="491" tileSet="0"/>
            <blockTextureSet i="492" tileSet="0"/>
            <blockTextureSet i="493" tileSet="0"/>
            <blockTextureSet i="494" tileSet="0"/>
            <blockTextureSet i="495" tileSet="0"/>
            <blockTextureSet i="496" tileSet="0"/>
            <blockTextureSet i="497" tileSet="0"/>
            <blockTextureSet i="498" tileSet="0"/>
            <blockTextureSet i="499" tileSet="0"/>
            <blockTextureSet i="500" tileSet="0"/>
            <blockTextureSet i="501" tileSet="0"/>
            <blockTextureSet i="502" tileSet="0"/>
            <blockTextureSet i="503" tileSet="0"/>
            <blockTextureSet i="504" tileSet="0"/>
            <blockTextureSet i="505" tileSet="0"/>
            <blockTextureSet i="506" tileSet="0"/>
            <blockTextureSet i="507" tileSet="0"/>
            <blockTextureSet i="508" tileSet="0"/>
            <blockTextureSet i="509" tileSet="0"/>
            <blockTextureSet i="510" tileSet="0"/>
            <blockTextureSet i="511" tileSet="0"/>
            <blockTextureSet i="512" tileSet="0"/>
            <blockTextureSet i="513" tileSet="0"/>
            <blockTextureSet i="514" tileSet="0"/>
            <blockTextureSet i="515" tileSet="0"/>
            <blockTextureSet i="516" tileSet="0"/>
            <blockTextureSet i="517" tileSet="0"/>
            <blockTextureSet i="518" tileSet="0"/>
            <blockTextureSet i="519" tileSet="0"/>
            <blockTextureSet i="520" tileSet="0"/>
            <blockTextureSet i="521" tileSet="0"/>
            <blockTextureSet i="522" tileSet="0"/>
            <blockTextureSet i="523" tileSet="0"/>
            <blockTextureSet i="524" tileSet="0"/>
            <blockTextureSet i="525" tileSet="0"/>
            <blockTextureSet i="526" tileSet="0"/>
            <blockTextureSet i="527" tileSet="0"/>
            <blockTextureSet i="528" tileSet="0"/>
            <blockTextureSet i="529" tileSet="0"/>
            <blockTextureSet i="530" tileSet="0"/>
            <blockTextureSet i="531" tileSet="0"/>
            <blockTextureSet i="532" tileSet="0"/>
            <blockTextureSet i="533" tileSet="0"/>
            <blockTextureSet i="534" tileSet="0"/>
            <blockTextureSet i="535" tileSet="0"/>
            <blockTextureSet i="536" tileSet="0"/>
            <blockTextureSet i="537" tileSet="0"/>
            <blockTextureSet i="538" tileSet="0"/>
            <blockTextureSet i="539" tileSet="0"/>
            <blockTextureSet i="540" tileSet="0"/>
            <blockTextureSet i="541" tileSet="0"/>
            <blockTextureSet i="542" tileSet="0"/>
            <blockTextureSet i="543" tileSet="0"/>
            <blockTextureSet i="544" tileSet="0"/>
            <blockTextureSet i="545" tileSet="0"/>
            <blockTextureSet i="546" tileSet="0"/>
            <blockTextureSet i="547" tileSet="0"/>
            <blockTextureSet i="548" tileSet="0"/>
            <blockTextureSet i="549" tileSet="0"/>
            <blockTextureSet i="550" tileSet="0"/>
            <blockTextureSet i="551" tileSet="0"/>
            <blockTextureSet i="552" tileSet="0"/>
            <blockTextureSet i="553" tileSet="0"/>
            <blockTextureSet i="554" tileSet="0"/>
            <blockTextureSet i="555" tileSet="0"/>
            <blockTextureSet i="556" tileSet="0"/>
            <blockTextureSet i="557" tileSet="0"/>
            <blockTextureSet i="558" tileSet="0"/>
            <blockTextureSet i="559" tileSet="0"/>
            <blockTextureSet i="560" tileSet="0"/>
            <blockTextureSet i="561" tileSet="0"/>
            <blockTextureSet i="562" tileSet="0"/>
            <blockTextureSet i="563" tileSet="0"/>
            <blockTextureSet i="564" tileSet="0"/>
            <blockTextureSet i="565" tileSet="0"/>
            <blockTextureSet i="566" tileSet="0"/>
            <blockTextureSet i="567" tileSet="0"/>
            <blockTextureSet i="568" tileSet="0"/>
            <blockTextureSet i="569" tileSet="0"/>
            <blockTextureSet i="570" tileSet="0"/>
            <blockTextureSet i="571" tileSet="0"/>
            <blockTextureSet i="572" tileSet="0"/>
            <blockTextureSet i="573" tileSet="0"/>
            <blockTextureSet i="574" tileSet="0"/>
            <blockTextureSet i="575" tileSet="0"/>
            <blockTextureSet i="576" tileSet="0"/>
            <blockTextureSet i="577" tileSet="0"/>
            <blockTextureSet i="578" tileSet="0"/>
            <blockTextureSet i="579" tileSet="0"/>
            <blockTextureSet i="580" tileSet="0"/>
            <blockTextureSet i="581" tileSet="0"/>
            <blockTextureSet i="582" tileSet="0"/>
            <blockTextureSet i="583" tileSet="0"/>
            <blockTextureSet i="584" tileSet="0"/>
            <blockTextureSet i="585" tileSet="0"/>
            <blockTextureSet i="586" tileSet="0"/>
            <blockTextureSet i="587" tileSet="0"/>
            <blockTextureSet i="588" tileSet="0"/>
            <blockTextureSet i="589" tileSet="0"/>
            <blockTextureSet i="590" tileSet="0"/>
            <blockTextureSet i="591" tileSet="0"/>
            <blockTextureSet i="592" tileSet="0"/>
            <blockTextureSet i="593" tileSet="0"/>
            <blockTextureSet i="594" tileSet="0"/>
            <blockTextureSet i="595" tileSet="0"/>
            <blockTextureSet i="596" tileSet="0"/>
            <blockTextureSet i="597" tileSet="0"/>
            <blockTextureSet i="598" tileSet="0"/>
            <blockTextureSet i="599" tileSet="0"/>
            <blockTextureSet i="600" tileSet="0"/>
            <blockTextureSet i="601" tileSet="0"/>
            <blockTextureSet i="602" tileSet="0"/>
            <blockTextureSet i="603" tileSet="0"/>
            <blockTextureSet i="604" tileSet="0"/>
            <blockTextureSet i="605" tileSet="0"/>
            <blockTextureSet i="606" tileSet="0"/>
            <blockTextureSet i="607" tileSet="0"/>
            <blockTextureSet i="608" tileSet="0"/>
            <blockTextureSet i="609" tileSet="0"/>
            <blockTextureSet i="610" tileSet="0"/>
            <blockTextureSet i="611" tileSet="0"/>
            <blockTextureSet i="612" tileSet="0"/>
            <blockTextureSet i="613" tileSet="0"/>
            <blockTextureSet i="614" tileSet="0"/>
            <blockTextureSet i="615" tileSet="0"/>
            <blockTextureSet i="616" tileSet="0"/>
            <blockTextureSet i="617" tileSet="0"/>
            <blockTextureSet i="618" tileSet="0"/>
            <blockTextureSet i="619" tileSet="0"/>
            <blockTextureSet i="620" tileSet="0"/>
            <blockTextureSet i="621" tileSet="0"/>
            <blockTextureSet i="622" tileSet="0"/>
            <blockTextureSet i="623" tileSet="0"/>
            <blockTextureSet i="624" tileSet="0"/>
            <blockTextureSet i="625" tileSet="0"/>
            <blockTextureSet i="626" tileSet="0"/>
            <blockTextureSet i="627" tileSet="0"/>
            <blockTextureSet i="628" tileSet="0"/>
            <blockTextureSet i="629" tileSet="0"/>
            <blockTextureSet i="630" tileSet="0"/>
            <blockTextureSet i="631" tileSet="0"/>
            <blockTextureSet i="632" tileSet="0"/>
            <blockTextureSet i="633" tileSet="0"/>
            <blockTextureSet i="634" tileSet="0"/>
            <blockTextureSet i="635" tileSet="0"/>
            <blockTextureSet i="636" tileSet="0"/>
            <blockTextureSet i="637" tileSet="0"/>
            <blockTextureSet i="638" tileSet="0"/>
            <blockTextureSet i="639" tileSet="0"/>
            <blockTextureSet i="640" tileSet="0"/>
            <blockTextureSet i="641" tileSet="0"/>
            <blockTextureSet i="642" tileSet="0"/>
            <blockTextureSet i="643" tileSet="0"/>
            <blockTextureSet i="644" tileSet="0"/>
            <blockTextureSet i="645" tileSet="0"/>
            <blockTextureSet i="646" tileSet="0"/>
            <blockTextureSet i="647" tileSet="0"/>
            <blockTextureSet i="648" tileSet="0"/>
            <blockTextureSet i="649" tileSet="0"/>
            <blockTextureSet i="650" tileSet="0"/>
            <blockTextureSet i="651" tileSet="0"/>
            <blockTextureSet i="652" tileSet="0"/>
            <blockTextureSet i="653" tileSet="0"/>
            <blockTextureSet i="654" tileSet="0"/>
            <blockTextureSet i="655" tileSet="0"/>
            <blockTextureSet i="656" tileSet="0"/>
            <blockTextureSet i="657" tileSet="0"/>
            <blockTextureSet i="658" tileSet="0"/>
            <blockTextureSet i="659" tileSet="0"/>
            <blockTextureSet i="660" tileSet="0"/>
            <blockTextureSet i="661" tileSet="0"/>
            <blockTextureSet i="662" tileSet="0"/>
            <blockTextureSet i="663" tileSet="0"/>
            <blockTextureSet i="664" tileSet="0"/>
            <blockTextureSet i="665" tileSet="0"/>
            <blockTextureSet i="666" tileSet="0"/>
            <blockTextureSet i="667" tileSet="0"/>
            <blockTextureSet i="668" tileSet="0"/>
            <blockTextureSet i="669" tileSet="0"/>
            <blockTextureSet i="670" tileSet="0"/>
            <blockTextureSet i="671" tileSet="0"/>
            <blockTextureSet i="672" tileSet="0"/>
            <blockTextureSet i="673" tileSet="0"/>
            <blockTextureSet i="674" tileSet="0"/>
            <blockTextureSet i="675" tileSet="0"/>
            <blockTextureSet i="676" tileSet="0"/>
            <blockTextureSet i="677" tileSet="0"/>
            <blockTextureSet i="678" tileSet="0"/>
            <blockTextureSet i="679" tileSet="0"/>
            <blockTextureSet i="680" tileSet="0"/>
            <blockTextureSet i="681" tileSet="0"/>
            <blockTextureSet i="682" tileSet="0"/>
            <blockTextureSet i="683" tileSet="0"/>
            <blockTextureSet i="684" tileSet="0"/>
            <blockTextureSet i="685" tileSet="0"/>
            <blockTextureSet i="686" tileSet="0"/>
            <blockTextureSet i="687" tileSet="0"/>
            <blockTextureSet i="688" tileSet="0"/>
            <blockTextureSet i="689" tileSet="0"/>
            <blockTextureSet i="690" tileSet="0"/>
            <blockTextureSet i="691" tileSet="0"/>
            <blockTextureSet i="692" tileSet="0"/>
            <blockTextureSet i="693" tileSet="0"/>
            <blockTextureSet i="694" tileSet="0"/>
            <blockTextureSet i="695" tileSet="0"/>
            <blockTextureSet i="696" tileSet="0"/>
            <blockTextureSet i="697" tileSet="0"/>
            <blockTextureSet i="698" tileSet="0"/>
            <blockTextureSet i="699" tileSet="0"/>
            <blockTextureSet i="700" tileSet="0"/>
            <blockTextureSet i="701" tileSet="0"/>
            <blockTextureSet i="702" tileSet="0"/>
            <blockTextureSet i="703" tileSet="0"/>
            <blockTextureSet i="704" tileSet="0"/>
            <blockTextureSet i="705" tileSet="0"/>
            <blockTextureSet i="706" tileSet="0"/>
            <blockTextureSet i="707" tileSet="0"/>
            <blockTextureSet i="708" tileSet="0"/>
            <blockTextureSet i="709" tileSet="0"/>
            <blockTextureSet i="710" tileSet="0"/>
            <blockTextureSet i="711" tileSet="0"/>
            <blockTextureSet i="712" tileSet="0"/>
            <blockTextureSet i="713" tileSet="0"/>
            <blockTextureSet i="714" tileSet="0"/>
            <blockTextureSet i="715" tileSet="0"/>
            <blockTextureSet i="716" tileSet="0"/>
            <blockTextureSet i="717" tileSet="0"/>
            <blockTextureSet i="718" tileSet="0"/>
            <blockTextureSet i="719" tileSet="0"/>
            <blockTextureSet i="720" tileSet="0"/>
            <blockTextureSet i="721" tileSet="0"/>
            <blockTextureSet i="722" tileSet="0"/>
            <blockTextureSet i="723" tileSet="0"/>
            <blockTextureSet i="724" tileSet="0"/>
            <blockTextureSet i="725" tileSet="0"/>
            <blockTextureSet i="726" tileSet="0"/>
            <blockTextureSet i="727" tileSet="0"/>
            <blockTextureSet i="728" tileSet="0"/>
            <blockTextureSet i="729" tileSet="0"/>
            <blockTextureSet i="730" tileSet="0"/>
            <blockTextureSet i="731" tileSet="0"/>
            <blockTextureSet i="732" tileSet="0"/>
            <blockTextureSet i="733" tileSet="0"/>
            <blockTextureSet i="734" tileSet="0"/>
            <blockTextureSet i="735" tileSet="0"/>
            <blockTextureSet i="736" tileSet="0"/>
            <blockTextureSet i="737" tileSet="0"/>
            <blockTextureSet i="738" tileSet="0"/>
            <blockTextureSet i="739" tileSet="0"/>
            <blockTextureSet i="740" tileSet="0"/>
            <blockTextureSet i="741" tileSet="0"/>
            <blockTextureSet i="742" tileSet="0"/>
            <blockTextureSet i="743" tileSet="0"/>
            <blockTextureSet i="744" tileSet="0"/>
            <blockTextureSet i="745" tileSet="0"/>
            <blockTextureSet i="746" tileSet="0"/>
            <blockTextureSet i="747" tileSet="0"/>
            <blockTextureSet i="748" tileSet="0"/>
            <blockTextureSet i="749" tileSet="0"/>
            <blockTextureSet i="750" tileSet="0"/>
            <blockTextureSet i="751" tileSet="0"/>
            <blockTextureSet i="752" tileSet="0"/>
            <blockTextureSet i="753" tileSet="0"/>
            <blockTextureSet i="754" tileSet="0"/>
            <blockTextureSet i="755" tileSet="0"/>
            <blockTextureSet i="756" tileSet="0"/>
            <blockTextureSet i="757" tileSet="0"/>
            <blockTextureSet i="758" tileSet="0"/>
            <blockTextureSet i="759" tileSet="0"/>
            <blockTextureSet i="760" tileSet="0"/>
            <blockTextureSet i="761" tileSet="0"/>
            <blockTextureSet i="762" tileSet="0"/>
            <blockTextureSet i="763" tileSet="0"/>
            <blockTextureSet i="764" tileSet="0"/>
            <blockTextureSet i="765" tileSet="0"/>
            <blockTextureSet i="766" tileSet="0"/>
            <blockTextureSet i="767" tileSet="0"/>
            <blockTextureSet i="768" tileSet="0"/>
            <blockTextureSet i="769" tileSet="0"/>
            <blockTextureSet i="770" tileSet="0"/>
            <blockTextureSet i="771" tileSet="0"/>
            <blockTextureSet i="772" tileSet="0"/>
            <blockTextureSet i="773" tileSet="0"/>
            <blockTextureSet i="774" tileSet="0"/>
            <blockTextureSet i="775" tileSet="0"/>
            <blockTextureSet i="776" tileSet="0"/>
            <blockTextureSet i="777" tileSet="0"/>
            <blockTextureSet i="778" tileSet="0"/>
            <blockTextureSet i="779" tileSet="0"/>
            <blockTextureSet i="780" tileSet="0"/>
            <blockTextureSet i="781" tileSet="0"/>
            <blockTextureSet i="782" tileSet="0"/>
            <blockTextureSet i="783" tileSet="0"/>
            <blockTextureSet i="784" tileSet="0"/>
            <blockTextureSet i="785" tileSet="0"/>
            <blockTextureSet i="786" tileSet="0"/>
            <blockTextureSet i="787" tileSet="0"/>
            <blockTextureSet i="788" tileSet="0"/>
            <blockTextureSet i="789" tileSet="0"/>
            <blockTextureSet i="790" tileSet="0"/>
            <blockTextureSet i="791" tileSet="0"/>
            <blockTextureSet i="792" tileSet="0"/>
            <blockTextureSet i="793" tileSet="0"/>
            <blockTextureSet i="794" tileSet="0"/>
            <blockTextureSet i="795" tileSet="0"/>
            <blockTextureSet i="796" tileSet="0"/>
            <blockTextureSet i="797" tileSet="0"/>
            <blockTextureSet i="798" tileSet="0"/>
            <blockTextureSet i="799" tileSet="0"/>
            <blockTextureSet i="800" tileSet="0"/>
            <blockTextureSet i="801" tileSet="0"/>
            <blockTextureSet i="802" tileSet="0"/>
            <blockTextureSet i="803" tileSet="0"/>
            <blockTextureSet i="804" tileSet="0"/>
            <blockTextureSet i="805" tileSet="0"/>
            <blockTextureSet i="806" tileSet="0"/>
            <blockTextureSet i="807" tileSet="0"/>
            <blockTextureSet i="808" tileSet="0"/>
            <blockTextureSet i="809" tileSet="0"/>
            <blockTextureSet i="810" tileSet="0"/>
            <blockTextureSet i="811" tileSet="0"/>
            <blockTextureSet i="812" tileSet="0"/>
            <blockTextureSet i="813" tileSet="0"/>
            <blockTextureSet i="814" tileSet="0"/>
            <blockTextureSet i="815" tileSet="0"/>
            <blockTextureSet i="816" tileSet="0"/>
            <blockTextureSet i="817" tileSet="0"/>
            <blockTextureSet i="818" tileSet="0"/>
            <blockTextureSet i="819" tileSet="0"/>
            <blockTextureSet i="820" tileSet="0"/>
            <blockTextureSet i="821" tileSet="0"/>
            <blockTextureSet i="822" tileSet="0"/>
            <blockTextureSet i="823" tileSet="0"/>
            <blockTextureSet i="824" tileSet="0"/>
            <blockTextureSet i="825" tileSet="0"/>
            <blockTextureSet i="826" tileSet="0"/>
            <blockTextureSet i="827" tileSet="0"/>
            <blockTextureSet i="828" tileSet="0"/>
            <blockTextureSet i="829" tileSet="0"/>
            <blockTextureSet i="830" tileSet="0"/>
            <blockTextureSet i="831" tileSet="0"/>
            <blockTextureSet i="832" tileSet="0"/>
            <blockTextureSet i="833" tileSet="0"/>
            <blockTextureSet i="834" tileSet="0"/>
            <blockTextureSet i="835" tileSet="0"/>
            <blockTextureSet i="836" tileSet="0"/>
            <blockTextureSet i="837" tileSet="0"/>
            <blockTextureSet i="838" tileSet="0"/>
            <blockTextureSet i="839" tileSet="0"/>
            <blockTextureSet i="840" tileSet="0"/>
            <blockTextureSet i="841" tileSet="0"/>
            <blockTextureSet i="842" tileSet="0"/>
            <blockTextureSet i="843" tileSet="0"/>
            <blockTextureSet i="844" tileSet="0"/>
            <blockTextureSet i="845" tileSet="0"/>
            <blockTextureSet i="846" tileSet="0"/>
            <blockTextureSet i="847" tileSet="0"/>
            <blockTextureSet i="848" tileSet="0"/>
            <blockTextureSet i="849" tileSet="0"/>
            <blockTextureSet i="850" tileSet="0"/>
            <blockTextureSet i="851" tileSet="0"/>
            <blockTextureSet i="852" tileSet="0"/>
            <blockTextureSet i="853" tileSet="0"/>
            <blockTextureSet i="854" tileSet="0"/>
            <blockTextureSet i="855" tileSet="0"/>
            <blockTextureSet i="856" tileSet="0"/>
            <blockTextureSet i="857" tileSet="0"/>
            <blockTextureSet i="858" tileSet="0"/>
            <blockTextureSet i="859" tileSet="0"/>
            <blockTextureSet i="860" tileSet="0"/>
            <blockTextureSet i="861" tileSet="0"/>
            <blockTextureSet i="862" tileSet="0"/>
            <blockTextureSet i="863" tileSet="0"/>
            <blockTextureSet i="864" tileSet="0"/>
            <blockTextureSet i="865" tileSet="0"/>
            <blockTextureSet i="866" tileSet="0"/>
            <blockTextureSet i="867" tileSet="0"/>
            <blockTextureSet i="868" tileSet="0"/>
            <blockTextureSet i="869" tileSet="0"/>
            <blockTextureSet i="870" tileSet="0"/>
            <blockTextureSet i="871" tileSet="0"/>
            <blockTextureSet i="872" tileSet="0"/>
            <blockTextureSet i="873" tileSet="0"/>
            <blockTextureSet i="874" tileSet="0"/>
            <blockTextureSet i="875" tileSet="0"/>
            <blockTextureSet i="876" tileSet="0"/>
            <blockTextureSet i="877" tileSet="0"/>
            <blockTextureSet i="878" tileSet="0"/>
            <blockTextureSet i="879" tileSet="0"/>
            <blockTextureSet i="880" tileSet="0"/>
            <blockTextureSet i="881" tileSet="0"/>
            <blockTextureSet i="882" tileSet="0"/>
            <blockTextureSet i="883" tileSet="0"/>
            <blockTextureSet i="884" tileSet="0"/>
            <blockTextureSet i="885" tileSet="0"/>
            <blockTextureSet i="886" tileSet="0"/>
            <blockTextureSet i="887" tileSet="0"/>
            <blockTextureSet i="888" tileSet="0"/>
            <blockTextureSet i="889" tileSet="0"/>
            <blockTextureSet i="890" tileSet="0"/>
            <blockTextureSet i="891" tileSet="0"/>
            <blockTextureSet i="892" tileSet="0"/>
            <blockTextureSet i="893" tileSet="0"/>
            <blockTextureSet i="894" tileSet="0"/>
            <blockTextureSet i="895" tileSet="0"/>
            <blockTextureSet i="896" tileSet="0"/>
            <blockTextureSet i="897" tileSet="0"/>
            <blockTextureSet i="898" tileSet="0"/>
            <blockTextureSet i="899" tileSet="0"/>
            <blockTextureSet i="900" tileSet="0"/>
            <blockTextureSet i="901" tileSet="0"/>
            <blockTextureSet i="902" tileSet="0"/>
            <blockTextureSet i="903" tileSet="0"/>
            <blockTextureSet i="904" tileSet="0"/>
            <blockTextureSet i="905" tileSet="0"/>
            <blockTextureSet i="906" tileSet="0"/>
            <blockTextureSet i="907" tileSet="0"/>
            <blockTextureSet i="908" tileSet="0"/>
            <blockTextureSet i="909" tileSet="0"/>
            <blockTextureSet i="910" tileSet="0"/>
            <blockTextureSet i="911" tileSet="0"/>
            <blockTextureSet i="912" tileSet="0"/>
            <blockTextureSet i="913" tileSet="0"/>
            <blockTextureSet i="914" tileSet="0"/>
            <blockTextureSet i="915" tileSet="0"/>
            <blockTextureSet i="916" tileSet="0"/>
            <blockTextureSet i="917" tileSet="0"/>
            <blockTextureSet i="918" tileSet="0"/>
            <blockTextureSet i="919" tileSet="0"/>
            <blockTextureSet i="920" tileSet="0"/>
            <blockTextureSet i="921" tileSet="0"/>
            <blockTextureSet i="922" tileSet="0"/>
            <blockTextureSet i="923" tileSet="0"/>
            <blockTextureSet i="924" tileSet="0"/>
            <blockTextureSet i="925" tileSet="0"/>
            <blockTextureSet i="926" tileSet="0"/>
            <blockTextureSet i="927" tileSet="0"/>
            <blockTextureSet i="928" tileSet="0"/>
            <blockTextureSet i="929" tileSet="0"/>
            <blockTextureSet i="930" tileSet="0"/>
            <blockTextureSet i="931" tileSet="0"/>
            <blockTextureSet i="932" tileSet="0"/>
            <blockTextureSet i="933" tileSet="0"/>
            <blockTextureSet i="934" tileSet="0"/>
            <blockTextureSet i="935" tileSet="0"/>
            <blockTextureSet i="936" tileSet="0"/>
            <blockTextureSet i="937" tileSet="0"/>
            <blockTextureSet i="938" tileSet="0"/>
            <blockTextureSet i="939" tileSet="0"/>
            <blockTextureSet i="940" tileSet="0"/>
            <blockTextureSet i="941" tileSet="0"/>
            <blockTextureSet i="942" tileSet="0"/>
            <blockTextureSet i="943" tileSet="0"/>
            <blockTextureSet i="944" tileSet="0"/>
            <blockTextureSet i="945" tileSet="0"/>
            <blockTextureSet i="946" tileSet="0"/>
            <blockTextureSet i="947" tileSet="0"/>
            <blockTextureSet i="948" tileSet="0"/>
            <blockTextureSet i="949" tileSet="0"/>
            <blockTextureSet i="950" tileSet="0"/>
            <blockTextureSet i="951" tileSet="0"/>
            <blockTextureSet i="952" tileSet="0"/>
            <blockTextureSet i="953" tileSet="0"/>
            <blockTextureSet i="954" tileSet="0"/>
            <blockTextureSet i="955" tileSet="0"/>
            <blockTextureSet i="956" tileSet="0"/>
            <blockTextureSet i="957" tileSet="0"/>
            <blockTextureSet i="958" tileSet="0"/>
            <blockTextureSet i="959" tileSet="0"/>
            <blockTextureSet i="960" tileSet="0"/>
            <blockTextureSet i="961" tileSet="0"/>
            <blockTextureSet i="962" tileSet="0"/>
            <blockTextureSet i="963" tileSet="0"/>
            <blockTextureSet i="964" tileSet="0"/>
            <blockTextureSet i="965" tileSet="0"/>
            <blockTextureSet i="966" tileSet="0"/>
            <blockTextureSet i="967" tileSet="0"/>
            <blockTextureSet i="968" tileSet="0"/>
            <blockTextureSet i="969" tileSet="0"/>
            <blockTextureSet i="970" tileSet="0"/>
            <blockTextureSet i="971" tileSet="0"/>
            <blockTextureSet i="972" tileSet="0"/>
            <blockTextureSet i="973" tileSet="0"/>
            <blockTextureSet i="974" tileSet="0"/>
            <blockTextureSet i="975" tileSet="0"/>
            <blockTextureSet i="976" tileSet="0"/>
            <blockTextureSet i="977" tileSet="0"/>
            <blockTextureSet i="978" tileSet="0"/>
            <blockTextureSet i="979" tileSet="0"/>
            <blockTextureSet i="980" tileSet="0"/>
            <blockTextureSet i="981" tileSet="0"/>
            <blockTextureSet i="982" tileSet="0"/>
            <blockTextureSet i="983" tileSet="0"/>
            <blockTextureSet i="984" tileSet="0"/>
            <blockTextureSet i="985" tileSet="0"/>
            <blockTextureSet i="986" tileSet="0"/>
            <blockTextureSet i="987" tileSet="0"/>
            <blockTextureSet i="988" tileSet="0"/>
            <blockTextureSet i="989" tileSet="0"/>
            <blockTextureSet i="990" tileSet="0"/>
            <blockTextureSet i="991" tileSet="0"/>
            <blockTextureSet i="992" tileSet="0"/>
            <blockTextureSet i="993" tileSet="0"/>
            <blockTextureSet i="994" tileSet="0"/>
            <blockTextureSet i="995" tileSet="0"/>
            <blockTextureSet i="996" tileSet="0"/>
            <blockTextureSet i="997" tileSet="0"/>
            <blockTextureSet i="998" tileSet="0"/>
            <blockTextureSet i="999" tileSet="0"/>
            <blockTextureSet i="1000" tileSet="0"/>
            <blockTextureSet i="1001" tileSet="0"/>
            <blockTextureSet i="1002" tileSet="0"/>
            <blockTextureSet i="1003" tileSet="0"/>
            <blockTextureSet i="1004" tileSet="0"/>
            <blockTextureSet i="1005" tileSet="0"/>
            <blockTextureSet i="1006" tileSet="0"/>
            <blockTextureSet i="1007" tileSet="0"/>
            <blockTextureSet i="1008" tileSet="0"/>
            <blockTextureSet i="1009" tileSet="0"/>
            <blockTextureSet i="1010" tileSet="0"/>
            <blockTextureSet i="1011" tileSet="0"/>
            <blockTextureSet i="1012" tileSet="0"/>
            <blockTextureSet i="1013" tileSet="0"/>
            <blockTextureSet i="1014" tileSet="0"/>
            <blockTextureSet i="1015" tileSet="0"/>
            <blockTextureSet i="1016" tileSet="0"/>
            <blockTextureSet i="1017" tileSet="0"/>
            <blockTextureSet i="1018" tileSet="0"/>
            <blockTextureSet i="1019" tileSet="0"/>
            <blockTextureSet i="1020" tileSet="0"/>
            <blockTextureSet i="1021" tileSet="0"/>
            <blockTextureSet i="1022" tileSet="0"/>
            <blockTextureSet i="1023" tileSet="0"/>
        </blockTextureSetList>
        <cliffCellList num="16384" numOccupied="0"/>
    </heightMap>
</terrain>
