<?xml version="1.0" encoding="utf-8"?>
<Catalog>
    <CAbilEffectTarget id="330mmBarrageCannons">
        <Cost index="0">
            <Vital index="Energy" value="0"/>
            <Cooldown TimeUse="120"/>
        </Cost>
        <CastIntroTime index="0" value="1"/>
        <FinishTime index="0" value="1"/>
        <CmdButtonArray index="Execute" Requirements=""/>
    </CAbilEffectTarget>
    <CAbilMorph id="AssaultMode">
        <Flags index="WaitUntilStopped" value="0"/>
    </CAbilMorph>
    <CAbilEffectTarget id="AstralProjection">
        <EditorCategories value="AbilityorEffectType:Units"/>
        <Effect index="0" value="AstralProjectionCU"/>
        <Cost>
            <Cooldown TimeUse="60"/>
        </Cost>
        <Range value="8"/>
        <CmdButtonArray index="Execute" DefaultButtonFace="AstralProjection">
            <Flags index="UseDefaultButton" value="1"/>
            <Flags index="CreateDefaultButton" value="1"/>
        </CmdButtonArray>
    </CAbilEffectTarget>
    <CAbilEffectTarget id="AutoHarvest">
        <EditorCategories value="AbilityorEffectType:Units"/>
        <Effect index="0" value="AutoHarvestCP"/>
        <Flags index="AutoCast" value="1"/>
        <Flags index="AutoCastOn" value="1"/>
        <Cost>
            <Cooldown TimeUse="0.5"/>
        </Cost>
        <TargetFilters value="HarvestableResource,Visible;Player,Ally,Enemy"/>
        <Range value="4"/>
        <Arc value="360"/>
        <AutoCastAcquireLevel value="Defensive"/>
        <AutoCastFilters value="HarvestableResource,Visible;Player,Ally,Enemy"/>
        <AutoCastRange value="4"/>
    </CAbilEffectTarget>
    <CAbilEffectTarget id="DukesRevengeYamato">
        <Cost index="0">
            <Vital index="Energy" value="0"/>
            <Cooldown TimeUse="120"/>
        </Cost>
    </CAbilEffectTarget>
    <CAbilEffectTarget id="EMPSpectre">
        <EditorCategories value="Race:Terran,AbilityorEffectType:Units"/>
        <Effect index="0" value="EMPLaunchMissileSpectre"/>
        <Cost>
            <Charge>
                <CountMax value="2"/>
                <CountStart value="1"/>
                <CountUse value="1"/>
                <TimeStart value="30"/>
                <TimeUse value="30"/>
            </Charge>
            <Cooldown TimeUse="5"/>
        </Cost>
        <Range value="10"/>
        <PrepTime value="0.01"/>
        <FinishTime value="0"/>
        <CursorEffect value="EMPSearchSpectre"/>
        <AINotifyEffect value="EMPLaunchMissile"/>
        <CmdButtonArray index="Execute" DefaultButtonFace="EMPSpectre" State="Restricted">
            <Flags index="ShowInGlossary" value="0"/>
            <Flags index="UseDefaultButton" value="1"/>
            <Flags index="CreateDefaultButton" value="1"/>
        </CmdButtonArray>
    </CAbilEffectTarget>
    <CAbilAugment id="ExplosiveCharges">
        <EditorCategories value="AbilityorEffectType:Units"/>
        <CmdButtonArray index="Execute" DefaultButtonFace="Attack"/>
        <Flags index="AutoCast" value="1"/>
        <Flags index="AutoCastOn" value="1"/>
        <Flags index="Smart" value="1"/>
        <AbilCmd value="attack,Execute"/>
        <Effect value="ExplosiveChargesDelay"/>
        <AutoCastFilters value="Structure,Visible;Player,Ally"/>
    </CAbilAugment>
    <CAbilEffectTarget id="FeedbackGhost">
        <EditorCategories value="Race:Protoss,AbilityorEffectType:Units"/>
        <Effect index="0" value="FeedbackSetGhost"/>
        <Flags index="AllowMovement" value="1"/>
        <Cost>
            <Charge>
                <CountMax value="2"/>
                <CountStart value="1"/>
                <CountUse value="1"/>
                <TimeStart value="30"/>
                <TimeUse value="30"/>
            </Charge>
            <Cooldown TimeUse="5"/>
        </Cost>
        <TargetFilters value="Visible;Self,Player,Ally,Neutral,Structure,Missile,Stasis,Dead,Hidden,Invulnerable"/>
        <Range value="9"/>
        <AINotifyEffect value=""/>
        <CmdButtonArray index="Execute" DefaultButtonFace="FeedbackGhost">
            <Flags index="UseDefaultButton" value="1"/>
            <Flags index="CreateDefaultButton" value="1"/>
        </CmdButtonArray>
    </CAbilEffectTarget>
    <CAbilEffectTarget id="FleetActivate">
        <EditorCategories value="AbilityorEffectType:Units"/>
        <Effect index="0" value="FleetMoveSet"/>
        <Flags index="RequireTargetVision" value="0"/>
        <Cost/>
        <Range value="500"/>
        <CmdButtonArray index="Execute" DefaultButtonFace="CommanderAlarakUnlockDeathFleet">
            <Flags index="UseDefaultButton" value="1"/>
            <Flags index="CreateDefaultButton" value="1"/>
        </CmdButtonArray>
        <CursorEffect value="FleetDummySearch"/>
    </CAbilEffectTarget>
    <CAbilBehavior id="GhostCloak">
        <Cost index="0">
            <Vital index="Energy" value="0"/>
        </Cost>
        <BehaviorArray index="0" value="PersonalCloakingFree"/>
    </CAbilBehavior>
    <CAbilEffectTarget id="HighTemplarAttackDummy">
        <EditorCategories value="AbilityorEffectType:Units"/>
        <Effect index="0" value="CCLoadDummy"/>
        <Flags index="AutoCast" value="1"/>
        <Flags index="AutoCastOn" value="1"/>
        <Flags index="Smart" value="1"/>
        <TargetFilters value="Ground,Visible;Player,Ally,Neutral"/>
        <Range value="7"/>
        <AutoCastFilters value="Ground,Visible;Player,Ally,Neutral"/>
        <AutoCastRange value="7"/>
        <CastIntroTime value="0.125"/>
        <AcquirePriority value="2"/>
        <CmdButtonArray index="Execute" DefaultButtonFace="Attack"/>
        <AcquireAttackers value="1"/>
    </CAbilEffectTarget>
    <CAbilEffectTarget id="HiveMindEmulator">
        <Alignment value="Negative"/>
        <EditorCategories value="AbilityorEffectType:Units"/>
        <Effect index="0" value="HMEMindControlSearchArea"/>
        <Cost>
            <Resource index="Minerals" value="8000"/>
            <Cooldown TimeUse="450"/>
        </Cost>
        <TargetFilters value="Visible;Self,Player,Ally,Neutral,Missile,Stasis,Dead,Hidden,Invulnerable"/>
        <Range value="500"/>
        <Arc value="360"/>
        <CursorEffect value="HMEMindControlSearchArea"/>
        <CmdButtonArray index="Execute" DefaultButtonFace="HiveMindEmulator3">
            <Flags index="UseDefaultButton" value="1"/>
            <Flags index="CreateDefaultButton" value="1"/>
        </CmdButtonArray>
    </CAbilEffectTarget>
    <CAbilTransport id="InfestableHutTransport">
        <UnloadPeriod value="2"/>
    </CAbilTransport>
    <CAbilEffectTarget id="LokiMissilePods">
        <Cost index="0">
            <Vital index="Energy" value="0"/>
            <Charge>
                <CountMax value="3"/>
                <CountStart value="3"/>
                <CountUse value="1"/>
                <TimeUse value="20"/>
            </Charge>
        </Cost>
    </CAbilEffectTarget>
    <CAbilEffectTarget id="LokiYamato">
        <Cost index="0">
            <Vital index="Energy" value="0"/>
            <Charge>
                <CountMax value="2"/>
                <CountStart value="2"/>
                <CountUse value="1"/>
                <TimeStart value="30"/>
                <TimeUse value="30"/>
            </Charge>
        </Cost>
        <PrepTime index="0" value="1.5"/>
    </CAbilEffectTarget>
    <CAbilEffectTarget id="MedivacHeal">
        <CmdButtonArray index="Execute" Requirements=""/>
    </CAbilEffectTarget>
    <CAbilEffectTarget id="NanoRepair">
        <AutoCastRange value="9"/>
        <FollowRange value="2"/>
    </CAbilEffectTarget>
    <CAbilEffectInstant id="NovaHeal">
        <EditorCategories value="AbilityorEffectType:Units"/>
        <Cost>
            <Vital index="Energy" value="50"/>
        </Cost>
        <CmdButtonArray index="Execute" DefaultButtonFace="NovaHeal">
            <Flags index="UseDefaultButton" value="1"/>
            <Flags index="CreateDefaultButton" value="1"/>
        </CmdButtonArray>
    </CAbilEffectInstant>
    <CAbilEffectTarget id="NovaSnipe">
        <CastIntroTime index="0" value="0.1"/>
        <FinishTime index="0" value="0"/>
        <TargetFilters index="0" value="Visible;Self,Structure,Destructible,Stasis,Dead,Hidden,Invulnerable"/>
    </CAbilEffectTarget>
    <CAbilEffectTarget id="OdinBarrage">
        <Cost index="0">
            <Vital index="Energy" value="0"/>
            <Charge>
                <CountMax value="4"/>
                <CountStart value="4"/>
                <CountUse value="1"/>
                <TimeUse value="120"/>
            </Charge>
        </Cost>
        <CastIntroTime index="0" value="1"/>
        <FinishTime index="0" value="1"/>
    </CAbilEffectTarget>
    <CAbilEffectTarget id="FleetTargeting">
        <Alignment value="Negative"/>
        <EditorCategories value="AbilityorEffectType:Units"/>
        <Effect index="0" value="FleetTargeter"/>
        <Cost>
            <Resource index="Minerals" value="8000"/>
            <Charge>
                <CountMax value="1"/>
                <CountStart value="1"/>
                <CountUse value="1"/>
                <Link value="Abil/FleetActivate"/>
                <Location value="Player"/>
            </Charge>
            <Cooldown Link="Abil/FleetActivate" TimeUse="0.25"/>
        </Cost>
        <Range value="500"/>
        <Arc value="360"/>
        <CmdButtonArray index="Execute" DefaultButtonFace="CommanderAlarakUnlockDeathFleet">
            <Flags index="UseDefaultButton" value="1"/>
            <Flags index="CreateDefaultButton" value="1"/>
        </CmdButtonArray>
    </CAbilEffectTarget>
    <CAbilEffectTarget id="PsiDisruptor">
        <Alignment value="Negative"/>
        <EditorCategories value="AbilityorEffectType:Units"/>
        <Effect index="0" value="PsiDisruptionSearchArea"/>
        <Cost>
            <Resource index="Minerals" value="8000"/>
            <Cooldown TimeUse="450"/>
        </Cost>
        <TargetFilters value="Visible;Self,Player,Ally,Neutral,Missile,Stasis,Dead,Hidden,Invulnerable"/>
        <Range value="500"/>
        <Arc value="360"/>
        <CursorEffect value="PsiDisruptionSearchArea"/>
        <CmdButtonArray index="Execute" DefaultButtonFace="PsiDisruptor3">
            <Flags index="UseDefaultButton" value="1"/>
            <Flags index="CreateDefaultButton" value="1"/>
        </CmdButtonArray>
    </CAbilEffectTarget>
    <CAbilBehavior id="RogueGhostCloak">
        <Cost index="0">
            <Vital index="Energy" value="0"/>
        </Cost>
        <BehaviorArray index="0" value="SpectreCloakingFree"/>
    </CAbilBehavior>
    <CAbilEffectTarget id="TacticalMissileStrike">
        <EditorCategories value="AbilityorEffectType:Units,Race:Terran"/>
        <Effect index="0" value="NuclearAnnihilationMengskSmallNukeDropDelayCP"/>
        <Cost>
            <Resource index="Minerals" value="1500"/>
            <Charge>
                <CountMax value="3"/>
                <CountStart value="1"/>
                <CountUse value="1"/>
                <TimeStart value="180"/>
                <TimeUse value="180"/>
            </Charge>
        </Cost>
        <TargetFilters value="Visible;Self,Player,Ally,Neutral,Missile,Stasis,Dead,Hidden,Invulnerable"/>
        <Range value="500"/>
        <CursorEffect value="NuclearAnnihilationMengskSmallNukeDamageSearch"/>
        <CmdButtonArray index="Execute" DefaultButtonFace="TacticalMissileStrike9">
            <Flags index="UseDefaultButton" value="1"/>
            <Flags index="CreateDefaultButton" value="1"/>
        </CmdButtonArray>
        <Arc value="360"/>
    </CAbilEffectTarget>
    <CAbilResearch id="BarracksTechLabResearch">
        <InfoArray index="Research4" Time="90" Upgrade="TerranInfantryUltraCapacitors">
            <Resource index="Vespene" value="3000"/>
            <Button DefaultButtonFace="InfantryUltraCapacitors" State="Restricted" Requirements="LearnInfantryUltraCaps"/>
        </InfoArray>
        <InfoArray index="Research5" Time="90" Upgrade="TerranInfantryVanadiumPlating">
            <Resource index="Vespene" value="3000"/>
            <Button DefaultButtonFace="InfantryVanadiumPlating" State="Restricted" Requirements="LearnInfantryVanadium"/>
        </InfoArray>
    </CAbilResearch>
    <CAbilBehavior id="BioMode">
        <EditorCategories value="AbilityorEffectType:Units"/>
        <CmdButtonArray index="On" DefaultButtonFace="Charge"/>
        <CmdButtonArray index="Off" DefaultButtonFace="ReaperSpeed"/>
        <Flags index="Toggle" value="1"/>
        <Flags index="Transient" value="1"/>
        <BehaviorArray value="BioMode"/>
    </CAbilBehavior>
    <CAbilEffectTarget id="BonesHeal">
        <Marker Link="Abil/BonesHeal"/>
    </CAbilEffectTarget>
    <CAbilQueue id="CCMCVQueue">
        <EditorCategories value="AbilityorEffectType:Units"/>
        <CmdButtonArray index="CancelLast">
            <Flags index="ToSelection" value="1"/>
        </CmdButtonArray>
        <QueueSize value="2"/>
    </CAbilQueue>
    <CAbilArmMagazine id="CCMechanicalRepair">
        <EditorCategories value="Race:Protoss,AbilityorEffectType:Units"/>
        <Launch value="ReleaseAtSource"/>
        <Flags index="AutoCreate" value="1"/>
        <Flags index="Retarget" value="1"/>
        <Flags index="ShowStatus" value="0"/>
        <Leash value="4"/>
        <InfoArray index="Ammo1" CountStart="3" Manage="Recall" Unit="CCRepairDrone">
            <Charge HideCount="1" Link="CarrierRepairDrone" Location="Unit"/>
            <Cooldown Link="Abil/##id##"/>
            <Button DefaultButtonFace="RepairDrones">
                <Flags index="ToSelection" value="1"/>
            </Button>
            <Flags index="AutoBuild" value="1"/>
            <Flags index="AutoBuildOn" value="1"/>
            <Flags index="External" value="1"/>
        </InfoArray>
        <Alert value="NoAlert"/>
        <EffectArray index="Create" value="CarrierRepairDroneRecall"/>
        <ExternalAngle value="59.9963"/>
        <ExternalAngle value="180"/>
        <ExternalAngle value="299.9926"/>
        <MaxCount value="3"/>
    </CAbilArmMagazine>
    <CAbilMorph id="FighterMode">
        <Flags index="WaitUntilStopped" value="0"/>
    </CAbilMorph>
    <CAbilEffectTarget id="GravitonPrison">
        <Cost index="0">
            <Charge>
                <CountMax value="6"/>
                <CountStart value="6"/>
                <CountUse value="1"/>
                <TimeUse value="25"/>
                <Flags index="RestoreAllChargesOnCooldown" value="1"/>
            </Charge>
        </Cost>
        <PrepTime value="0.0625"/>
    </CAbilEffectTarget>
    <CAbilEffectInstant id="HideInTheShadows">
        <EditorCategories value="AbilityorEffectType:Units"/>
        <Flags index="Transient" value="1"/>
        <Cost>
            <Cooldown TimeUse="60"/>
        </Cost>
        <CmdButtonArray index="Execute" DefaultButtonFace="HideInTheShadows">
            <Flags index="UseDefaultButton" value="1"/>
            <Flags index="CreateDefaultButton" value="1"/>
        </CmdButtonArray>
    </CAbilEffectInstant>
    <CAbilEffectTarget id="HybridCPlasmaBlast">
        <PrepTime index="0" value="1"/>
        <Cost index="0">
            <Cooldown TimeUse="10"/>
        </Cost>
    </CAbilEffectTarget>
    <CAbilEffectTarget id="HyperionYamato">
        <Alignment value="Negative"/>
        <EditorCategories value="Race:Terran,AbilityorEffectType:Units"/>
        <Effect index="0" value="YamatoGunTopbarPersistent"/>
        <Cost>
            <Resource index="Minerals" value="3000"/>
            <Cooldown TimeUse="300"/>
        </Cost>
        <TargetFilters value="Visible;Self,Player,Ally,Neutral,Missile,Stasis,Dead,Hidden,Invulnerable"/>
        <Range value="500"/>
        <Arc value="360"/>
        <CursorEffect value="YamatoGunTopbarDamage"/>
        <CmdButtonArray index="Execute" DefaultButtonFace="HyperionYamato5">
            <Flags index="UseDefaultButton" value="1"/>
            <Flags index="CreateDefaultButton" value="1"/>
        </CmdButtonArray>
    </CAbilEffectTarget>
    <CAbilSpecialize id="MakeVultureSpiderMines">
        <InfoArray index="Specialize1" Time="1.5">
            <Resource index="Minerals" value="0"/>
            <Resource index="Vespene" value="150"/>
            <Button Requirements=""/>
        </InfoArray>
        <Alert value="SpecializeComplete"/>
    </CAbilSpecialize>
    <CAbilEffectTarget id="Obliterate">
        <Cost index="0">
            <Vital index="Energy" value="75"/>
        </Cost>
        <PrepTime index="0" value="1"/>
        <CmdButtonArray index="Execute" Requirements=""/>
        <RefundFraction>
            <VitalFraction index="Energy" value="-1"/>
        </RefundFraction>
    </CAbilEffectTarget>
    <CAbilEffectTarget id="ScannerSweepTopbar">
        <EditorCategories value="Race:Terran,AbilityorEffectType:Units"/>
        <DataCollection value="ScannerSweep"/>
        <Effect index="0" value="ScannerSweep"/>
        <Flags index="RequireTargetVision" value="0"/>
        <Cost>
            <Resource index="Minerals" value="500"/>
            <Cooldown TimeUse="60"/>
        </Cost>
        <Range value="500"/>
        <Arc value="360"/>
        <CursorEffect value="ScannerSweep"/>
        <AINotifyEffect value="ScannerSweep"/>
        <CmdButtonArray index="Execute" DefaultButtonFace="ScannerSweepTopbar7">
            <Flags index="UseDefaultButton" value="1"/>
            <Flags index="CreateDefaultButton" value="1"/>
        </CmdButtonArray>
    </CAbilEffectTarget>
    <CAbilEffectInstant id="SendWave">
        <EditorCategories value="AbilityorEffectType:Units"/>
        <Flags index="AutoCast" value="1"/>
        <Flags index="Transient" value="1"/>
        <Cost>
            <Charge>
                <CountMax value="3"/>
                <CountUse value="1"/>
                <Location value="Player"/>
                <TimeStart value="60"/>
                <TimeUse value="60"/>
            </Charge>
        </Cost>
        <AutoCastAcquireLevel value="Defensive"/>
        <AutoCastFilters value="Visible;Ally,Neutral,Enemy"/>
        <CmdButtonArray index="Execute" DefaultButtonFace="SendWave">
            <Flags index="UseDefaultButton" value="1"/>
            <Flags index="CreateDefaultButton" value="1"/>
        </CmdButtonArray>
    </CAbilEffectInstant>
    <CAbilEffectTarget id="Snipe">
        <Cost index="0">
            <Vital index="Energy" value="0"/>
            <Charge>
                <CountMax value="3"/>
                <CountStart value="1"/>
                <CountUse value="1"/>
                <TimeStart value="20"/>
                <TimeUse value="20"/>
            </Charge>
            <Cooldown TimeUse="5"/>
        </Cost>
        <CastIntroTime index="0" value="0.1"/>
        <TargetFilters index="0" value="Visible;Self,Structure,Destructible,Stasis,Dead,Hidden,Invulnerable"/>
    </CAbilEffectTarget>
    <CAbilResearch id="StarportTechLabResearch">
        <InfoArray index="Research9" Time="90" Upgrade="TerranShipUltraCapacitors">
            <Resource index="Vespene" value="3000"/>
            <Button DefaultButtonFace="StarshipUltraCapacitors" Requirements="LearnStarshipUltraCaps">
                <Flags index="UseDefaultButton" value="1"/>
                <Flags index="CreateDefaultButton" value="1"/>
            </Button>
        </InfoArray>
        <InfoArray index="Research10" Time="90" Upgrade="TerranShipVanadiumPlating">
            <Resource index="Vespene" value="3000"/>
            <Button DefaultButtonFace="StarshipVanadiumPlating" Requirements="LearnStarshipVanadium">
                <Flags index="UseDefaultButton" value="1"/>
                <Flags index="CreateDefaultButton" value="1"/>
            </Button>
        </InfoArray>
    </CAbilResearch>
    <CAbilEffectTarget id="TacNukeStrikeTopbar">
        <EditorCategories value="Race:Terran,AbilityorEffectType:Units"/>
        <Effect index="0" value="NukePersistentTopbar"/>
        <Cost>
            <Resource index="Minerals" value="3000"/>
            <Cooldown TimeUse="300"/>
        </Cost>
        <TargetFilters value="Visible;Self,Player,Ally,Neutral,Missile,Stasis,Dead,Hidden,Invulnerable"/>
        <Range value="500"/>
        <AlertArray index="Cast" value="CalldownLaunch"/>
        <CursorEffect value="NukeDamage"/>
        <AINotifyEffect value="Nuke"/>
        <CmdButtonArray index="Execute" DefaultButtonFace="NukeCalldown8">
            <Flags index="UseDefaultButton" value="1"/>
            <Flags index="CreateDefaultButton" value="1"/>
        </CmdButtonArray>
        <CmdButtonArray index="Cancel" DefaultButtonFace="Cancel"/>
        <Arc value="360"/>
    </CAbilEffectTarget>
    <CAbilResearch id="TakeTheDrill">
        <EditorCategories value="AbilityorEffectType:Units"/>
        <InfoArray index="Research1" Time="300" Upgrade="TakeTheDrill">
            <Resource index="Vespene" value="20000"/>
            <Button DefaultButtonFace="TakeTheDrill" Requirements="HasNotTakenDrill">
                <Flags index="UseDefaultButton" value="1"/>
                <Flags index="CreateDefaultButton" value="1"/>
            </Button>
        </InfoArray>
    </CAbilResearch>
    <CAbilTrain id="TrainStone">
        <EditorCategories value="Race:Terran,AbilityorEffectType:Structures"/>
        <InfoArray index="Train1" Time="15">
            <Resource index="Vespene" value="1500"/>
            <Button DefaultButtonFace="Stone" State="Restricted">
                <Flags index="ToSelection" value="1"/>
            </Button>
            <Unit value="Stone"/>
        </InfoArray>
        <Alert value="TrainWorkerComplete"/>
    </CAbilTrain>
    <CAbilEffectInstant id="DeathRecall">
        <EditorCategories value="AbilityorEffectType:Units,Race:Protoss"/>
        <Effect index="0" value="DeathRecallS"/>
        <Cost>
            <Cooldown Link="ZeratulDeathRecall" Location="Unit" TimeUse="60"/>
        </Cost>
        <CmdButtonArray index="Execute" DefaultButtonFace="DeathRecall">
            <Flags index="UseDefaultButton" value="1"/>
            <Flags index="CreateDefaultButton" value="1"/>
        </CmdButtonArray>
    </CAbilEffectInstant>
    <CAbilResearch id="FactoryTechLabResearch">
        <InfoArray index="Research5" Time="90" Upgrade="TerranVehicleUltraCapacitors">
            <Resource index="Vespene" value="3000"/>
            <Button DefaultButtonFace="VehicleUltraCapacitors" Requirements="LearnVehicleUltraCaps">
                <Flags index="UseDefaultButton" value="1"/>
                <Flags index="CreateDefaultButton" value="1"/>
            </Button>
        </InfoArray>
        <InfoArray index="Research6" Time="90" Upgrade="TerranVehicleVanadiumPlating">
            <Resource index="Vespene" value="3000"/>
            <Button DefaultButtonFace="VehicleVanadiumPlating" Requirements="LearnVehicleVanadium">
                <Flags index="UseDefaultButton" value="1"/>
                <Flags index="CreateDefaultButton" value="1"/>
            </Button>
        </InfoArray>
    </CAbilResearch>
    <CAbilArmMagazine id="DevilDogSquad">
        <EditorCategories value="AbilityorEffectType:Units"/>
        <Flags index="AutoCastOffOwnerLeave" value="0"/>
        <Flags index="IgnoreUnitCost" value="1"/>
        <Flags index="Retarget" value="1"/>
        <Flags index="ShowStatus" value="0"/>
        <Leash value="0.55"/>
        <InfoArray index="Ammo1" CountStart="4" Distance="0.25" Manage="Recall" Unit="DevilDog">
            <Charge CountUse="1" Link="Abil/##id##"/>
            <Cooldown Link="Abil/##id##"/>
            <Button DefaultButtonFace="Marine" State="Suppressed"/>
            <Flags index="External" value="1"/>
        </InfoArray>
        <EffectArray index="Create" value="SquadUnit"/>
        <EffectArray index="Launch" value="TransferKillsToCaster"/>
        <ExternalAngle value="45"/>
        <ExternalAngle value="135"/>
        <ExternalAngle value="225"/>
        <ExternalAngle value="315"/>
        <MaxCount value="4"/>
    </CAbilArmMagazine>
    <CAbilEffectTarget id="InfantryMercenaries">
        <EditorCategories value="AbilityorEffectType:Units"/>
        <Effect index="0" value="InfantryMercSet"/>
        <Cost>
            <Resource index="Minerals" value="2000"/>
            <Cooldown Location="Global" TimeUse="300"/>
        </Cost>
        <Range value="500"/>
        <CursorEffect value="DropWarPigs"/>
        <CmdButtonArray index="Execute" DefaultButtonFace="InfantryMercenaries3">
            <Flags index="UseDefaultButton" value="1"/>
            <Flags index="CreateDefaultButton" value="1"/>
        </CmdButtonArray>
    </CAbilEffectTarget>
    <CAbilArmMagazine id="HammerSecuritiesSquad">
        <EditorCategories value="AbilityorEffectType:Units"/>
        <Flags index="AutoCastOffOwnerLeave" value="0"/>
        <Flags index="IgnoreUnitCost" value="1"/>
        <Flags index="Retarget" value="1"/>
        <Flags index="ShowStatus" value="0"/>
        <Leash value="0.55"/>
        <InfoArray index="Ammo1" CountStart="2" Distance="0.25" Manage="Recall" Unit="HammerSecurity">
            <Charge CountUse="1" Link="Abil/##id##"/>
            <Cooldown Link="Abil/##id##"/>
            <Button DefaultButtonFace="Marine" State="Suppressed"/>
            <Flags index="External" value="1"/>
        </InfoArray>
        <EffectArray index="Create" value="SquadUnit"/>
        <EffectArray index="Launch" value="TransferKillsToCaster"/>
        <ExternalAngle value="90"/>
        <ExternalAngle value="270"/>
        <MaxCount value="2"/>
    </CAbilArmMagazine>
    <CAbilEffectTarget id="PowerStructure">
        <EditorCategories value="AbilityorEffectType:Units,Race:Protoss"/>
        <TargetFilters value="Structure;Enemy"/>
        <Range value="0.1"/>
        <CastIntroTime value="10"/>
        <ShowProgressArray index="Cast" value="1"/>
        <ProgressButtonArray index="Cast" value="PowerStructure"/>
        <CmdButtonArray index="Execute" DefaultButtonFace="PowerStructure">
            <Flags index="UseDefaultButton" value="1"/>
            <Flags index="CreateDefaultButton" value="1"/>
        </CmdButtonArray>
    </CAbilEffectTarget>
    <CAbilEffectInstant id="ResetRally">
        <EditorCategories value="AbilityorEffectType:Units"/>
        <CmdButtonArray index="Execute" DefaultButtonFace="ResetRally">
            <Flags index="UseDefaultButton" value="1"/>
            <Flags index="CreateDefaultButton" value="1"/>
        </CmdButtonArray>
    </CAbilEffectInstant>
    <CAbilBuild id="StoneDeploy">
        <EditorCategories value="AbilityorEffectType:Units"/>
        <FlagArray index="IgnoreFood" value="1"/>
        <FlagArray index="IgnoreUnitCost" value="1"/>
        <FlagArray index="PeonHide" value="1"/>
        <FlagArray index="PeonKillFinish" value="1"/>
        <FlagArray index="RangeIncludesBuilding" value="0"/>
        <InfoArray index="Build1" Unit="SensorTower2" Time="10">
            <Button DefaultButtonFace="SensorTower"/>
        </InfoArray>
    </CAbilBuild>
    <CAbilBuild id="DeployLaserDrill">
        <EditorCategories value="AbilityorEffectType:Units"/>
        <FlagArray index="IgnoreFood" value="1"/>
        <FlagArray index="IgnoreUnitCost" value="1"/>
        <FlagArray index="PeonDisableCollision" value="1"/>
        <FlagArray index="PeonMaintained" value="0"/>
        <InfoArray index="Build1" Unit="DrakkenLaserDrill" Time="3">
            <Resource index="Minerals" value="20000"/>
            <Resource index="Custom" value="200"/>
            <Button DefaultButtonFace="DeployLaserDrill6" Requirements="DoesnothaveLaserDrill">
                <Flags index="UseDefaultButton" value="1"/>
                <Flags index="CreateDefaultButton" value="1"/>
            </Button>
        </InfoArray>
        <Range value="500"/>
    </CAbilBuild>
    <CAbilEffectTarget id="UltrasonicPulse">
        <Effect index="0" value="TychusSpectreUltrasonicPulseCPLv1"/>
        <Cost index="0">
            <Vital index="Energy" value="0"/>
            <Charge>
                <CountMax value="3"/>
                <CountStart value="1"/>
                <CountUse value="1"/>
                <Link value="Abil/Snipe"/>
                <TimeStart value="20"/>
                <TimeUse value="20"/>
            </Charge>
            <Cooldown Link="Abil/Snipe" TimeUse="5"/>
        </Cost>
        <CursorEffect index="0" value="TychusSpectreUltrasonicSearchLv1"/>
    </CAbilEffectTarget>
    <CAbilEffectTarget id="VehicleMercenaries">
        <EditorCategories value="AbilityorEffectType:Units"/>
        <DataCollection value="InfantryMercenaries"/>
        <Effect index="0" value="VehicleMercSet"/>
        <Cost>
            <Resource index="Minerals" value="4500"/>
            <Cooldown Location="Global" TimeUse="300"/>
        </Cost>
        <Range value="500"/>
        <CursorEffect value="DropWarPigs"/>
        <AINotifyEffect value="InfantryMercenaries"/>
        <CmdButtonArray index="Execute" DefaultButtonFace="VehicleMercenaries4">
            <Flags index="UseDefaultButton" value="1"/>
            <Flags index="CreateDefaultButton" value="1"/>
        </CmdButtonArray>
    </CAbilEffectTarget>
    <CAbilEffectTarget id="RepairDroneHeal">
        <EditorCategories value="Race:Protoss,AbilityorEffectType:Units"/>
        <Effect index="0" value="MechanicalRepair"/>
        <Flags index="AllowMovement" value="1"/>
        <Flags index="AutoCast" value="1"/>
        <Flags index="AutoCastOn" value="1"/>
        <Flags index="NoDeceleration" value="1"/>
        <TargetFilters value="Mechanical,Visible;Self,Neutral,Enemy,Missile,Uncommandable,UnderConstruction,Dead,Hidden,Invulnerable"/>
        <TargetSorts RequestCount="1">
            <SortArray value="TSAlliancePassive"/>
            <SortArray value="TSMarker"/>
            <SortArray value="TSLifeFraction"/>
            <SortArray value="TSDistance"/>
        </TargetSorts>
        <Range value="2"/>
        <AutoCastAcquireLevel value="Defensive"/>
        <AutoCastFilters value="Mechanical,Visible;Self,Neutral,Enemy,Structure,Missile,Dead,Hidden,Invulnerable"/>
        <AutoCastRange value="6"/>
        <AutoCastValidatorArray value="NotWarpingIn"/>
        <DefaultError value="RequiresHealTarget"/>
        <CmdButtonArray index="Execute" DefaultButtonFace="CarrierRepairDroneHeal"/>
        <AcquireAttackers value="1"/>
    </CAbilEffectTarget>
    <CAbilArmMagazine id="Refinery">
        <EditorCategories value="AbilityorEffectType:Units"/>
        <DataCollection value="Bunker"/>
        <Flags index="ShowStatus" value="0"/>
        <Leash value="20"/>
        <InfoArray index="Ammo1" CountStart="1" Manage="Recall" Unit="RefineryBounce">
            <Charge CountUse="1" Link="Abil/##id##"/>
            <Cooldown Link="Abil/##id##"/>
            <Button DefaultButtonFace="Refinery"/>
            <Flags index="External" value="1"/>
        </InfoArray>
        <MaxCount value="1"/>
    </CAbilArmMagazine>
    <CAbilTransport id="BunkerTransport">
        <MaxCargoSize value="4"/>
        <LoadCargoEffect value="BunkerLoadIterate"/>
        <UnloadCargoEffect value="BunkerUnloadIterate"/>
        <LoadValidatorArray value="NotSquadUnit"/>
    </CAbilTransport>
    <CAbilEffectTarget id="CCDepower">
        <EditorCategories value="AbilityorEffectType:Units"/>
        <Effect index="0" value="DepowerSwitch"/>
        <TargetFilters value="Ground,Structure;Ally,Neutral,Enemy"/>
        <Range value="500"/>
        <CmdButtonArray index="Execute" DefaultButtonFace="Depower"/>
    </CAbilEffectTarget>
    <CAbilEffectTarget id="CCRepair">
        <EditorCategories value="AbilityorEffectType:Units"/>
        <Effect index="0" value="BuildingRepairSwitch"/>
        <Flags index="AllowMovement" value="1"/>
        <Flags index="AutoCast" value="1"/>
        <Flags index="AutoCastOn" value="1"/>
        <Flags index="ChannelingMinimum" value="0"/>
        <TargetFilters value="Ground,Structure;Ally,Neutral,Enemy"/>
        <Range value="500"/>
        <Arc value="360"/>
        <AutoCastAcquireLevel value="Defensive"/>
        <AutoCastFilters value="Ground,Structure,Visible;Ally,Neutral,Enemy"/>
        <AutoCastRange value="500"/>
        <UseMarkerArray index="Approach" value="0"/>
        <UseMarkerArray index="Prep" value="0"/>
        <UseMarkerArray index="Cast" value="0"/>
        <UseMarkerArray index="Channel" value="0"/>
        <CmdButtonArray index="Execute" DefaultButtonFace="BuildingRepair"/>
        <AutoCastValidatorArray value="BuildingNotBeingRepaired"/>
    </CAbilEffectTarget>
    <CAbilEffectTarget id="CCSell">
        <EditorCategories value="AbilityorEffectType:Units"/>
        <Effect index="0" value="SalvageShared"/>
        <TargetFilters value="Ground,Structure;Ally,Neutral,Enemy"/>
        <Range value="500"/>
        <CmdButtonArray index="Execute" DefaultButtonFace="Sell"/>
    </CAbilEffectTarget>
    <CAbilTransport id="HerculesTransport">
        <MaxCargoCount value="32"/>
        <TotalCargoSpace value="32"/>
        <LoadCargoEffect value="AirTransportLoadIterate"/>
        <UnloadCargoEffect value="AirTransportUnloadIterate"/>
        <LoadValidatorArray value="CanLoadSiegeTank"/>
        <LoadValidatorArray value="NotSquadUnit"/>
        <UnloadPeriod value="0.4"/>
        <CmdButtonArray index="LoadAll" DefaultButtonFace="MedivacLoadNearby">
            <Flags index="Hidden" value="0"/>
            <Flags index="UseDefaultButton" value="1"/>
            <Flags index="CreateDefaultButton" value="1"/>
        </CmdButtonArray>
        <SearchRadius value="5"/>
    </CAbilTransport>
    <CAbilTransport id="AirTransport" parent="HerculesTransport">
        <Name value="Abil/Name/AirTransport"/>
        <AbilSetId value=""/>
        <EditorCategories value="AbilityorEffectType:Units"/>
        <DataCollection value="AirTransport"/>
        <Flags index="AllowPassengerSmartCmd" value="0"/>
        <Flags index="AllowSmartCmd" value="0"/>
        <Flags index="ShowStatus" value="0"/>
        <Range value="5"/>
        <MaxUnloadRange value="5"/>
        <MaxCargoCount value="200"/>
        <TotalCargoSpace value="200"/>
        <LoadCargoBehavior value="InsideMedivac"/>
        <UnloadPeriod value="0"/>
        <LoadValidatorArray index="0" removed="1"/>
        <LoadValidatorArray index="1" removed="1"/>
        <CmdButtonArray index="LoadAll" DefaultButtonFace="">
            <Flags index="Hidden" value="1"/>
            <Flags index="UseDefaultButton" value="0"/>
            <Flags index="CreateDefaultButton" value="0"/>
        </CmdButtonArray>
    </CAbilTransport>
    <CAbilArmMagazine id="AirTransportMag">
        <EditorCategories value="AbilityorEffectType:Units"/>
        <Flags index="ShowStatus" value="0"/>
        <Leash value="0"/>
        <InfoArray index="Ammo1" CountStart="1" Manage="Recall" Unit="AirTransport">
            <Charge Link="Abil/##id##"/>
            <Cooldown Link="Abil/##id##"/>
            <Flags index="External" value="1"/>
            <Flags index="LeashRetarget" value="1"/>
        </InfoArray>
        <MaxCount value="1"/>
    </CAbilArmMagazine>
    <CAbilArmMagazine id="ArmSiloWithNuke2">
        <EditorCategories value="Race:Terran,AbilityorEffectType:Structures"/>
        <Launch value="ReleaseAtSource"/>
        <Flags index="BestUnit" value="1"/>
        <InfoArray index="Ammo1" Time="60" Unit="Nuke">
            <Button DefaultButtonFace="NukeArm" Requirements="TrainNuke"/>
        </InfoArray>
        <CalldownEffect value="Nuke"/>
    </CAbilArmMagazine>
    <CAbilResearch id="Armory2Research">
        <EditorCategories value="Race:Terran,AbilityorEffectType:Structures"/>
        <InfoArray index="Research1" Time="60" Upgrade="HellionCampaignInfernalPreIgniter">
            <Resource index="Vespene" value="2000"/>
            <Button DefaultButtonFace="ResearchThermiteFilaments" Requirements="LearnThermiteFilamints">
                <Flags index="UseDefaultButton" value="1"/>
                <Flags index="CreateDefaultButton" value="1"/>
            </Button>
        </InfoArray>
        <InfoArray index="Research2" Time="60" Upgrade="EnhancedExplosives">
            <Resource index="Vespene" value="2000"/>
            <Button DefaultButtonFace="ResearchEnhancedExplosives" Requirements="LearnEnhancedExplosives">
                <Flags index="UseDefaultButton" value="1"/>
                <Flags index="CreateDefaultButton" value="1"/>
            </Button>
        </InfoArray>
        <InfoArray index="Research3" Time="60" Upgrade="ImprovedRailguns">
            <Resource index="Vespene" value="2000"/>
            <Button DefaultButtonFace="ResearchImprovedRailguns" Requirements="LearnImprovedRailguns">
                <Flags index="UseDefaultButton" value="1"/>
                <Flags index="CreateDefaultButton" value="1"/>
            </Button>
        </InfoArray>
        <InfoArray index="Research4" Time="60" Upgrade="HighEnergyCapacitors">
            <Resource index="Vespene" value="2000"/>
            <Button DefaultButtonFace="ResearchHighEnergyCapacitors" Requirements="LearnHighEnergyCapacitors">
                <Flags index="UseDefaultButton" value="1"/>
                <Flags index="CreateDefaultButton" value="1"/>
            </Button>
        </InfoArray>
    </CAbilResearch>
    <CAbilBuild id="Barracks2AddOns" parent="TerranAddOns">
        <Name value="Abil/Name/Barracks2AddOns"/>
        <EditorCategories value="Race:Terran,AbilityorEffectType:Structures"/>
        <BuildMorphAbil value="Barracks2LiftOff"/>
        <FlagArray index="IgnoreUnitCost" value="1"/>
        <InfoArray index="Build1" Unit="BarracksTechLab" Time="2">
            <Resource index="Vespene" value="200"/>
            <Button DefaultButtonFace="BuildTechLabBarracks" Requirements="MonoTrackDestroyed"/>
        </InfoArray>
        <InfoArray index="Build2" Unit="BarracksReactor" Time="50">
            <Button Requirements="MonoTrackDestroyed"/>
        </InfoArray>
        <InfoArray index="Build3" Unit="BarracksTechReactor" Time="50" AddOnParentCmdPriority="-1">
            <Button DefaultButtonFace="TechReactorAI" Requirements="MonoTrackBend90"/>
        </InfoArray>
        <InfoArray index="Build4" Unit="BarracksTechReactor" Time="50" AddOnParentCmdPriority="-1">
            <Button DefaultButtonFace="TechReactor" Requirements="CharCrystalLarge"/>
        </InfoArray>
    </CAbilBuild>
    <CAbilMorphPlacement id="Barracks2Land" parent="TerranBuildingLand" unit="Barracks">
        <Name value="Abil/Name/Barracks2Land"/>
        <InfoArray index="0" Unit="Barracks2" CollideRange="0">
            <SectionArray index="Abils">
                <DurationArray index="Delay" value="2"/>
            </SectionArray>
        </InfoArray>
    </CAbilMorphPlacement>
    <CAbilMorph id="Barracks2LiftOff" parent="TerranBuildingLiftOff" unit="BarracksFlying">
        <Name value="Abil/Name/Barracks2LiftOff"/>
        <InfoArray index="0" Unit="Barracks2Flying"/>
    </CAbilMorph>
    <CAbilTrain id="Barracks2Train">
        <EditorCategories value="Race:Terran,AbilityorEffectType:Structures"/>
        <Range value="5"/>
        <InfoArray index="Train1" Time="4">
            <Resource index="Vespene" value="400"/>
            <Button DefaultButtonFace="Marine" State="Restricted" Requirements="JumboBunkerNotResearched"/>
            <Unit value="MarineSquad"/>
        </InfoArray>
        <InfoArray index="Train2" Time="8">
            <Resource index="Vespene" value="800"/>
            <Button DefaultButtonFace="Reaper" State="Restricted" Requirements="HaveAttachedTechLab"/>
            <Unit value="ReaperSquad"/>
        </InfoArray>
        <InfoArray index="Train3" Time="20">
            <Resource index="Vespene" value="2000"/>
            <Button DefaultButtonFace="Ghost" State="Restricted" Requirements="HaveAttachedBarrTechLabAndShadowOps"/>
            <Unit value="Ghost"/>
        </InfoArray>
        <InfoArray index="Train4" Time="8">
            <Resource index="Vespene" value="800"/>
            <Button DefaultButtonFace="Marauder" State="Restricted" Requirements="HaveAttachedTechLab"/>
            <Unit value="MarauderSquad"/>
        </InfoArray>
        <InfoArray index="Train5" Time="6">
            <Resource index="Vespene" value="600"/>
            <Button DefaultButtonFace="Medic" State="Restricted" Requirements="HaveAttachedTechLab"/>
            <Unit value="MedicSquad"/>
        </InfoArray>
        <InfoArray index="Train6" Time="12">
            <Resource index="Vespene" value="1200"/>
            <Button DefaultButtonFace="FlameMech" State="Restricted" Requirements="HaveAttachedTechLab"/>
            <Unit value="FirebatSquad"/>
        </InfoArray>
        <InfoArray index="Train7" Time="20">
            <Resource index="Vespene" value="2000"/>
            <Button DefaultButtonFace="Spectre" State="Restricted" Requirements="HaveAttachedBarrTechLabAndShadowOps"/>
            <Unit value="Spectre"/>
        </InfoArray>
        <Flags index="BypassFoodRestriction" value="1"/>
        <Flags index="IgnoreUnitCost" value="1"/>
        <Flags index="WaitForFood" value="0"/>
    </CAbilTrain>
    <CAbilArmMagazine id="Bunker">
        <EditorCategories value="AbilityorEffectType:Units"/>
        <Flags index="ShowStatus" value="0"/>
        <Leash value="0"/>
        <InfoArray index="Ammo1" CountStart="1" Manage="Recall" Unit="BunkerSQ">
            <Charge CountUse="1" Link="Abil/##id##"/>
            <Cooldown Link="Abil/##id##"/>
            <Button DefaultButtonFace="Bunker"/>
            <Flags index="External" value="1"/>
        </InfoArray>
        <MaxCount value="1"/>
    </CAbilArmMagazine>
    <CAbilTransport id="BunkerTransportSquad" parent="BunkerTransport">
        <Name value="Abil/Name/BunkerTransportSquad"/>
        <DataCollection value="BunkerTransportSquad"/>
        <Range value="5"/>
        <MaxCargoCount value="8"/>
        <TotalCargoSpace value="8"/>
        <LoadCargoEffect value=""/>
        <UnloadCargoBehavior value="SquadBunkerUnload"/>
        <UnloadCargoEffect value=""/>
        <LoadValidatorArray index="1" removed="1"/>
    </CAbilTransport>
    <CAbilSpecialize id="CCBuild">
        <EditorCategories value="AbilityorEffectType:Units"/>
        <InfoArray index="Specialize1" Time="7" Effect="SupplyDepotBuilt">
            <Resource index="Vespene" value="700"/>
            <Resource index="Custom" value="-20"/>
            <Charge>
                <CountMax value="1"/>
                <CountUse value="-1"/>
                <HideCount value="1"/>
                <Location value="Unit"/>
            </Charge>
            <Button DefaultButtonFace="SupplyDepot" State="Restricted" Requirements="CanBuildSupplyDepot">
                <Flags index="ToSelection" value="1"/>
            </Button>
        </InfoArray>
        <InfoArray index="Specialize2" Time="30" Effect="RefineryBuilt">
            <Resource index="Vespene" value="3000"/>
            <Resource index="Custom" value="15"/>
            <Charge>
                <CountMax value="1"/>
                <CountUse value="-1"/>
                <HideCount value="1"/>
                <Location value="Unit"/>
            </Charge>
            <Button DefaultButtonFace="Refinery" State="Restricted" Requirements="CanBuildRefinery">
                <Flags index="ToSelection" value="1"/>
            </Button>
        </InfoArray>
        <InfoArray index="Specialize3" Time="5" Effect="BarracksBuilt">
            <Resource index="Vespene" value="500"/>
            <Resource index="Custom" value="5"/>
            <Charge>
                <CountMax value="1"/>
                <CountUse value="-1"/>
                <HideCount value="1"/>
                <Location value="Unit"/>
            </Charge>
            <Button DefaultButtonFace="Barracks" State="Restricted" Requirements="HaveSupplyDepot">
                <Flags index="ToSelection" value="1"/>
            </Button>
        </InfoArray>
        <InfoArray index="Specialize4" Time="15" Effect="EngineeringBayBuilt">
            <Resource index="Vespene" value="1500"/>
            <Resource index="Custom" value="9"/>
            <Charge>
                <CountMax value="1"/>
                <CountUse value="-1"/>
                <HideCount value="1"/>
                <Location value="Unit"/>
            </Charge>
            <Button DefaultButtonFace="EngineeringBay" State="Restricted" Requirements="HaveRefandSupplyDepot">
                <Flags index="ToSelection" value="1"/>
            </Button>
        </InfoArray>
        <InfoArray index="Specialize5" Time="4" Effect="BunkerBuilt">
            <Resource index="Vespene" value="400"/>
            <Charge>
                <CountMax value="1"/>
                <CountUse value="-1"/>
                <HideCount value="1"/>
                <Location value="Unit"/>
            </Charge>
            <Button DefaultButtonFace="Bunker" State="Restricted" Requirements="StaticDefBarracks">
                <Flags index="ToSelection" value="1"/>
            </Button>
        </InfoArray>
        <InfoArray index="Specialize6" Time="8" Effect="MissileTurretBuilt">
            <Resource index="Vespene" value="800"/>
            <Resource index="Custom" value="7"/>
            <Charge>
                <CountMax value="1"/>
                <CountUse value="-1"/>
                <HideCount value="1"/>
                <Location value="Unit"/>
            </Charge>
            <Button DefaultButtonFace="MissileTurret" State="Restricted" Requirements="StaticDefEngineeringBay">
                <Flags index="ToSelection" value="1"/>
            </Button>
        </InfoArray>
        <InfoArray index="Specialize7" Time="10" Effect="SensorTowerBuilt">
            <Resource index="Vespene" value="1000"/>
            <Resource index="Custom" value="10"/>
            <Charge>
                <CountMax value="1"/>
                <CountUse value="-1"/>
                <HideCount value="1"/>
                <Location value="Unit"/>
            </Charge>
            <Button DefaultButtonFace="SensorTower" State="Restricted" Requirements="IsNotCrane">
                <Flags index="ToSelection" value="1"/>
            </Button>
        </InfoArray>
        <InfoArray index="Specialize8" Time="10" Effect="GhostAcademyBuilt">
            <Resource index="Vespene" value="1000"/>
            <Resource index="Custom" value="7"/>
            <Charge>
                <CountMax value="1"/>
                <CountUse value="-1"/>
                <HideCount value="1"/>
                <Location value="Unit"/>
            </Charge>
            <Button DefaultButtonFace="GhostAcademy" State="Restricted" Requirements="HaveBarracks">
                <Flags index="ToSelection" value="1"/>
            </Button>
        </InfoArray>
        <InfoArray index="Specialize9" Time="20" Effect="FactoryBuilt">
            <Resource index="Vespene" value="2000"/>
            <Resource index="Custom" value="7"/>
            <Charge>
                <CountMax value="1"/>
                <CountUse value="-1"/>
                <HideCount value="1"/>
                <Location value="Unit"/>
            </Charge>
            <Button DefaultButtonFace="Factory" State="Restricted" Requirements="HaveRefandSupplyDepot">
                <Flags index="ToSelection" value="1"/>
            </Button>
        </InfoArray>
        <InfoArray index="Specialize10" Time="40" Effect="ArmoryBuilt">
            <Resource index="Vespene" value="4000"/>
            <Resource index="Custom" value="12"/>
            <Charge>
                <CountMax value="1"/>
                <CountUse value="-1"/>
                <HideCount value="1"/>
                <Location value="Unit"/>
            </Charge>
            <Button DefaultButtonFace="Armory" State="Restricted" Requirements="HaveEngineeringBay">
                <Flags index="ToSelection" value="1"/>
            </Button>
        </InfoArray>
        <InfoArray index="Specialize11" Time="10" Effect="StarportBuilt">
            <Resource index="Vespene" value="1000"/>
            <Resource index="Custom" value="8"/>
            <Charge>
                <CountMax value="1"/>
                <CountUse value="-1"/>
                <HideCount value="1"/>
                <Location value="Unit"/>
            </Charge>
            <Button DefaultButtonFace="Starport" State="Restricted" Requirements="HaveEngineeringBay">
                <Flags index="ToSelection" value="1"/>
            </Button>
        </InfoArray>
        <InfoArray index="Specialize12" Time="30" Effect="FusionCoreBuilt">
            <Resource index="Vespene" value="3000"/>
            <Resource index="Custom" value="15"/>
            <Charge>
                <CountMax value="1"/>
                <CountUse value="-1"/>
                <HideCount value="1"/>
                <Location value="Unit"/>
            </Charge>
            <Button DefaultButtonFace="FusionCore" State="Restricted" Requirements="HaveArmory">
                <Flags index="ToSelection" value="1"/>
            </Button>
        </InfoArray>
        <InfoArray index="Specialize13" Time="15" Effect="CraneBuilt">
            <Resource index="Vespene" value="1500"/>
            <Resource index="Custom" value="10"/>
            <Charge>
                <CountMax value="1"/>
                <CountUse value="-1"/>
                <HideCount value="1"/>
                <Location value="Unit"/>
            </Charge>
            <Button DefaultButtonFace="Decal_Terran_0047_01" Requirements="IsNotCrane">
                <Flags index="ToSelection" value="1"/>
            </Button>
        </InfoArray>
        <InfoArray index="Specialize14" Time="12" Effect="DevastatorTurretBuilt">
            <Resource index="Vespene" value="1200"/>
            <Resource index="Custom" value="8"/>
            <Charge>
                <CountMax value="1"/>
                <CountUse value="-1"/>
                <HideCount value="1"/>
                <Location value="Unit"/>
            </Charge>
            <Button DefaultButtonFace="BuildDevastatorTurret" State="Restricted" Requirements="StaticDefBarracks">
                <Flags index="ToSelection" value="1"/>
            </Button>
        </InfoArray>
        <InfoArray index="Specialize15" Time="15" Effect="PerditionTurretBuilt">
            <Resource index="Vespene" value="1500"/>
            <Resource index="Custom" value="-12"/>
            <Display index="Custom" value="1"/>
            <Charge>
                <CountMax value="1"/>
                <CountUse value="-1"/>
                <HideCount value="1"/>
                <Location value="Unit"/>
            </Charge>
            <Button DefaultButtonFace="PerditionTurret" Requirements="StaticDefEngineeringBay">
                <Flags index="ToSelection" value="1"/>
            </Button>
        </InfoArray>
        <InfoArray index="Specialize16">
            <Charge HideCount="1"/>
            <Button>
                <Flags index="ToSelection" value="1"/>
            </Button>
        </InfoArray>
        <InfoArray index="Specialize17">
            <Charge HideCount="1"/>
            <Button>
                <Flags index="ToSelection" value="1"/>
            </Button>
        </InfoArray>
        <InfoArray index="Specialize18">
            <Charge HideCount="1"/>
            <Button>
                <Flags index="ToSelection" value="1"/>
            </Button>
        </InfoArray>
        <InfoArray index="Specialize19">
            <Charge HideCount="1"/>
            <Button>
                <Flags index="ToSelection" value="1"/>
            </Button>
        </InfoArray>
        <InfoArray index="Specialize20">
            <Charge HideCount="1"/>
            <Button>
                <Flags index="ToSelection" value="1"/>
            </Button>
        </InfoArray>
        <Alert value="BuildComplete"/>
    </CAbilSpecialize>
    <CAbilBuild id="CCPlaceBuilding">
        <EditorCategories value="AbilityorEffectType:Units"/>
        <FlagArray index="IgnoreFood" value="1"/>
        <FlagArray index="IgnoreUnitCost" value="1"/>
        <FlagArray index="PeonDisableCollision" value="1"/>
        <FlagArray index="PeonMaintained" value="0"/>
        <InfoArray index="Build1" Unit="SupplyDepot2" Time="3">
            <Resource index="Custom" value="-20"/>
            <Charge>
                <CountMax value="1"/>
                <CountUse value="1"/>
                <Link value="Abil/CCBuild"/>
                <Location value="Unit"/>
            </Charge>
            <Button DefaultButtonFace="SupplyDepot" State="Restricted" Requirements="HasBuiltSupplyDepot">
                <Flags index="ToSelection" value="1"/>
            </Button>
        </InfoArray>
        <InfoArray index="Build2" Unit="Refinery2" Time="3">
            <Resource index="Custom" value="15"/>
            <Charge>
                <CountMax value="1"/>
                <CountUse value="1"/>
                <Link value="Abil/CCBuild"/>
                <Location value="Unit"/>
            </Charge>
            <Button DefaultButtonFace="Refinery" State="Restricted" Requirements="HasBuiltRefinery">
                <Flags index="ToSelection" value="1"/>
            </Button>
        </InfoArray>
        <InfoArray index="Build3" Unit="Barracks2" Time="3">
            <Resource index="Custom" value="5"/>
            <Charge>
                <CountMax value="1"/>
                <CountUse value="1"/>
                <Link value="Abil/CCBuild"/>
                <Location value="Unit"/>
            </Charge>
            <Button DefaultButtonFace="Barracks" State="Restricted" Requirements="HasBuiltBarracks">
                <Flags index="ToSelection" value="1"/>
            </Button>
        </InfoArray>
        <InfoArray index="Build4" Unit="EngineeringBay2" Time="3">
            <Resource index="Custom" value="9"/>
            <Charge>
                <CountMax value="1"/>
                <CountUse value="1"/>
                <Link value="Abil/CCBuild"/>
                <Location value="Unit"/>
            </Charge>
            <Button DefaultButtonFace="EngineeringBay" State="Restricted" Requirements="HasBuiltEngineeringBay">
                <Flags index="ToSelection" value="1"/>
            </Button>
        </InfoArray>
        <InfoArray index="Build5" Unit="Bunker2" Time="3">
            <Charge>
                <CountMax value="1"/>
                <CountUse value="1"/>
                <Link value="Abil/CCBuild"/>
                <Location value="Unit"/>
            </Charge>
            <Button DefaultButtonFace="Bunker" State="Restricted" Requirements="HasBuiltBunker">
                <Flags index="ToSelection" value="1"/>
            </Button>
        </InfoArray>
        <InfoArray index="Build6" Unit="MissileTurret2" Time="3">
            <Resource index="Custom" value="7"/>
            <Charge>
                <CountMax value="1"/>
                <CountUse value="1"/>
                <Link value="Abil/CCBuild"/>
                <Location value="Unit"/>
            </Charge>
            <Button DefaultButtonFace="MissileTurret" State="Restricted" Requirements="HasBuiltMissileTurret">
                <Flags index="ToSelection" value="1"/>
            </Button>
        </InfoArray>
        <InfoArray index="Build7" Unit="SensorTower2" Time="3">
            <Resource index="Custom" value="10"/>
            <Charge>
                <CountMax value="1"/>
                <CountUse value="1"/>
                <Link value="Abil/CCBuild"/>
                <Location value="Unit"/>
            </Charge>
            <Button DefaultButtonFace="SensorTower" State="Restricted" Requirements="HasBuiltSensorTower">
                <Flags index="ToSelection" value="1"/>
            </Button>
        </InfoArray>
        <InfoArray index="Build8" Unit="GhostAcademy2" Time="3">
            <Resource index="Custom" value="7"/>
            <Charge>
                <CountMax value="1"/>
                <CountUse value="1"/>
                <Link value="Abil/CCBuild"/>
                <Location value="Unit"/>
            </Charge>
            <Button DefaultButtonFace="GhostAcademy" State="Restricted" Requirements="HasBuiltGhostAcademy">
                <Flags index="ToSelection" value="1"/>
            </Button>
        </InfoArray>
        <InfoArray index="Build9" Unit="Factory2" Time="3">
            <Resource index="Custom" value="7"/>
            <Charge>
                <CountMax value="1"/>
                <CountUse value="1"/>
                <Link value="Abil/CCBuild"/>
                <Location value="Unit"/>
            </Charge>
            <Button DefaultButtonFace="Factory" State="Restricted" Requirements="HasBuiltFactory">
                <Flags index="ToSelection" value="1"/>
            </Button>
        </InfoArray>
        <InfoArray index="Build10" Unit="Armory2" Time="3">
            <Resource index="Custom" value="12"/>
            <Charge>
                <CountMax value="1"/>
                <CountUse value="1"/>
                <Link value="Abil/CCBuild"/>
                <Location value="Unit"/>
            </Charge>
            <Button DefaultButtonFace="Armory" State="Restricted" Requirements="HasBuiltArmory">
                <Flags index="ToSelection" value="1"/>
            </Button>
        </InfoArray>
        <InfoArray index="Build11" Unit="Starport2" Time="3">
            <Resource index="Custom" value="8"/>
            <Charge>
                <CountMax value="1"/>
                <CountUse value="1"/>
                <Link value="Abil/CCBuild"/>
                <Location value="Unit"/>
            </Charge>
            <Button DefaultButtonFace="Starport" State="Restricted" Requirements="HasBuiltStarport">
                <Flags index="ToSelection" value="1"/>
            </Button>
        </InfoArray>
        <InfoArray index="Build12" Unit="FusionCore2" Time="3">
            <Resource index="Custom" value="15"/>
            <Charge>
                <CountMax value="1"/>
                <CountUse value="1"/>
                <Link value="Abil/CCBuild"/>
                <Location value="Unit"/>
            </Charge>
            <Button DefaultButtonFace="FusionCore" State="Restricted" Requirements="HasBuiltFusionCore">
                <Flags index="ToSelection" value="1"/>
            </Button>
        </InfoArray>
        <InfoArray index="Build13" Unit="Crane" Time="3">
            <Resource index="Custom" value="10"/>
            <Charge>
                <CountMax value="1"/>
                <CountUse value="1"/>
                <Link value="Abil/CCBuild"/>
                <Location value="Unit"/>
            </Charge>
            <Button DefaultButtonFace="Decal_Terran_0047_01" Requirements="HasBuiltCrane">
                <Flags index="ToSelection" value="1"/>
            </Button>
        </InfoArray>
        <InfoArray index="Build14" Unit="DevastationTurret" Time="3">
            <Resource index="Custom" value="8"/>
            <Charge>
                <CountMax value="1"/>
                <CountUse value="1"/>
                <Link value="Abil/CCBuild"/>
                <Location value="Unit"/>
            </Charge>
            <Button DefaultButtonFace="BuildDevastatorTurret" Requirements="HasBuiltDevastatorTurret">
                <Flags index="ToSelection" value="1"/>
            </Button>
        </InfoArray>
        <InfoArray index="Build15" Unit="PerditionTurret" Time="3">
            <Resource index="Custom" value="-12"/>
            <Charge>
                <CountMax value="1"/>
                <CountUse value="1"/>
                <Link value="Abil/CCBuild"/>
                <Location value="Unit"/>
            </Charge>
            <Button DefaultButtonFace="PerditionTurret" Requirements="HasBuiltPerditionTurret">
                <Flags index="ToSelection" value="1"/>
            </Button>
        </InfoArray>
        <InfoArray index="Build16">
            <Charge Link="Abil/CCBuild"/>
            <Button>
                <Flags index="ToSelection" value="1"/>
            </Button>
        </InfoArray>
        <InfoArray index="Build17">
            <Charge Link="Abil/CCBuild"/>
            <Button>
                <Flags index="ToSelection" value="1"/>
            </Button>
        </InfoArray>
        <InfoArray index="Build18">
            <Charge Link="Abil/CCBuild"/>
            <Button>
                <Flags index="ToSelection" value="1"/>
            </Button>
        </InfoArray>
        <InfoArray index="Build19">
            <Charge Link="Abil/CCBuild"/>
            <Button>
                <Flags index="ToSelection" value="1"/>
            </Button>
        </InfoArray>
        <InfoArray index="Build20">
            <Charge Link="Abil/CCBuild"/>
            <Button>
                <Flags index="ToSelection" value="1"/>
            </Button>
        </InfoArray>
        <InfoArray index="Build21">
            <Charge Link="Abil/CCBuild"/>
            <Button>
                <Flags index="ToSelection" value="1"/>
            </Button>
        </InfoArray>
        <InfoArray index="Build22">
            <Charge Link="Abil/CCBuild"/>
            <Button>
                <Flags index="ToSelection" value="1"/>
            </Button>
        </InfoArray>
        <InfoArray index="Build23">
            <Charge Link="Abil/CCBuild"/>
            <Button>
                <Flags index="ToSelection" value="1"/>
            </Button>
        </InfoArray>
        <InfoArray index="Build24">
            <Charge Link="Abil/CCBuild"/>
            <Button>
                <Flags index="ToSelection" value="1"/>
            </Button>
        </InfoArray>
        <InfoArray index="Build25">
            <Charge Link="Abil/CCBuild"/>
            <Button>
                <Flags index="ToSelection" value="1"/>
            </Button>
        </InfoArray>
        <InfoArray index="Build26">
            <Charge Link="Abil/CCBuild"/>
            <Button>
                <Flags index="ToSelection" value="1"/>
            </Button>
        </InfoArray>
        <InfoArray index="Build27">
            <Charge Link="Abil/CCBuild"/>
            <Button>
                <Flags index="ToSelection" value="1"/>
            </Button>
        </InfoArray>
        <InfoArray index="Build28">
            <Charge Link="Abil/CCBuild"/>
            <Button>
                <Flags index="ToSelection" value="1"/>
            </Button>
        </InfoArray>
        <InfoArray index="Build29">
            <Charge Link="Abil/CCBuild"/>
            <Button>
                <Flags index="ToSelection" value="1"/>
            </Button>
        </InfoArray>
        <InfoArray index="Build30">
            <Charge Link="Abil/CCBuild"/>
            <Button>
                <Flags index="ToSelection" value="1"/>
            </Button>
        </InfoArray>
        <Range value="500"/>
        <EffectArray index="Start" value="RemoveBuiltBehaviors"/>
    </CAbilBuild>
    <CAbilQueue id="CCQueue">
        <EditorCategories value="AbilityorEffectType:Units"/>
        <QueueSize value="99"/>
    </CAbilQueue>
    <CAbilMorphPlacement id="CommandCenter2Land" parent="TerranBuildingLand" unit="CommandCenter">
        <Name value="Abil/Name/CommandCenter2Land"/>
        <InfoArray index="0" Unit="CommandCenter2" CollideRange="0">
            <SectionArray index="Abils">
                <DurationArray index="Delay" value="2"/>
            </SectionArray>
        </InfoArray>
    </CAbilMorphPlacement>
    <CAbilMorph id="CommandCenter2LiftOff" parent="TerranBuildingLiftOff" unit="CommandCenterFlying">
        <Name value="Abil/Name/CommandCenter2LiftOff"/>
        <InfoArray index="0" Unit="CommandCenter2Flying"/>
    </CAbilMorph>
    <CAbilResearch id="EngineeringBay2Research">
        <EditorCategories value="Race:Terran,AbilityorEffectType:Structures"/>
        <InfoArray index="Research1" Time="30" Upgrade="HiSecAutoTracking">
            <Resource index="Vespene" value="2000"/>
            <Button DefaultButtonFace="ResearchHiSecAutoTracking" State="Restricted" Requirements="LearnTerranDefenseRangeBonus"/>
        </InfoArray>
        <InfoArray index="Research2" Time="60" Upgrade="TerranBuildingArmor">
            <Resource index="Vespene" value="2000"/>
            <Button DefaultButtonFace="UpgradeBuildingArmorLevel1" State="Restricted" Requirements="LearnTerranBuildingArmor"/>
        </InfoArray>
        <InfoArray index="Research6" Time="110" Upgrade="NeosteelFrame">
            <Resource index="Minerals" value="100"/>
            <Resource index="Vespene" value="100"/>
            <Button DefaultButtonFace="ResearchNeosteelFrame" State="Restricted" Requirements="LearnNeosteelFrame">
                <Flags index="ShowInGlossary" value="1"/>
            </Button>
        </InfoArray>
    </CAbilResearch>
    <CAbilBuild id="Factory2AddOns" parent="TerranAddOns">
        <Name value="Abil/Name/Factory2AddOns"/>
        <EditorCategories value="Race:Terran,AbilityorEffectType:Structures"/>
        <BuildMorphAbil value="Factory2LiftOff"/>
        <FlagArray index="IgnoreUnitCost" value="1"/>
        <InfoArray index="Build1" Unit="FactoryTechLab" Time="2">
            <Resource index="Vespene" value="200"/>
            <Button DefaultButtonFace="BuildTechLabFactory" Requirements="MonoTrackDestroyed"/>
        </InfoArray>
        <InfoArray index="Build2" Unit="FactoryReactor" Time="50">
            <Button Requirements="MonoTrackDestroyed"/>
        </InfoArray>
        <InfoArray index="Build3" Unit="FactoryTechReactor" Time="50" AddOnParentCmdPriority="-1">
            <Button DefaultButtonFace="TechReactorAI" Requirements="MonoTrackBend90"/>
        </InfoArray>
        <InfoArray index="Build4" Unit="FactoryTechReactor" Time="50" AddOnParentCmdPriority="-1">
            <Button DefaultButtonFace="TechReactor" Requirements="CharCrystalLarge"/>
        </InfoArray>
    </CAbilBuild>
    <CAbilMorphPlacement id="Factory2Land" parent="TerranBuildingLand" unit="Factory">
        <Name value="Abil/Name/Factory2Land"/>
        <InfoArray index="0" Unit="Factory2" CollideRange="0">
            <SectionArray index="Abils">
                <DurationArray index="Delay" value="2"/>
            </SectionArray>
        </InfoArray>
    </CAbilMorphPlacement>
    <CAbilMorph id="Factory2LiftOff" parent="TerranBuildingLiftOff" unit="FactoryFlying">
        <Name value="Abil/Name/Factory2LiftOff"/>
        <InfoArray index="0" Unit="Factory2Flying"/>
    </CAbilMorph>
    <CAbilTrain id="Factory2Train">
        <EditorCategories value="Race:Terran,AbilityorEffectType:Structures"/>
        <Activity value="UI/Building"/>
        <Flags index="BypassFoodRestriction" value="1"/>
        <Flags index="IgnoreUnitCost" value="1"/>
        <Flags index="WaitForFood" value="0"/>
        <InfoArray index="Train1" Time="16">
            <Resource index="Vespene" value="1600"/>
            <Button DefaultButtonFace="SCV"/>
            <Unit value="SCV2"/>
        </InfoArray>
        <InfoArray index="Train2" Time="25">
            <Resource index="Vespene" value="2500"/>
            <Button DefaultButtonFace="SiegeTank" State="Restricted" Requirements="HaveAttachedTechLab"/>
            <Unit value="SiegeTank"/>
        </InfoArray>
        <InfoArray index="Train5" Time="60">
            <Button DefaultButtonFace="Thor" State="Restricted" Requirements="HaveArmoryAndAttachedTechLab"/>
            <Unit value="Thor"/>
        </InfoArray>
        <InfoArray index="Train6" Time="8">
            <Resource index="Vespene" value="800"/>
            <Button DefaultButtonFace="Hellion" State="Restricted"/>
            <Unit value="Hellion"/>
        </InfoArray>
        <InfoArray index="Train7" Time="12">
            <Resource index="Vespene" value="1200"/>
            <Button DefaultButtonFace="Goliath" State="Restricted" Requirements="HaveAttachedTechLab"/>
            <Unit value="Goliath"/>
        </InfoArray>
        <InfoArray index="Train8" Time="14">
            <Resource index="Vespene" value="1400"/>
            <Button DefaultButtonFace="Diamondback" State="Restricted" Requirements="HaveAttachedTechLab"/>
            <Unit value="Diamondback"/>
        </InfoArray>
        <InfoArray index="Train9" Time="9">
            <Resource index="Vespene" value="900"/>
            <Button DefaultButtonFace="Vulture" State="Restricted" Requirements="JumboBunkerNotResearched"/>
            <Unit value="Vulture"/>
        </InfoArray>
        <InfoArray index="Train10" Time="14">
            <Resource index="Vespene" value="1400"/>
            <Button DefaultButtonFace="Predator" State="Restricted" Requirements="HaveAttachedTechLab"/>
            <Unit value="Predator"/>
        </InfoArray>
    </CAbilTrain>
    <CAbilResearch id="FusionCore2Research">
        <EditorCategories value="Race:Terran,AbilityorEffectType:Structures"/>
        <InfoArray index="Research1" Time="60" Upgrade="BattlecruiserEnableSpecializations">
            <Resource index="Minerals" value="150"/>
            <Resource index="Vespene" value="150"/>
            <Button DefaultButtonFace="ResearchBattlecruiserSpecializations" State="Restricted" Requirements="LearnBattlecruiserSpecializations">
                <Flags index="ShowInGlossary" value="1"/>
            </Button>
        </InfoArray>
        <InfoArray index="Research2" Time="80" Upgrade="BattlecruiserBehemothReactor">
            <Resource index="Minerals" value="150"/>
            <Resource index="Vespene" value="150"/>
            <Button DefaultButtonFace="ResearchBattlecruiserEnergyUpgrade" State="Restricted" Requirements="LearnBattlecruiserEnergyUpgrade">
                <Flags index="ShowInGlossary" value="1"/>
            </Button>
        </InfoArray>
    </CAbilResearch>
    <CAbilResearch id="GhostAcademy2Research">
        <EditorCategories value="Race:Terran,AbilityorEffectType:Structures"/>
        <InfoArray index="Research1" Time="120" Upgrade="PersonalCloaking">
            <Resource index="Minerals" value="150"/>
            <Resource index="Vespene" value="150"/>
            <Button DefaultButtonFace="ResearchPersonalCloaking" State="Restricted" Requirements="LearnPersonnelCloaking">
                <Flags index="ShowInGlossary" value="1"/>
            </Button>
        </InfoArray>
        <InfoArray index="Research2" Time="80" Upgrade="GhostMoebiusReactor">
            <Resource index="Minerals" value="100"/>
            <Resource index="Vespene" value="100"/>
            <Button DefaultButtonFace="ResearchGhostEnergyUpgrade" State="Restricted" Requirements="LearnGhostEnergyUpgrade">
                <Flags index="ShowInGlossary" value="1"/>
            </Button>
        </InfoArray>
        <InfoArray index="Research3" Time="60" Upgrade="HailstormLaunchers">
            <Resource index="Vespene" value="2500"/>
            <Button DefaultButtonFace="HailstormLaunchers" Requirements="LearnHailstormLaunchers">
                <Flags index="UseDefaultButton" value="1"/>
                <Flags index="CreateDefaultButton" value="1"/>
            </Button>
        </InfoArray>
    </CAbilResearch>
    <CAbilArmMagazine id="MarauderSquad">
        <EditorCategories value="AbilityorEffectType:Units"/>
        <Flags index="AutoCastOffOwnerLeave" value="0"/>
        <Flags index="IgnoreUnitCost" value="1"/>
        <Flags index="Retarget" value="1"/>
        <Flags index="ShowStatus" value="0"/>
        <Leash value="0.55"/>
        <InfoArray index="Ammo1" CountStart="2" Distance="0.25" Manage="Recall" Unit="Marauder">
            <Charge CountUse="1" Link="Abil/##id##"/>
            <Cooldown Link="Abil/##id##"/>
            <Button DefaultButtonFace="Marine" State="Suppressed"/>
            <Flags index="External" value="1"/>
        </InfoArray>
        <EffectArray index="Create" value="SquadUnit"/>
        <EffectArray index="Launch" value="TransferKillsToCaster"/>
        <ExternalAngle value="90"/>
        <ExternalAngle value="270"/>
        <MaxCount value="2"/>
    </CAbilArmMagazine>
    <CAbilArmMagazine id="FirebatSquad">
        <EditorCategories value="AbilityorEffectType:Units"/>
        <Flags index="AutoCastOffOwnerLeave" value="0"/>
        <Flags index="IgnoreUnitCost" value="1"/>
        <Flags index="Retarget" value="1"/>
        <Flags index="ShowStatus" value="0"/>
        <Leash value="0.55"/>
        <InfoArray index="Ammo1" CountStart="4" Distance="0.25" Manage="Recall" Unit="Firebat">
            <Charge CountUse="1" Link="Abil/##id##"/>
            <Cooldown Link="Abil/##id##"/>
            <Button DefaultButtonFace="Marine" State="Suppressed"/>
            <Flags index="External" value="1"/>
        </InfoArray>
        <EffectArray index="Create" value="SquadUnit"/>
        <EffectArray index="Launch" value="TransferKillsToCaster"/>
        <ExternalAngle value="45"/>
        <ExternalAngle value="135"/>
        <ExternalAngle value="225"/>
        <ExternalAngle value="315"/>
        <MaxCount value="4"/>
    </CAbilArmMagazine>
    <CAbilArmMagazine id="MarineSquad">
        <EditorCategories value="AbilityorEffectType:Units"/>
        <Flags index="AutoCastOffOwnerLeave" value="0"/>
        <Flags index="IgnoreUnitCost" value="1"/>
        <Flags index="Retarget" value="1"/>
        <Flags index="ShowStatus" value="0"/>
        <Leash value="0.55"/>
        <InfoArray index="Ammo1" CountStart="6" Distance="0.25" Manage="Recall" Unit="Marine">
            <Charge CountUse="1" Link="Abil/##id##"/>
            <Cooldown Link="Abil/##id##"/>
            <Button DefaultButtonFace="Marine" State="Suppressed"/>
            <Flags index="External" value="1"/>
        </InfoArray>
        <EffectArray index="Create" value="SquadUnit"/>
        <EffectArray index="Launch" value="TransferKillsToCaster"/>
        <ExternalAngle value="29.9926"/>
        <ExternalAngle value="90"/>
        <ExternalAngle value="149.9963"/>
        <ExternalAngle value="209.9926"/>
        <ExternalAngle value="270"/>
        <ExternalAngle value="329.9963"/>
        <MaxCount value="6"/>
    </CAbilArmMagazine>
    <CAbilEffectInstant id="RefineryBounce">
        <OrderArray index="0" Model="Assets\UI\Cursors\WayPointConfirm_Void\WayPointConfirm_Void.m3"/>
        <AbilSetId value="Harv"/>
        <EditorCategories value="AbilityorEffectType:Units"/>
        <Flags index="AutoCast" value="1"/>
        <Flags index="AutoCastOn" value="1"/>
        <Cost>
            <Cooldown TimeUse="5"/>
        </Cost>
        <AutoCastAcquireLevel value="Defensive"/>
        <AutoCastFilters value="Visible;Ally,Neutral,Enemy"/>
        <CmdButtonArray index="Execute" DefaultButtonFace="Gather"/>
    </CAbilEffectInstant>
    <CAbilEffectInstant id="SquadStimpack" parent="Stimpack">
        <Name value="Abil/Name/SquadStimpack"/>
        <DataCollection value="MarineSquadStimpack"/>
        <Effect index="0" value="MarineSquadStimIterate"/>
        <Cost index="0">
            <Vital index="Life" value="0"/>
            <Charge Link="Abil/MedivacStim"/>
            <Cooldown Link="Abil/MedivacStim"/>
        </Cost>
    </CAbilEffectInstant>
    <CAbilArmMagazine id="MedicSquad">
        <EditorCategories value="AbilityorEffectType:Units"/>
        <Flags index="AutoCastOffOwnerLeave" value="0"/>
        <Flags index="IgnoreUnitCost" value="1"/>
        <Flags index="Retarget" value="1"/>
        <Flags index="ShowStatus" value="0"/>
        <Leash value="0.55"/>
        <InfoArray index="Ammo1" CountStart="3" Distance="0.25" Manage="Recall" Unit="Medic">
            <Charge CountUse="1" Link="Abil/##id##"/>
            <Cooldown Link="Abil/##id##"/>
            <Button DefaultButtonFace="Marine" State="Suppressed"/>
            <Flags index="External" value="1"/>
        </InfoArray>
        <EffectArray index="Create" value="SquadUnit"/>
        <EffectArray index="Launch" value="TransferKillsToCaster"/>
        <ExternalAngle value="59.9963"/>
        <ExternalAngle value="180"/>
        <ExternalAngle value="299.9926"/>
        <MaxCount value="3"/>
    </CAbilArmMagazine>
    <CAbilTransport id="MedivacTransport">
        <LoadCargoEffect value="MedivacLoadSet"/>
        <UnloadCargoEffect value="AirTransportUnloadIterate"/>
        <LoadValidatorArray value="CanLoadSiegeTank"/>
        <LoadValidatorArray value="NotSquadUnit"/>
        <LoadCargoBehavior value="InsideMedivac"/>
        <UnloadPeriod value="2"/>
        <CmdButtonArray index="LoadAll" DefaultButtonFace="MedivacLoadNearby">
            <Flags index="Hidden" value="0"/>
            <Flags index="UseDefaultButton" value="1"/>
            <Flags index="CreateDefaultButton" value="1"/>
        </CmdButtonArray>
        <SearchRadius value="5"/>
        <TargetSorts>
            <SortArray index="1" value="TSBiological"/>
            <SortArray value="TSLifeFraction"/>
            <SortArray value="TSDistance"/>
        </TargetSorts>
    </CAbilTransport>
    <CAbilMorphPlacement id="OrbitalCommandLand2" parent="TerranBuildingLand" unit="OrbitalCommand">
        <Name value="Abil/Name/OrbitalCommandLand2"/>
        <InfoArray index="0" Unit="OrbitalCommand2" CollideRange="0">
            <SectionArray index="Abils">
                <DurationArray index="Delay" value="2"/>
            </SectionArray>
        </InfoArray>
    </CAbilMorphPlacement>
    <CAbilMorph id="OrbitalLiftOff2" parent="TerranBuildingLiftOff" unit="OrbitalCommandFlying">
        <Name value="Abil/Name/OrbitalLiftOff2"/>
        <InfoArray index="0" Unit="OrbitalCommandFlying2"/>
    </CAbilMorph>
    <CAbilBehavior id="PauseResumeQueue">
        <EditorCategories value="AbilityorEffectType:Units"/>
        <CmdButtonArray index="On" DefaultButtonFace="PauseQueue"/>
        <CmdButtonArray index="Off" DefaultButtonFace="ResumeQueue"/>
        <Flags index="Toggle" value="1"/>
        <BehaviorArray value="QueuePaused"/>
    </CAbilBehavior>
    <CAbilArmMagazine id="ReaperSquad">
        <EditorCategories value="AbilityorEffectType:Units"/>
        <Flags index="AutoCastOffOwnerLeave" value="0"/>
        <Flags index="IgnoreUnitCost" value="1"/>
        <Flags index="Retarget" value="1"/>
        <Flags index="ShowStatus" value="0"/>
        <Leash value="0.55"/>
        <InfoArray index="Ammo1" CountStart="4" Distance="0.25" Manage="Recall" Unit="Reaper">
            <Charge CountUse="1" Link="Abil/##id##"/>
            <Cooldown Link="Abil/##id##"/>
            <Button DefaultButtonFace="Marine" State="Suppressed"/>
            <Flags index="External" value="1"/>
        </InfoArray>
        <EffectArray index="Create" value="SquadUnit"/>
        <EffectArray index="Launch" value="TransferKillsToCaster"/>
        <ExternalAngle value="45"/>
        <ExternalAngle value="135"/>
        <ExternalAngle value="214.9914"/>
        <ExternalAngle value="304.9914"/>
        <MaxCount value="4"/>
    </CAbilArmMagazine>
    <CAbilHarvest id="SCVHarvest">
        <ResourceAmountCapacity index="Minerals" value="1400"/>
        <AcquireRadius value="20"/>
        <ResourceAcquire index="Custom" value="1"/>
        <ResourceDestroy index="Vespene" value="0"/>
    </CAbilHarvest>
    <CAbilTransport id="SpecOpsDropshipTransport">
        <LoadCargoEffect value="AirTransportLoadIterate"/>
        <UnloadCargoEffect value="AirTransportUnloadIterate"/>
    </CAbilTransport>
    <CAbilBuild id="Starport2AddOns" parent="TerranAddOns">
        <Name value="Abil/Name/Starport2AddOns"/>
        <EditorCategories value="Race:Terran,AbilityorEffectType:Structures"/>
        <BuildMorphAbil value="Starport2LiftOff"/>
        <FlagArray index="IgnoreUnitCost" value="1"/>
        <InfoArray index="Build1" Unit="StarportTechLab" Time="2">
            <Resource index="Vespene" value="200"/>
            <Button DefaultButtonFace="BuildTechLabStarport" Requirements="MonoTrackDestroyed"/>
        </InfoArray>
        <InfoArray index="Build2" Unit="StarportReactor" Time="50">
            <Button Requirements="MonoTrackDestroyed"/>
        </InfoArray>
        <InfoArray index="Build3" Unit="StarportTechReactor" Time="50" AddOnParentCmdPriority="-1">
            <Button DefaultButtonFace="TechReactorAI" Requirements="MonoTrackBend90"/>
        </InfoArray>
        <InfoArray index="Build4" Unit="StarportTechReactor" Time="50" AddOnParentCmdPriority="-1">
            <Button DefaultButtonFace="TechReactor" Requirements="CharCrystalLarge"/>
        </InfoArray>
    </CAbilBuild>
    <CAbilMorphPlacement id="Starport2Land" parent="TerranBuildingLand" unit="Starport">
        <Name value="Abil/Name/Starport2Land"/>
        <InfoArray index="0" Unit="Starport2" CollideRange="0">
            <SectionArray index="Abils">
                <DurationArray index="Delay" value="2"/>
            </SectionArray>
        </InfoArray>
    </CAbilMorphPlacement>
    <CAbilMorph id="Starport2LiftOff" parent="TerranBuildingLiftOff" unit="StarportFlying">
        <Name value="Abil/Name/Starport2LiftOff"/>
        <InfoArray index="0" Unit="Starport2Flying"/>
    </CAbilMorph>
    <CAbilTrain id="Starport2Train">
        <EditorCategories value="Race:Terran,AbilityorEffectType:Structures"/>
        <Activity value="UI/Building"/>
        <InfoArray index="Train1" Time="12">
            <Resource index="Vespene" value="1200"/>
            <Button DefaultButtonFace="Medivac" State="Restricted"/>
            <Unit value="Medivac"/>
        </InfoArray>
        <InfoArray index="Train2" Time="60">
            <Button DefaultButtonFace="Banshee" State="Restricted" Requirements="HaveAttachedTechLab"/>
            <Unit value="Banshee"/>
        </InfoArray>
        <InfoArray index="Train3" Time="25">
            <Resource index="Vespene" value="2500"/>
            <Button DefaultButtonFace="Raven" State="Restricted" Requirements="HaveAttachedTechLab"/>
            <Unit value="Raven"/>
        </InfoArray>
        <InfoArray index="Train4" Time="110">
            <Button DefaultButtonFace="Battlecruiser" State="Restricted" Requirements="HaveAttachedStarportTechLabAndFusionCore"/>
            <Unit value="Battlecruiser"/>
        </InfoArray>
        <InfoArray index="Train5" Time="15">
            <Resource index="Vespene" value="1500"/>
            <Button DefaultButtonFace="VikingFighter" State="Restricted"/>
            <Unit value="VikingFighter"/>
        </InfoArray>
        <InfoArray index="Train6" Time="20">
            <Resource index="Vespene" value="2000"/>
            <Button DefaultButtonFace="BuildHercules" State="Restricted" Requirements="HaveAttachedStarportTechLabAndFusionCore"/>
            <Unit value="Hercules"/>
        </InfoArray>
        <InfoArray index="Train7" Time="25">
            <Resource index="Vespene" value="2500"/>
            <Button DefaultButtonFace="BuildScienceVessel" State="Restricted" Requirements="JumboBunkerNotResearched"/>
            <Unit value="ScienceVessel"/>
        </InfoArray>
        <InfoArray index="Train8" Time="15">
            <Resource index="Vespene" value="1500"/>
            <Button DefaultButtonFace="Wraith" State="Restricted" Requirements="HaveAttachedTechLab"/>
            <Unit value="Wraith"/>
        </InfoArray>
        <InfoArray index="Train9" Time="35">
            <Resource index="Vespene" value="3500"/>
            <Button DefaultButtonFace="CommandCenter"/>
            <Unit value="CommandCenter2Flying"/>
        </InfoArray>
        <Flags index="BypassFoodRestriction" value="1"/>
        <Flags index="IgnoreUnitCost" value="1"/>
        <Flags index="WaitForFood" value="0"/>
    </CAbilTrain>
    <CAbilMorph id="SupplyDepot2Lower">
        <EditorCategories value="Race:Terran,AbilityorEffectType:Structures"/>
        <CmdButtonArray index="Execute" DefaultButtonFace="Lower"/>
        <InfoArray Unit="SupplyDepot2Lowered" CollideRange="0">
            <SectionArray index="Abils">
                <EffectArray index="Start" value="SupplyDepotMorphingApplyBehavior"/>
            </SectionArray>
            <SectionArray index="Actor">
                <DurationArray index="Duration" value="1.3"/>
            </SectionArray>
            <SectionArray index="Collide">
                <DurationArray index="Delay" value="1.3"/>
            </SectionArray>
            <SectionArray index="Mover">
                <DurationArray index="Duration" value="1.3"/>
            </SectionArray>
            <SectionArray index="Stats">
                <DurationArray index="Delay" value="1.3"/>
            </SectionArray>
        </InfoArray>
    </CAbilMorph>
    <CAbilMorph id="SupplyDepot2Raise">
        <EditorCategories value="Race:Terran,AbilityorEffectType:Structures"/>
        <CmdButtonArray index="Execute" DefaultButtonFace="Raise"/>
        <Flags index="IgnorePlacement" value="0"/>
        <Flags index="MoveBlockers" value="1"/>
        <InfoArray Unit="SupplyDepot2" CollideRange="0">
            <SectionArray index="Abils">
                <EffectArray index="Start" value="SupplyDepotMorphingApplyBehavior"/>
            </SectionArray>
            <SectionArray index="Actor">
                <DurationArray index="Duration" value="1.3"/>
            </SectionArray>
            <SectionArray index="Mover">
                <DurationArray index="Duration" value="1.3"/>
            </SectionArray>
            <SectionArray index="Stats">
                <DurationArray index="Delay" value="1.3"/>
            </SectionArray>
        </InfoArray>
    </CAbilMorph>
    <CAbilSpecialize id="UpgradeDepot">
        <EditorCategories value="AbilityorEffectType:Units"/>
        <InfoArray index="Specialize1" Time="3" Effect="SupplyDropApplyTempBehavior">
            <Button DefaultButtonFace="SupplyDrop" Requirements="SupplyDepotUpgrade"/>
            <Flags index="AutoCast" value="1"/>
            <Flags index="AutoCastOn" value="1"/>
        </InfoArray>
        <Flags index="BestUnit" value="0"/>
    </CAbilSpecialize>
    <CAbilMorph id="UpgradeToPlanetaryFortress2">
        <EditorCategories value="Race:Terran,AbilityorEffectType:MorphsandBurrows"/>
        <CmdButtonArray index="Execute" DefaultButtonFace="PlanetaryFortress" State="Restricted" Requirements="HaveEngineeringBay"/>
        <CmdButtonArray index="Cancel" DefaultButtonFace="CancelUpgradeMorph"/>
        <Flags index="BestUnit" value="1"/>
        <Flags index="Birth" value="1"/>
        <Flags index="DisableAbils" value="1"/>
        <Flags index="FastBuild" value="1"/>
        <Flags index="Interruptible" value="1"/>
        <Flags index="IgnoreUnitCost" value="1"/>
        <Flags index="Produce" value="1"/>
        <Flags index="ShowProgress" value="1"/>
        <InfoArray Score="1" Unit="PlanetaryFortress2">
            <SectionArray index="Abils">
                <DurationArray index="Delay" value="12"/>
            </SectionArray>
            <SectionArray index="Actor">
                <DurationArray index="Duration" value="12"/>
            </SectionArray>
            <SectionArray index="Stats">
                <DurationArray index="Delay" value="12"/>
            </SectionArray>
        </InfoArray>
        <Alert value="UpgradeComplete"/>
        <ValidatorArray value="HasNoCargo"/>
        <Cost>
            <Resource index="Minerals" value="1200"/>
        </Cost>
    </CAbilMorph>
    <CAbilEffectTarget id="StarshipMercenaries">
        <EditorCategories value="AbilityorEffectType:Units"/>
        <DataCollection value="InfantryMercenaries"/>
        <Effect index="0" value="StarshipMercSet"/>
        <Cost>
            <Resource index="Minerals" value="6000"/>
            <Cooldown Location="Global" TimeUse="300"/>
        </Cost>
        <Range value="500"/>
        <CursorEffect value="DropWarPigs"/>
        <AINotifyEffect value="InfantryMercenaries"/>
        <CmdButtonArray index="Execute" DefaultButtonFace="StarshipMercenaries3">
            <Flags index="UseDefaultButton" value="1"/>
            <Flags index="CreateDefaultButton" value="1"/>
        </CmdButtonArray>
    </CAbilEffectTarget>
    <CAbilArmMagazine id="WarPigSquad">
        <EditorCategories value="AbilityorEffectType:Units"/>
        <Flags index="AutoCastOffOwnerLeave" value="0"/>
        <Flags index="IgnoreUnitCost" value="1"/>
        <Flags index="Retarget" value="1"/>
        <Flags index="ShowStatus" value="0"/>
        <Leash value="0.55"/>
        <InfoArray index="Ammo1" CountStart="6" Distance="0.25" Manage="Recall" Unit="WarPig">
            <Charge CountUse="1" Link="Abil/##id##"/>
            <Cooldown Link="Abil/##id##"/>
            <Button DefaultButtonFace="Marine" State="Suppressed"/>
            <Flags index="External" value="1"/>
        </InfoArray>
        <EffectArray index="Create" value="SquadUnit"/>
        <EffectArray index="Launch" value="TransferKillsToCaster"/>
        <ExternalAngle value="29.9926"/>
        <ExternalAngle value="90"/>
        <ExternalAngle value="149.9963"/>
        <ExternalAngle value="209.9926"/>
        <ExternalAngle value="270"/>
        <ExternalAngle value="329.9963"/>
        <MaxCount value="6"/>
    </CAbilArmMagazine>
    <CAbilMorph id="WreckingCrewAssaultMode">
        <Flags index="WaitUntilStopped" value="0"/>
    </CAbilMorph>
    <CAbilMorph id="WreckingCrewFighterMode">
        <Flags index="WaitUntilStopped" value="0"/>
    </CAbilMorph>
    <CAbilEffectTarget id="Yamato">
        <Cost index="0">
            <Vital index="Energy" value="0"/>
            <Cooldown TimeUse="120"/>
        </Cost>
    </CAbilEffectTarget>
    <CAbilEffectTarget id="ZeratulBlink">
        <Cost index="0">
            <Charge CountMax="3" CountUse="1" TimeUse="10">
                <Flags index="RestoreAllChargesOnCooldown" value="1"/>
            </Charge>
            <Cooldown TimeUse="0"/>
        </Cost>
        <FinishTime value="0.125"/>
    </CAbilEffectTarget>
    <CAbilEffectTarget id="ZeratulSeek">
        <EditorCategories value="AbilityorEffectType:Units"/>
        <Flags index="AutoCast" value="1"/>
        <Flags index="AutoCastOn" value="1"/>
        <Cost>
            <Cooldown TimeUse="15"/>
        </Cost>
        <Range value="500"/>
        <AutoCastRange value="500"/>
        <PrepTime value="2"/>
        <UninterruptibleArray index="Prep" value="1"/>
        <UninterruptibleArray index="Cast" value="1"/>
        <UninterruptibleArray index="Channel" value="1"/>
        <UninterruptibleArray index="Finish" value="1"/>
        <TargetFilters value="Visible;Player,Ally,Neutral"/>
    </CAbilEffectTarget>
    <CAbilEffectTarget id="heal">
        <TargetSorts>
            <SortArray index="1" value="TSLifeFraction"/>
            <SortArray index="2" value="TSDistance"/>
        </TargetSorts>
        <AutoCastRange value="3"/>
        <AcquireAttackers value="0"/>
        <FollowRange value="1"/>
    </CAbilEffectTarget>
    <CAbilEffectTarget id="MedicSquadAcquire" parent="heal">
        <Name value="Abil/Name/MedicSquadAcquire"/>
        <DataCollection value="MedicSquadAcquire"/>
        <Effect index="0" value="MedicSquadAcquire"/>
        <SmartValidatorArray index="0" value="NotWarpingIn"/>
        <SmartValidatorArray index="1" removed="1"/>
        <AutoCastRange value="6"/>
        <AutoCastValidatorArray index="0" value="NotWarpingIn"/>
        <AutoCastValidatorArray index="1" value="IsNotMedic"/>
        <Marker Link="Abil/MedicSquadAcquire"/>
        <AINotifyEffect value="MedicSquadAcquire"/>
        <Range index="0" value="1"/>
        <AcquireAttackers value="1"/>
        <Flags index="Smart" value="0"/>
    </CAbilEffectTarget>
</Catalog>
