<?xml version="1.0" encoding="utf-8"?>
<Catalog>
    <CAbilResearch id="BarracksTechLabResearch">
        <InfoArray index="Research4" Time="90" Upgrade="TerranInfantryUltraCapacitors">
            <Resource index="Vespene" value="3000"/>
            <Button DefaultButtonFace="InfantryUltraCapacitors" State="Restricted" Requirements="LearnInfantryUltraCaps"/>
        </InfoArray>
        <InfoArray index="Research5" Time="90" Upgrade="TerranInfantryVanadiumPlating">
            <Resource index="Vespene" value="3000"/>
            <Button DefaultButtonFace="InfantryVanadiumPlating" State="Restricted" Requirements="LearnInfantryVanadium"/>
        </InfoArray>
    </CAbilResearch>
    <CAbilEffectTarget id="BonesHeal">
        <Marker Link="Abil/##id##"/>
    </CAbilEffectTarget>
    <CAbilArmMagazine id="Refinery">
        <EditorCategories value="AbilityorEffectType:Units"/>
        <DataCollection value="Bunker"/>
        <Flags index="ShowStatus" value="0"/>
        <Leash value="20"/>
        <InfoArray index="Ammo1" CountStart="1" Manage="Recall" Unit="RefineryBounce">
            <Charge CountUse="1" Link="Abil/##id##"/>
            <Cooldown Link="Abil/##id##"/>
            <Button DefaultButtonFace="Refinery"/>
            <Flags index="External" value="1"/>
        </InfoArray>
        <MaxCount value="1"/>
    </CAbilArmMagazine>
    <CAbilTransport id="BunkerTransport">
        <MaxCargoSize value="4"/>
        <LoadCargoEffect value="BunkerLoadIterate"/>
        <UnloadCargoEffect value="BunkerUnloadIterate"/>
    </CAbilTransport>
    <CAbilEffectTarget id="CCDepower">
        <EditorCategories value="AbilityorEffectType:Units"/>
        <Effect index="0" value="DepowerSwitch"/>
        <TargetFilters value="Ground,Structure;Ally,Neutral,Enemy"/>
        <Range value="500"/>
        <CmdButtonArray index="Execute" DefaultButtonFace="Depower"/>
    </CAbilEffectTarget>
    <CAbilEffectTarget id="CCRepair">
        <EditorCategories value="AbilityorEffectType:Units"/>
        <Effect index="0" value="BuildingRepairSwitch"/>
        <Flags index="AllowMovement" value="1"/>
        <Flags index="AutoCast" value="1"/>
        <Flags index="AutoCastOn" value="1"/>
        <Flags index="ChannelingMinimum" value="0"/>
        <TargetFilters value="Ground,Structure;Ally,Neutral,Enemy"/>
        <Range value="500"/>
        <Arc value="360"/>
        <AutoCastAcquireLevel value="Defensive"/>
        <AutoCastFilters value="Ground,Structure,Visible;Ally,Neutral,Enemy"/>
        <AutoCastRange value="500"/>
        <UseMarkerArray index="Approach" value="0"/>
        <UseMarkerArray index="Prep" value="0"/>
        <UseMarkerArray index="Cast" value="0"/>
        <UseMarkerArray index="Channel" value="0"/>
        <CmdButtonArray index="Execute" DefaultButtonFace="BuildingRepair"/>
        <AutoCastValidatorArray value="BuildingNotBeingRepaired"/>
    </CAbilEffectTarget>
    <CAbilEffectTarget id="CCSell">
        <EditorCategories value="AbilityorEffectType:Units"/>
        <Effect index="0" value="SalvageShared"/>
        <TargetFilters value="Ground,Structure;Ally,Neutral,Enemy"/>
        <Range value="500"/>
        <CmdButtonArray index="Execute" DefaultButtonFace="Sell"/>
    </CAbilEffectTarget>
    <CAbilTransport id="HerculesTransport">
        <MaxCargoCount value="32"/>
        <TotalCargoSpace value="32"/>
        <LoadCargoEffect value="AirTransportLoadIterate"/>
        <UnloadCargoEffect value="AirTransportUnloadIterate"/>
    </CAbilTransport>
    <CAbilTransport id="AirTransport" parent="HerculesTransport">
        <Name value="Abil/Name/AirTransport"/>
        <AbilSetId value=""/>
        <EditorCategories value="AbilityorEffectType:Units"/>
        <DataCollection value="AirTransport"/>
        <Flags index="AllowPassengerSmartCmd" value="0"/>
        <Flags index="AllowSmartCmd" value="0"/>
        <Flags index="ShowStatus" value="0"/>
        <Range value="5"/>
        <MaxUnloadRange value="5"/>
        <MaxCargoCount value="200"/>
        <TotalCargoSpace value="200"/>
        <LoadCargoBehavior value=""/>
        <UnloadPeriod value="0"/>
        <SearchRadius value="5"/>
    </CAbilTransport>
    <CAbilArmMagazine id="AirTransportMag">
        <EditorCategories value="AbilityorEffectType:Units"/>
        <Flags index="ShowStatus" value="0"/>
        <Leash value="0"/>
        <InfoArray index="Ammo1" CountStart="1" Manage="Recall" Unit="AirTransport">
            <Charge Link="Abil/##id##"/>
            <Cooldown Link="Abil/##id##"/>
            <Flags index="External" value="1"/>
        </InfoArray>
        <MaxCount value="1"/>
    </CAbilArmMagazine>
    <CAbilArmMagazine id="ArmSiloWithNuke2">
        <EditorCategories value="Race:Terran,AbilityorEffectType:Structures"/>
        <Launch value="ReleaseAtSource"/>
        <Flags index="BestUnit" value="1"/>
        <InfoArray index="Ammo1" Time="60" Unit="Nuke">
            <Button DefaultButtonFace="NukeArm" Requirements="TrainNuke"/>
        </InfoArray>
        <CalldownEffect value="Nuke"/>
    </CAbilArmMagazine>
    <CAbilResearch id="Armory2Research">
        <EditorCategories value="Race:Terran,AbilityorEffectType:Structures"/>
        <InfoArray index="Research3" Time="160" Upgrade="TerranVehicleArmorsLevel1">
            <Resource index="Minerals" value="100"/>
            <Resource index="Vespene" value="100"/>
            <Button DefaultButtonFace="TerranVehiclePlatingLevel1" State="Restricted" Requirements="LearnTerranVehicleArmor1"/>
        </InfoArray>
        <InfoArray index="Research4" Time="190" Upgrade="TerranVehicleArmorsLevel2">
            <Resource index="Minerals" value="175"/>
            <Resource index="Vespene" value="175"/>
            <Button DefaultButtonFace="TerranVehiclePlatingLevel2" State="Restricted" Requirements="LearnTerranVehicleArmor2"/>
        </InfoArray>
        <InfoArray index="Research5" Time="220" Upgrade="TerranVehicleArmorsLevel3">
            <Resource index="Minerals" value="250"/>
            <Resource index="Vespene" value="250"/>
            <Button DefaultButtonFace="TerranVehiclePlatingLevel3" State="Restricted" Requirements="LearnTerranVehicleArmor3"/>
        </InfoArray>
        <InfoArray index="Research6" Time="160" Upgrade="TerranVehicleWeaponsLevel1">
            <Resource index="Minerals" value="100"/>
            <Resource index="Vespene" value="100"/>
            <Button DefaultButtonFace="TerranVehicleWeaponsLevel1" State="Restricted" Requirements="LearnTerranVehicleWeapon1"/>
        </InfoArray>
        <InfoArray index="Research7" Time="190" Upgrade="TerranVehicleWeaponsLevel2">
            <Resource index="Minerals" value="175"/>
            <Resource index="Vespene" value="175"/>
            <Button DefaultButtonFace="TerranVehicleWeaponsLevel2" State="Restricted" Requirements="LearnTerranVehicleWeapon2"/>
        </InfoArray>
        <InfoArray index="Research8" Time="220" Upgrade="TerranVehicleWeaponsLevel3">
            <Resource index="Minerals" value="250"/>
            <Resource index="Vespene" value="250"/>
            <Button DefaultButtonFace="TerranVehicleWeaponsLevel3" State="Restricted" Requirements="LearnTerranVehicleWeapon3"/>
        </InfoArray>
        <InfoArray index="Research9" Time="160" Upgrade="TerranShipArmorsLevel1">
            <Resource index="Minerals" value="150"/>
            <Resource index="Vespene" value="150"/>
            <Button DefaultButtonFace="TerranShipPlatingLevel1" State="Restricted" Requirements="LearnTerranShipArmor1"/>
        </InfoArray>
        <InfoArray index="Research10" Time="190" Upgrade="TerranShipArmorsLevel2">
            <Resource index="Minerals" value="225"/>
            <Resource index="Vespene" value="225"/>
            <Button DefaultButtonFace="TerranShipPlatingLevel2" State="Restricted" Requirements="LearnTerranShipArmor2"/>
        </InfoArray>
        <InfoArray index="Research11" Time="220" Upgrade="TerranShipArmorsLevel3">
            <Resource index="Minerals" value="300"/>
            <Resource index="Vespene" value="300"/>
            <Button DefaultButtonFace="TerranShipPlatingLevel3" State="Restricted" Requirements="LearnTerranShipArmor3"/>
        </InfoArray>
        <InfoArray index="Research12" Time="160" Upgrade="TerranShipWeaponsLevel1">
            <Resource index="Minerals" value="100"/>
            <Resource index="Vespene" value="100"/>
            <Button DefaultButtonFace="TerranShipWeaponsLevel1" State="Restricted" Requirements="LearnTerranShipWeapon1"/>
        </InfoArray>
        <InfoArray index="Research13" Time="190" Upgrade="TerranShipWeaponsLevel2">
            <Resource index="Minerals" value="175"/>
            <Resource index="Vespene" value="175"/>
            <Button DefaultButtonFace="TerranShipWeaponsLevel2" State="Restricted" Requirements="LearnTerranShipWeapon2"/>
        </InfoArray>
        <InfoArray index="Research14" Time="220" Upgrade="TerranShipWeaponsLevel3">
            <Resource index="Minerals" value="250"/>
            <Resource index="Vespene" value="250"/>
            <Button DefaultButtonFace="TerranShipWeaponsLevel3" State="Restricted" Requirements="LearnTerranShipWeapon3"/>
        </InfoArray>
        <InfoArray index="Research16" Time="170" Upgrade="TerranVehicleWeaponsUltraCapacitorsLevel1">
            <Resource index="Minerals" value="100"/>
            <Resource index="Vespene" value="100"/>
            <Button DefaultButtonFace="TerranVehicleWeaponsUltraCapacitorsLevel1" Requirements="LearnTerranVehicleWeaponUltraCapacitors1"/>
        </InfoArray>
        <InfoArray index="Research17" Time="200" Upgrade="TerranVehicleWeaponsUltraCapacitorsLevel2">
            <Resource index="Minerals" value="175"/>
            <Resource index="Vespene" value="175"/>
            <Button DefaultButtonFace="TerranVehicleWeaponsUltraCapacitorsLevel2" Requirements="LearnTerranVehicleWeaponUltraCapacitors2"/>
        </InfoArray>
        <InfoArray index="Research18" Time="230" Upgrade="TerranVehicleWeaponsUltraCapacitorsLevel3">
            <Resource index="Minerals" value="250"/>
            <Resource index="Vespene" value="250"/>
            <Button DefaultButtonFace="TerranVehicleWeaponsUltraCapacitorsLevel3" Requirements="LearnTerranVehicleWeaponUltraCapacitors3"/>
        </InfoArray>
        <InfoArray index="Research19" Time="170" Upgrade="TerranShipWeaponsUltraCapacitorsLevel1">
            <Resource index="Minerals" value="100"/>
            <Resource index="Vespene" value="100"/>
            <Button DefaultButtonFace="TerranShipWeaponsUltraCapacitorsLevel1" Requirements="LearnTerranShipWeaponUltraCapacitors1"/>
        </InfoArray>
        <InfoArray index="Research20" Time="200" Upgrade="TerranShipWeaponsUltraCapacitorsLevel2">
            <Resource index="Minerals" value="175"/>
            <Resource index="Vespene" value="175"/>
            <Button DefaultButtonFace="TerranShipWeaponsUltraCapacitorsLevel2" Requirements="LearnTerranShipWeaponUltraCapacitors2"/>
        </InfoArray>
        <InfoArray index="Research21" Time="230" Upgrade="TerranShipWeaponsUltraCapacitorsLevel3">
            <Resource index="Minerals" value="250"/>
            <Resource index="Vespene" value="250"/>
            <Button DefaultButtonFace="TerranShipWeaponsUltraCapacitorsLevel3" Requirements="LearnTerranShipWeaponUltraCapacitors3"/>
        </InfoArray>
        <InfoArray index="Research22" Time="170" Upgrade="TerranVehicleArmorsVanadiumPlatingLevel1">
            <Resource index="Minerals" value="100"/>
            <Resource index="Vespene" value="100"/>
            <Button DefaultButtonFace="TerranVehiclePlatingVanadiumPlatingLevel1" Requirements="LearnTerranVehicleArmorVanadiumPlating1"/>
        </InfoArray>
        <InfoArray index="Research23" Time="200" Upgrade="TerranVehicleArmorsVanadiumPlatingLevel2">
            <Resource index="Minerals" value="175"/>
            <Resource index="Vespene" value="175"/>
            <Button DefaultButtonFace="TerranVehiclePlatingVanadiumPlatingLevel2" Requirements="LearnTerranVehicleArmorVanadiumPlating2"/>
        </InfoArray>
        <InfoArray index="Research24" Time="230" Upgrade="TerranVehicleArmorsVanadiumPlatingLevel3">
            <Resource index="Minerals" value="250"/>
            <Resource index="Vespene" value="250"/>
            <Button DefaultButtonFace="TerranVehiclePlatingVanadiumPlatingLevel3" Requirements="LearnTerranVehicleArmorVanadiumPlating3"/>
        </InfoArray>
        <InfoArray index="Research25" Time="170" Upgrade="TerranShipArmorsVanadiumPlatingLevel1">
            <Resource index="Minerals" value="150"/>
            <Resource index="Vespene" value="150"/>
            <Button DefaultButtonFace="TerranShipPlatingVanadiumPlatingLevel1" Requirements="LearnTerranShipArmorVanadiumPlating1"/>
        </InfoArray>
        <InfoArray index="Research26" Time="200" Upgrade="TerranShipArmorsVanadiumPlatingLevel2">
            <Resource index="Minerals" value="225"/>
            <Resource index="Vespene" value="225"/>
            <Button DefaultButtonFace="TerranShipPlatingVanadiumPlatingLevel2" Requirements="LearnTerranShipArmorVanadiumPlating2"/>
        </InfoArray>
        <InfoArray index="Research27" Time="230" Upgrade="TerranShipArmorsVanadiumPlatingLevel3">
            <Resource index="Minerals" value="300"/>
            <Resource index="Vespene" value="300"/>
            <Button DefaultButtonFace="TerranShipPlatingVanadiumPlatingLevel3" Requirements="LearnTerranShipArmorVanadiumPlating3"/>
        </InfoArray>
    </CAbilResearch>
    <CAbilBuild id="Barracks2AddOns" parent="TerranAddOns">
        <Name value="Abil/Name/Barracks2AddOns"/>
        <EditorCategories value="Race:Terran,AbilityorEffectType:Structures"/>
        <BuildMorphAbil value="Barracks2LiftOff"/>
        <FlagArray index="IgnoreUnitCost" value="1"/>
        <InfoArray index="Build1" Unit="BarracksTechLab" Time="2">
            <Resource index="Vespene" value="200"/>
            <Button DefaultButtonFace="BuildTechLabBarracks" Requirements="UseTechReactorHide"/>
        </InfoArray>
        <InfoArray index="Build2" Unit="BarracksReactor" Time="50">
            <Button Requirements="UseTechReactorHide"/>
        </InfoArray>
        <InfoArray index="Build3" Unit="BarracksTechReactor" Time="50" AddOnParentCmdPriority="-1">
            <Button DefaultButtonFace="TechReactorAI" Requirements="UseTechReactorAI"/>
        </InfoArray>
        <InfoArray index="Build4" Unit="BarracksTechReactor" Time="50" AddOnParentCmdPriority="-1">
            <Button DefaultButtonFace="TechReactor" Requirements="UseTechReactor"/>
        </InfoArray>
    </CAbilBuild>
    <CAbilMorphPlacement id="Barracks2Land" parent="TerranBuildingLand" unit="Barracks">
        <Name value="Abil/Name/Barracks2Land"/>
        <InfoArray index="0" Unit="Barracks2" CollideRange="0">
            <SectionArray index="Abils">
                <DurationArray index="Delay" value="2"/>
            </SectionArray>
        </InfoArray>
    </CAbilMorphPlacement>
    <CAbilMorph id="Barracks2LiftOff" parent="TerranBuildingLiftOff" unit="BarracksFlying">
        <Name value="Abil/Name/Barracks2LiftOff"/>
        <InfoArray index="0" Unit="Barracks2Flying"/>
    </CAbilMorph>
    <CAbilTrain id="Barracks2Train">
        <EditorCategories value="Race:Terran,AbilityorEffectType:Structures"/>
        <Range value="5"/>
        <InfoArray index="Train1" Time="4">
            <Resource index="Vespene" value="400"/>
            <Button DefaultButtonFace="Marine" State="Restricted" Requirements="JumboBunkerNotResearched"/>
            <Unit value="MarineSquad"/>
        </InfoArray>
        <InfoArray index="Train2" Time="8">
            <Resource index="Vespene" value="800"/>
            <Button DefaultButtonFace="Reaper" State="Restricted" Requirements="HaveAttachedTechLab"/>
            <Unit value="ReaperSquad"/>
        </InfoArray>
        <InfoArray index="Train3" Time="40">
            <Button DefaultButtonFace="Ghost" State="Restricted" Requirements="HaveAttachedBarrTechLabOrAttachedTechReactorAndShadowOps"/>
            <Unit value="GhostSquad"/>
        </InfoArray>
        <InfoArray index="Train4" Time="6">
            <Resource index="Vespene" value="600"/>
            <Button DefaultButtonFace="Marauder" State="Restricted" Requirements="HaveAttachedTechLab"/>
            <Unit value="MarauderSquad"/>
        </InfoArray>
        <InfoArray index="Train5" Time="6">
            <Resource index="Vespene" value="600"/>
            <Button DefaultButtonFace="Medic" State="Restricted" Requirements="HaveAttachedTechLab"/>
            <Unit value="MedicSquad"/>
        </InfoArray>
        <InfoArray index="Train6" Time="12">
            <Resource index="Vespene" value="1200"/>
            <Button DefaultButtonFace="FlameMech" State="Restricted" Requirements="HaveAttachedTechLab"/>
            <Unit value="FirebatSquad"/>
        </InfoArray>
        <InfoArray index="Train7" Time="50">
            <Button DefaultButtonFace="Spectre" State="Restricted" Requirements="HaveAttachedBarrTechLabOrAttachedTechReactorAndShadowOps"/>
            <Unit value="Spectre"/>
        </InfoArray>
        <Flags index="BypassFoodRestriction" value="1"/>
        <Flags index="IgnoreUnitCost" value="1"/>
        <Flags index="WaitForFood" value="0"/>
    </CAbilTrain>
    <CAbilArmMagazine id="Bunker">
        <EditorCategories value="AbilityorEffectType:Units"/>
        <Flags index="ShowStatus" value="0"/>
        <Leash value="0"/>
        <InfoArray index="Ammo1" CountStart="1" Manage="Recall" Unit="Bunker2">
            <Charge CountUse="1" Link="Abil/##id##"/>
            <Cooldown Link="Abil/##id##"/>
            <Button DefaultButtonFace="Bunker"/>
            <Flags index="External" value="1"/>
        </InfoArray>
        <MaxCount value="1"/>
    </CAbilArmMagazine>
    <CAbilTransport id="BunkerTransportSquad" parent="BunkerTransport">
        <Name value="Abil/Name/BunkerTransportSquad"/>
        <DataCollection value="BunkerTransportSquad"/>
        <Range value="5"/>
        <MaxCargoCount value="8"/>
        <TotalCargoSpace value="8"/>
        <LoadCargoEffect value=""/>
        <UnloadCargoBehavior value="SquadBunkerUnload"/>
        <UnloadCargoEffect value=""/>
    </CAbilTransport>
    <CAbilSpecialize id="CCBuild">
        <EditorCategories value="AbilityorEffectType:Units"/>
        <InfoArray index="Specialize1" Time="7" Effect="SupplyDepotBuilt">
            <Resource index="Vespene" value="700"/>
            <Resource index="Custom" value="-20"/>
            <Charge>
                <CountMax value="1"/>
                <CountUse value="-1"/>
                <HideCount value="1"/>
                <Location value="Unit"/>
            </Charge>
            <Button DefaultButtonFace="SupplyDepot" State="Restricted" Requirements="CanBuildSupplyDepot">
                <Flags index="ToSelection" value="1"/>
            </Button>
        </InfoArray>
        <InfoArray index="Specialize2" Time="30" Effect="RefineryBuilt">
            <Resource index="Vespene" value="3000"/>
            <Resource index="Custom" value="15"/>
            <Charge>
                <CountMax value="1"/>
                <CountUse value="-1"/>
                <HideCount value="1"/>
                <Location value="Unit"/>
            </Charge>
            <Button DefaultButtonFace="Refinery" State="Restricted" Requirements="CanBuildRefinery">
                <Flags index="ToSelection" value="1"/>
            </Button>
        </InfoArray>
        <InfoArray index="Specialize3" Time="5" Effect="BarracksBuilt">
            <Resource index="Vespene" value="500"/>
            <Resource index="Custom" value="5"/>
            <Charge>
                <CountMax value="1"/>
                <CountUse value="-1"/>
                <HideCount value="1"/>
                <Location value="Unit"/>
            </Charge>
            <Button DefaultButtonFace="Barracks" State="Restricted" Requirements="HaveSupplyDepot">
                <Flags index="ToSelection" value="1"/>
            </Button>
        </InfoArray>
        <InfoArray index="Specialize4" Time="15" Effect="EngineeringBayBuilt">
            <Resource index="Vespene" value="1500"/>
            <Resource index="Custom" value="9"/>
            <Charge>
                <CountMax value="1"/>
                <CountUse value="-1"/>
                <HideCount value="1"/>
                <Location value="Unit"/>
            </Charge>
            <Button DefaultButtonFace="EngineeringBay" State="Restricted" Requirements="HaveRefandSupplyDepot">
                <Flags index="ToSelection" value="1"/>
            </Button>
        </InfoArray>
        <InfoArray index="Specialize5" Time="4" Effect="BunkerBuilt">
            <Resource index="Vespene" value="400"/>
            <Charge>
                <CountMax value="1"/>
                <CountUse value="-1"/>
                <HideCount value="1"/>
                <Location value="Unit"/>
            </Charge>
            <Button DefaultButtonFace="Bunker" State="Restricted" Requirements="StaticDefBarracks">
                <Flags index="ToSelection" value="1"/>
            </Button>
        </InfoArray>
        <InfoArray index="Specialize6" Time="8" Effect="MissileTurretBuilt">
            <Resource index="Vespene" value="800"/>
            <Resource index="Custom" value="7"/>
            <Charge>
                <CountMax value="1"/>
                <CountUse value="-1"/>
                <HideCount value="1"/>
                <Location value="Unit"/>
            </Charge>
            <Button DefaultButtonFace="MissileTurret" State="Restricted" Requirements="StaticDefEngineeringBay">
                <Flags index="ToSelection" value="1"/>
            </Button>
        </InfoArray>
        <InfoArray index="Specialize7" Time="10" Effect="SensorTowerBuilt">
            <Resource index="Vespene" value="1000"/>
            <Resource index="Custom" value="10"/>
            <Charge>
                <CountMax value="1"/>
                <CountUse value="-1"/>
                <HideCount value="1"/>
                <Location value="Unit"/>
            </Charge>
            <Button DefaultButtonFace="SensorTower" State="Restricted" Requirements="IsNotCrane">
                <Flags index="ToSelection" value="1"/>
            </Button>
        </InfoArray>
        <InfoArray index="Specialize8" Time="10" Effect="GhostAcademyBuilt">
            <Resource index="Vespene" value="1000"/>
            <Resource index="Custom" value="7"/>
            <Charge>
                <CountMax value="1"/>
                <CountUse value="-1"/>
                <HideCount value="1"/>
                <Location value="Unit"/>
            </Charge>
            <Button DefaultButtonFace="GhostAcademy" State="Restricted" Requirements="HaveBarracks">
                <Flags index="ToSelection" value="1"/>
            </Button>
        </InfoArray>
        <InfoArray index="Specialize9" Time="20" Effect="FactoryBuilt">
            <Resource index="Vespene" value="2000"/>
            <Resource index="Custom" value="7"/>
            <Charge>
                <CountMax value="1"/>
                <CountUse value="-1"/>
                <HideCount value="1"/>
                <Location value="Unit"/>
            </Charge>
            <Button DefaultButtonFace="Factory" State="Restricted" Requirements="HaveRefandSupplyDepot">
                <Flags index="ToSelection" value="1"/>
            </Button>
        </InfoArray>
        <InfoArray index="Specialize10" Time="40" Effect="ArmoryBuilt">
            <Resource index="Vespene" value="4000"/>
            <Resource index="Custom" value="12"/>
            <Charge>
                <CountMax value="1"/>
                <CountUse value="-1"/>
                <HideCount value="1"/>
                <Location value="Unit"/>
            </Charge>
            <Button DefaultButtonFace="Armory" State="Restricted" Requirements="HaveEngineeringBay">
                <Flags index="ToSelection" value="1"/>
            </Button>
        </InfoArray>
        <InfoArray index="Specialize11" Time="10" Effect="StarportBuilt">
            <Resource index="Vespene" value="1000"/>
            <Resource index="Custom" value="8"/>
            <Charge>
                <CountMax value="1"/>
                <CountUse value="-1"/>
                <HideCount value="1"/>
                <Location value="Unit"/>
            </Charge>
            <Button DefaultButtonFace="Starport" State="Restricted" Requirements="HaveEngineeringBay">
                <Flags index="ToSelection" value="1"/>
            </Button>
        </InfoArray>
        <InfoArray index="Specialize12" Time="30" Effect="FusionCoreBuilt">
            <Resource index="Vespene" value="3000"/>
            <Resource index="Custom" value="15"/>
            <Charge>
                <CountMax value="1"/>
                <CountUse value="-1"/>
                <HideCount value="1"/>
                <Location value="Unit"/>
            </Charge>
            <Button DefaultButtonFace="FusionCore" State="Restricted" Requirements="HaveArmory">
                <Flags index="ToSelection" value="1"/>
            </Button>
        </InfoArray>
        <InfoArray index="Specialize13" Time="15" Effect="CraneBuilt">
            <Resource index="Vespene" value="1500"/>
            <Resource index="Custom" value="10"/>
            <Charge>
                <CountMax value="1"/>
                <CountUse value="-1"/>
                <HideCount value="1"/>
                <Location value="Unit"/>
            </Charge>
            <Button DefaultButtonFace="Decal_Terran_0047_01" Requirements="IsNotCrane">
                <Flags index="ToSelection" value="1"/>
            </Button>
        </InfoArray>
        <InfoArray index="Specialize14" Time="12" Effect="DevastatorTurretBuilt">
            <Resource index="Vespene" value="1200"/>
            <Resource index="Custom" value="8"/>
            <Charge>
                <CountMax value="1"/>
                <CountUse value="-1"/>
                <HideCount value="1"/>
                <Location value="Unit"/>
            </Charge>
            <Button DefaultButtonFace="BuildDevastatorTurret" State="Restricted" Requirements="StaticDefBarracks">
                <Flags index="ToSelection" value="1"/>
            </Button>
        </InfoArray>
        <InfoArray index="Specialize15">
            <Charge HideCount="1"/>
            <Button>
                <Flags index="ToSelection" value="1"/>
            </Button>
        </InfoArray>
        <InfoArray index="Specialize16">
            <Charge HideCount="1"/>
            <Button>
                <Flags index="ToSelection" value="1"/>
            </Button>
        </InfoArray>
        <InfoArray index="Specialize17">
            <Charge HideCount="1"/>
            <Button>
                <Flags index="ToSelection" value="1"/>
            </Button>
        </InfoArray>
        <InfoArray index="Specialize18">
            <Charge HideCount="1"/>
            <Button>
                <Flags index="ToSelection" value="1"/>
            </Button>
        </InfoArray>
        <InfoArray index="Specialize19">
            <Charge HideCount="1"/>
            <Button>
                <Flags index="ToSelection" value="1"/>
            </Button>
        </InfoArray>
        <InfoArray index="Specialize20">
            <Charge HideCount="1"/>
            <Button>
                <Flags index="ToSelection" value="1"/>
            </Button>
        </InfoArray>
        <Alert value="BuildComplete"/>
    </CAbilSpecialize>
    <CAbilBuild id="CCPlaceBuilding">
        <EditorCategories value="AbilityorEffectType:Units"/>
        <FlagArray index="IgnoreFood" value="1"/>
        <FlagArray index="IgnoreUnitCost" value="1"/>
        <FlagArray index="PeonDisableCollision" value="1"/>
        <FlagArray index="PeonMaintained" value="0"/>
        <InfoArray index="Build1" Unit="SupplyDepot2" Time="3">
            <Resource index="Custom" value="-20"/>
            <Charge>
                <CountMax value="1"/>
                <CountUse value="1"/>
                <Link value="Abil/CCBuild"/>
                <Location value="Unit"/>
            </Charge>
            <Button DefaultButtonFace="SupplyDepot" State="Restricted" Requirements="HasBuiltSupplyDepot">
                <Flags index="ToSelection" value="1"/>
            </Button>
        </InfoArray>
        <InfoArray index="Build2" Unit="Refinery2" Time="3">
            <Resource index="Custom" value="15"/>
            <Charge>
                <CountMax value="1"/>
                <CountUse value="1"/>
                <Link value="Abil/CCBuild"/>
                <Location value="Unit"/>
            </Charge>
            <Button DefaultButtonFace="Refinery" State="Restricted" Requirements="HasBuiltRefinery">
                <Flags index="ToSelection" value="1"/>
            </Button>
        </InfoArray>
        <InfoArray index="Build3" Unit="Barracks2" Time="3">
            <Resource index="Custom" value="5"/>
            <Charge>
                <CountMax value="1"/>
                <CountUse value="1"/>
                <Link value="Abil/CCBuild"/>
                <Location value="Unit"/>
            </Charge>
            <Button DefaultButtonFace="Barracks" State="Restricted" Requirements="HasBuiltBarracks">
                <Flags index="ToSelection" value="1"/>
            </Button>
        </InfoArray>
        <InfoArray index="Build4" Unit="EngineeringBay2" Time="3">
            <Resource index="Custom" value="9"/>
            <Charge>
                <CountMax value="1"/>
                <CountUse value="1"/>
                <Link value="Abil/CCBuild"/>
                <Location value="Unit"/>
            </Charge>
            <Button DefaultButtonFace="EngineeringBay" State="Restricted" Requirements="HasBuiltEngineeringBay">
                <Flags index="ToSelection" value="1"/>
            </Button>
        </InfoArray>
        <InfoArray index="Build5" Unit="Bunker" Time="3">
            <Charge>
                <CountMax value="1"/>
                <CountUse value="1"/>
                <Link value="Abil/CCBuild"/>
                <Location value="Unit"/>
            </Charge>
            <Button DefaultButtonFace="Bunker" State="Restricted" Requirements="HasBuiltBunker">
                <Flags index="ToSelection" value="1"/>
            </Button>
        </InfoArray>
        <InfoArray index="Build6" Unit="MissileTurret2" Time="3">
            <Resource index="Custom" value="7"/>
            <Charge>
                <CountMax value="1"/>
                <CountUse value="1"/>
                <Link value="Abil/CCBuild"/>
                <Location value="Unit"/>
            </Charge>
            <Button DefaultButtonFace="MissileTurret" State="Restricted" Requirements="HasBuiltMissileTurret">
                <Flags index="ToSelection" value="1"/>
            </Button>
        </InfoArray>
        <InfoArray index="Build7" Unit="SensorTower2" Time="3">
            <Resource index="Custom" value="10"/>
            <Charge>
                <CountMax value="1"/>
                <CountUse value="1"/>
                <Link value="Abil/CCBuild"/>
                <Location value="Unit"/>
            </Charge>
            <Button DefaultButtonFace="SensorTower" State="Restricted" Requirements="HasBuiltSensorTower">
                <Flags index="ToSelection" value="1"/>
            </Button>
        </InfoArray>
        <InfoArray index="Build8" Unit="GhostAcademy2" Time="3">
            <Resource index="Custom" value="7"/>
            <Charge>
                <CountMax value="1"/>
                <CountUse value="1"/>
                <Link value="Abil/CCBuild"/>
                <Location value="Unit"/>
            </Charge>
            <Button DefaultButtonFace="GhostAcademy" State="Restricted" Requirements="HasBuiltGhostAcademy">
                <Flags index="ToSelection" value="1"/>
            </Button>
        </InfoArray>
        <InfoArray index="Build9" Unit="Factory2" Time="3">
            <Resource index="Custom" value="7"/>
            <Charge>
                <CountMax value="1"/>
                <CountUse value="1"/>
                <Link value="Abil/CCBuild"/>
                <Location value="Unit"/>
            </Charge>
            <Button DefaultButtonFace="Factory" State="Restricted" Requirements="HasBuiltFactory">
                <Flags index="ToSelection" value="1"/>
            </Button>
        </InfoArray>
        <InfoArray index="Build10" Unit="Armory2" Time="3">
            <Resource index="Custom" value="12"/>
            <Charge>
                <CountMax value="1"/>
                <CountUse value="1"/>
                <Link value="Abil/CCBuild"/>
                <Location value="Unit"/>
            </Charge>
            <Button DefaultButtonFace="Armory" State="Restricted" Requirements="HasBuiltArmory">
                <Flags index="ToSelection" value="1"/>
            </Button>
        </InfoArray>
        <InfoArray index="Build11" Unit="Starport2" Time="3">
            <Resource index="Custom" value="8"/>
            <Charge>
                <CountMax value="1"/>
                <CountUse value="1"/>
                <Link value="Abil/CCBuild"/>
                <Location value="Unit"/>
            </Charge>
            <Button DefaultButtonFace="Starport" State="Restricted" Requirements="HasBuiltStarport">
                <Flags index="ToSelection" value="1"/>
            </Button>
        </InfoArray>
        <InfoArray index="Build12" Unit="FusionCore2" Time="3">
            <Resource index="Custom" value="15"/>
            <Charge>
                <CountMax value="1"/>
                <CountUse value="1"/>
                <Link value="Abil/CCBuild"/>
                <Location value="Unit"/>
            </Charge>
            <Button DefaultButtonFace="FusionCore" State="Restricted" Requirements="HasBuiltFusionCore">
                <Flags index="ToSelection" value="1"/>
            </Button>
        </InfoArray>
        <InfoArray index="Build13" Unit="Crane" Time="3">
            <Resource index="Custom" value="10"/>
            <Charge>
                <CountMax value="1"/>
                <CountUse value="1"/>
                <Link value="Abil/CCBuild"/>
                <Location value="Unit"/>
            </Charge>
            <Button DefaultButtonFace="Decal_Terran_0047_01" Requirements="HasBuiltCrane">
                <Flags index="ToSelection" value="1"/>
            </Button>
        </InfoArray>
        <InfoArray index="Build14" Unit="DevastationTurret" Time="3">
            <Resource index="Custom" value="8"/>
            <Charge>
                <CountMax value="1"/>
                <CountUse value="1"/>
                <Link value="Abil/CCBuild"/>
                <Location value="Unit"/>
            </Charge>
            <Button DefaultButtonFace="BuildDevastatorTurret" Requirements="HasBuiltDevastatorTurret">
                <Flags index="ToSelection" value="1"/>
            </Button>
        </InfoArray>
        <InfoArray index="Build15">
            <Button>
                <Flags index="ToSelection" value="1"/>
            </Button>
        </InfoArray>
        <InfoArray index="Build16">
            <Button>
                <Flags index="ToSelection" value="1"/>
            </Button>
        </InfoArray>
        <InfoArray index="Build17">
            <Button>
                <Flags index="ToSelection" value="1"/>
            </Button>
        </InfoArray>
        <InfoArray index="Build18">
            <Button>
                <Flags index="ToSelection" value="1"/>
            </Button>
        </InfoArray>
        <InfoArray index="Build19">
            <Button>
                <Flags index="ToSelection" value="1"/>
            </Button>
        </InfoArray>
        <InfoArray index="Build20">
            <Button>
                <Flags index="ToSelection" value="1"/>
            </Button>
        </InfoArray>
        <InfoArray index="Build21">
            <Button>
                <Flags index="ToSelection" value="1"/>
            </Button>
        </InfoArray>
        <InfoArray index="Build22">
            <Button>
                <Flags index="ToSelection" value="1"/>
            </Button>
        </InfoArray>
        <InfoArray index="Build23">
            <Button>
                <Flags index="ToSelection" value="1"/>
            </Button>
        </InfoArray>
        <InfoArray index="Build24">
            <Button>
                <Flags index="ToSelection" value="1"/>
            </Button>
        </InfoArray>
        <InfoArray index="Build25">
            <Button>
                <Flags index="ToSelection" value="1"/>
            </Button>
        </InfoArray>
        <InfoArray index="Build26">
            <Button>
                <Flags index="ToSelection" value="1"/>
            </Button>
        </InfoArray>
        <InfoArray index="Build27">
            <Button>
                <Flags index="ToSelection" value="1"/>
            </Button>
        </InfoArray>
        <InfoArray index="Build28">
            <Button>
                <Flags index="ToSelection" value="1"/>
            </Button>
        </InfoArray>
        <InfoArray index="Build29">
            <Button>
                <Flags index="ToSelection" value="1"/>
            </Button>
        </InfoArray>
        <InfoArray index="Build30">
            <Button>
                <Flags index="ToSelection" value="1"/>
            </Button>
        </InfoArray>
        <Range value="500"/>
        <EffectArray index="Start" value="RemoveBuiltBehaviors"/>
    </CAbilBuild>
    <CAbilQueue id="CCQueue">
        <EditorCategories value="AbilityorEffectType:Units"/>
        <QueueSize value="99"/>
    </CAbilQueue>
    <CAbilMorphPlacement id="CommandCenter2Land" parent="TerranBuildingLand" unit="CommandCenter">
        <Name value="Abil/Name/CommandCenter2Land"/>
        <InfoArray index="0" Unit="CommandCenter2" CollideRange="0">
            <SectionArray index="Abils">
                <DurationArray index="Delay" value="2"/>
            </SectionArray>
        </InfoArray>
    </CAbilMorphPlacement>
    <CAbilMorph id="CommandCenter2LiftOff" parent="TerranBuildingLiftOff" unit="CommandCenterFlying">
        <Name value="Abil/Name/CommandCenter2LiftOff"/>
        <InfoArray index="0" Unit="CommandCenter2Flying"/>
    </CAbilMorph>
    <CAbilResearch id="EngineeringBay2Research">
        <EditorCategories value="Race:Terran,AbilityorEffectType:Structures"/>
        <InfoArray index="Research1" Time="30" Upgrade="HiSecAutoTracking">
            <Resource index="Vespene" value="1000"/>
            <Button DefaultButtonFace="ResearchHiSecAutoTracking" State="Restricted" Requirements="LearnTerranDefenseRangeBonus"/>
        </InfoArray>
        <InfoArray index="Research2" Time="60" Upgrade="TerranBuildingArmor">
            <Resource index="Vespene" value="2000"/>
            <Button DefaultButtonFace="UpgradeBuildingArmorLevel1" State="Restricted" Requirements="LearnTerranBuildingArmor"/>
        </InfoArray>
        <InfoArray index="Research3" Time="160" Upgrade="TerranInfantryWeaponsLevel1">
            <Resource index="Minerals" value="100"/>
            <Resource index="Vespene" value="100"/>
            <Button DefaultButtonFace="TerranInfantryWeaponsLevel1" State="Restricted" Requirements="LearnTerranInfantryWeapon1"/>
        </InfoArray>
        <InfoArray index="Research4" Time="190" Upgrade="TerranInfantryWeaponsLevel2">
            <Resource index="Minerals" value="175"/>
            <Resource index="Vespene" value="175"/>
            <Button DefaultButtonFace="TerranInfantryWeaponsLevel2" State="Restricted" Requirements="LearnTerranInfantryWeapon2"/>
        </InfoArray>
        <InfoArray index="Research5" Time="220" Upgrade="TerranInfantryWeaponsLevel3">
            <Resource index="Minerals" value="250"/>
            <Resource index="Vespene" value="250"/>
            <Button DefaultButtonFace="TerranInfantryWeaponsLevel3" State="Restricted" Requirements="LearnTerranInfantryWeapon3"/>
        </InfoArray>
        <InfoArray index="Research6" Time="110" Upgrade="NeosteelFrame">
            <Resource index="Minerals" value="100"/>
            <Resource index="Vespene" value="100"/>
            <Button DefaultButtonFace="ResearchNeosteelFrame" State="Restricted" Requirements="LearnNeosteelFrame">
                <Flags index="ShowInGlossary" value="1"/>
            </Button>
        </InfoArray>
        <InfoArray index="Research7" Time="160" Upgrade="TerranInfantryArmorsLevel1">
            <Resource index="Minerals" value="100"/>
            <Resource index="Vespene" value="100"/>
            <Button DefaultButtonFace="TerranInfantryArmorLevel1" State="Restricted" Requirements="LearnTerranInfantryArmor1"/>
        </InfoArray>
        <InfoArray index="Research8" Time="190" Upgrade="TerranInfantryArmorsLevel2">
            <Resource index="Minerals" value="175"/>
            <Resource index="Vespene" value="175"/>
            <Button DefaultButtonFace="TerranInfantryArmorLevel2" State="Restricted" Requirements="LearnTerranInfantryArmor2"/>
        </InfoArray>
        <InfoArray index="Research9" Time="220" Upgrade="TerranInfantryArmorsLevel3">
            <Resource index="Minerals" value="250"/>
            <Resource index="Vespene" value="250"/>
            <Button DefaultButtonFace="TerranInfantryArmorLevel3" State="Restricted" Requirements="LearnTerranInfantryArmor3"/>
        </InfoArray>
        <InfoArray index="Research11" Time="170" Upgrade="TerranInfantryWeaponsUltraCapacitorsLevel1">
            <Resource index="Minerals" value="100"/>
            <Resource index="Vespene" value="100"/>
            <Button DefaultButtonFace="TerranInfantryWeaponsUltraCapacitorsLevel1" Requirements="LearnTerranInfantryWeaponUltraCapacitors1"/>
        </InfoArray>
        <InfoArray index="Research12" Time="200" Upgrade="TerranInfantryWeaponsUltraCapacitorsLevel2">
            <Resource index="Minerals" value="175"/>
            <Resource index="Vespene" value="175"/>
            <Button DefaultButtonFace="TerranInfantryWeaponsUltraCapacitorsLevel2" Requirements="LearnTerranInfantryWeaponUltraCapacitors2"/>
        </InfoArray>
        <InfoArray index="Research13" Time="230" Upgrade="TerranInfantryWeaponsUltraCapacitorsLevel3">
            <Resource index="Minerals" value="250"/>
            <Resource index="Vespene" value="250"/>
            <Button DefaultButtonFace="TerranInfantryWeaponsUltraCapacitorsLevel3" Requirements="LearnTerranInfantryWeaponUltraCapacitors3"/>
        </InfoArray>
        <InfoArray index="Research14" Time="170" Upgrade="TerranInfantryArmorsVanadiumPlatingLevel1">
            <Resource index="Minerals" value="100"/>
            <Resource index="Vespene" value="100"/>
            <Button DefaultButtonFace="TerranInfantryArmorVanadiumPlatingLevel1" Requirements="LearnTerranInfantryArmorVanadiumPlating1"/>
        </InfoArray>
        <InfoArray index="Research15" Time="200" Upgrade="TerranInfantryArmorsVanadiumPlatingLevel2">
            <Resource index="Minerals" value="175"/>
            <Resource index="Vespene" value="175"/>
            <Button DefaultButtonFace="TerranInfantryArmorVanadiumPlatingLevel2" Requirements="LearnTerranInfantryArmorVanadiumPlating2"/>
        </InfoArray>
        <InfoArray index="Research16" Time="230" Upgrade="TerranInfantryArmorsVanadiumPlatingLevel3">
            <Resource index="Minerals" value="250"/>
            <Resource index="Vespene" value="250"/>
            <Button DefaultButtonFace="TerranInfantryArmorVanadiumPlatingLevel3" Requirements="LearnTerranInfantryArmorVanadiumPlating3"/>
        </InfoArray>
    </CAbilResearch>
    <CAbilBuild id="Factory2AddOns" parent="TerranAddOns">
        <Name value="Abil/Name/Factory2AddOns"/>
        <EditorCategories value="Race:Terran,AbilityorEffectType:Structures"/>
        <BuildMorphAbil value="Factory2LiftOff"/>
        <FlagArray index="IgnoreUnitCost" value="1"/>
        <InfoArray index="Build1" Unit="FactoryTechLab" Time="2">
            <Resource index="Vespene" value="200"/>
            <Button DefaultButtonFace="BuildTechLabFactory" Requirements="UseTechReactorHide"/>
        </InfoArray>
        <InfoArray index="Build2" Unit="FactoryReactor" Time="50">
            <Button Requirements="UseTechReactorHide"/>
        </InfoArray>
        <InfoArray index="Build3" Unit="FactoryTechReactor" Time="50" AddOnParentCmdPriority="-1">
            <Button DefaultButtonFace="TechReactorAI" Requirements="UseTechReactorAI"/>
        </InfoArray>
        <InfoArray index="Build4" Unit="FactoryTechReactor" Time="50" AddOnParentCmdPriority="-1">
            <Button DefaultButtonFace="TechReactor" Requirements="UseTechReactor"/>
        </InfoArray>
    </CAbilBuild>
    <CAbilMorphPlacement id="Factory2Land" parent="TerranBuildingLand" unit="Factory">
        <Name value="Abil/Name/Factory2Land"/>
        <InfoArray index="0" Unit="Factory2" CollideRange="0">
            <SectionArray index="Abils">
                <DurationArray index="Delay" value="2"/>
            </SectionArray>
        </InfoArray>
    </CAbilMorphPlacement>
    <CAbilMorph id="Factory2LiftOff" parent="TerranBuildingLiftOff" unit="FactoryFlying">
        <Name value="Abil/Name/Factory2LiftOff"/>
        <InfoArray index="0" Unit="Factory2Flying"/>
    </CAbilMorph>
    <CAbilTrain id="Factory2Train">
        <EditorCategories value="Race:Terran,AbilityorEffectType:Structures"/>
        <Activity value="UI/Building"/>
        <Flags index="BypassFoodRestriction" value="1"/>
        <Flags index="IgnoreUnitCost" value="1"/>
        <Flags index="WaitForFood" value="0"/>
        <InfoArray index="Train1" Time="16">
            <Resource index="Vespene" value="1600"/>
            <Button DefaultButtonFace="SCV"/>
            <Unit value="SCV2"/>
        </InfoArray>
        <InfoArray index="Train2" Time="45">
            <Button DefaultButtonFace="SiegeTank" State="Restricted" Requirements="HaveAttachedTechLab"/>
            <Unit value="SiegeTank"/>
        </InfoArray>
        <InfoArray index="Train5" Time="60">
            <Button DefaultButtonFace="Thor" State="Restricted" Requirements="HaveArmoryAndAttachedTechLabOrAttachedTechReactor"/>
            <Unit value="Thor"/>
        </InfoArray>
        <InfoArray index="Train6" Time="30">
            <Button DefaultButtonFace="Hellion" State="Restricted"/>
            <Unit value="Hellion"/>
        </InfoArray>
        <InfoArray index="Train7" Time="40">
            <Button DefaultButtonFace="Goliath" State="Restricted" Requirements="HaveAttachedTechLab"/>
            <Unit value="Goliath"/>
        </InfoArray>
        <InfoArray index="Train8" Time="50">
            <Button DefaultButtonFace="Diamondback" State="Restricted" Requirements="HaveAttachedTechLab"/>
            <Unit value="Diamondback"/>
        </InfoArray>
        <InfoArray index="Train9" Time="25">
            <Button DefaultButtonFace="Vulture" State="Restricted"/>
            <Unit value="Vulture"/>
        </InfoArray>
        <InfoArray index="Train10" Time="40">
            <Button DefaultButtonFace="Predator" State="Restricted" Requirements="HaveAttachedTechLab"/>
            <Unit value="Predator"/>
        </InfoArray>
    </CAbilTrain>
    <CAbilResearch id="FusionCore2Research">
        <EditorCategories value="Race:Terran,AbilityorEffectType:Structures"/>
        <InfoArray index="Research1" Time="60" Upgrade="BattlecruiserEnableSpecializations">
            <Resource index="Minerals" value="150"/>
            <Resource index="Vespene" value="150"/>
            <Button DefaultButtonFace="ResearchBattlecruiserSpecializations" State="Restricted" Requirements="LearnBattlecruiserSpecializations">
                <Flags index="ShowInGlossary" value="1"/>
            </Button>
        </InfoArray>
        <InfoArray index="Research2" Time="80" Upgrade="BattlecruiserBehemothReactor">
            <Resource index="Minerals" value="150"/>
            <Resource index="Vespene" value="150"/>
            <Button DefaultButtonFace="ResearchBattlecruiserEnergyUpgrade" State="Restricted" Requirements="LearnBattlecruiserEnergyUpgrade">
                <Flags index="ShowInGlossary" value="1"/>
            </Button>
        </InfoArray>
    </CAbilResearch>
    <CAbilResearch id="GhostAcademy2Research">
        <EditorCategories value="Race:Terran,AbilityorEffectType:Structures"/>
        <InfoArray index="Research1" Time="120" Upgrade="PersonalCloaking">
            <Resource index="Minerals" value="150"/>
            <Resource index="Vespene" value="150"/>
            <Button DefaultButtonFace="ResearchPersonalCloaking" State="Restricted" Requirements="LearnPersonnelCloaking">
                <Flags index="ShowInGlossary" value="1"/>
            </Button>
        </InfoArray>
        <InfoArray index="Research2" Time="80" Upgrade="GhostMoebiusReactor">
            <Resource index="Minerals" value="100"/>
            <Resource index="Vespene" value="100"/>
            <Button DefaultButtonFace="ResearchGhostEnergyUpgrade" State="Restricted" Requirements="LearnGhostEnergyUpgrade">
                <Flags index="ShowInGlossary" value="1"/>
            </Button>
        </InfoArray>
    </CAbilResearch>
    <CAbilArmMagazine id="GhostSquad">
        <EditorCategories value="AbilityorEffectType:Units"/>
        <Flags index="AutoCastOffOwnerLeave" value="0"/>
        <Flags index="IgnoreUnitCost" value="1"/>
        <Flags index="Retarget" value="1"/>
        <Flags index="ShowStatus" value="0"/>
        <Leash value="0.55"/>
        <InfoArray index="Ammo1" CountStart="4" Distance="0.25" Manage="Recall" Unit="Ghost">
            <Charge CountUse="1" Link="Abil/##id##"/>
            <Cooldown Link="Abil/##id##"/>
            <Button DefaultButtonFace="Marine" State="Suppressed"/>
            <Flags index="External" value="1"/>
        </InfoArray>
        <EffectArray index="Create" value="SquadUnit"/>
        <EffectArray index="Launch" value="TransferKillsToCaster"/>
        <ExternalAngle value="45"/>
        <ExternalAngle value="135"/>
        <ExternalAngle value="225"/>
        <ExternalAngle value="315"/>
        <MaxCount value="4"/>
    </CAbilArmMagazine>
    <CAbilArmMagazine id="MarauderSquad">
        <EditorCategories value="AbilityorEffectType:Units"/>
        <Flags index="AutoCastOffOwnerLeave" value="0"/>
        <Flags index="IgnoreUnitCost" value="1"/>
        <Flags index="Retarget" value="1"/>
        <Flags index="ShowStatus" value="0"/>
        <Leash value="0.55"/>
        <InfoArray index="Ammo1" CountStart="2" Distance="0.25" Manage="Recall" Unit="Marauder">
            <Charge CountUse="1" Link="Abil/##id##"/>
            <Cooldown Link="Abil/##id##"/>
            <Button DefaultButtonFace="Marine" State="Suppressed"/>
            <Flags index="External" value="1"/>
        </InfoArray>
        <EffectArray index="Create" value="SquadUnit"/>
        <EffectArray index="Launch" value="TransferKillsToCaster"/>
        <ExternalAngle value="90"/>
        <ExternalAngle value="270"/>
        <MaxCount value="2"/>
    </CAbilArmMagazine>
    <CAbilArmMagazine id="FirebatSquad">
        <EditorCategories value="AbilityorEffectType:Units"/>
        <Flags index="AutoCastOffOwnerLeave" value="0"/>
        <Flags index="IgnoreUnitCost" value="1"/>
        <Flags index="Retarget" value="1"/>
        <Flags index="ShowStatus" value="0"/>
        <Leash value="0.55"/>
        <InfoArray index="Ammo1" CountStart="4" Distance="0.25" Manage="Recall" Unit="Firebat">
            <Charge CountUse="1" Link="Abil/##id##"/>
            <Cooldown Link="Abil/##id##"/>
            <Button DefaultButtonFace="Marine" State="Suppressed"/>
            <Flags index="External" value="1"/>
        </InfoArray>
        <EffectArray index="Create" value="SquadUnit"/>
        <EffectArray index="Launch" value="TransferKillsToCaster"/>
        <ExternalAngle value="45"/>
        <ExternalAngle value="135"/>
        <ExternalAngle value="225"/>
        <ExternalAngle value="315"/>
        <MaxCount value="4"/>
    </CAbilArmMagazine>
    <CAbilArmMagazine id="MarineSquad">
        <EditorCategories value="AbilityorEffectType:Units"/>
        <Flags index="AutoCastOffOwnerLeave" value="0"/>
        <Flags index="IgnoreUnitCost" value="1"/>
        <Flags index="Retarget" value="1"/>
        <Flags index="ShowStatus" value="0"/>
        <Leash value="0.55"/>
        <InfoArray index="Ammo1" CountStart="6" Distance="0.25" Manage="Recall" Unit="Marine">
            <Charge CountUse="1" Link="Abil/##id##"/>
            <Cooldown Link="Abil/##id##"/>
            <Button DefaultButtonFace="Marine" State="Suppressed"/>
            <Flags index="External" value="1"/>
        </InfoArray>
        <EffectArray index="Create" value="SquadUnit"/>
        <EffectArray index="Launch" value="TransferKillsToCaster"/>
        <ExternalAngle value="29.9926"/>
        <ExternalAngle value="90"/>
        <ExternalAngle value="149.9963"/>
        <ExternalAngle value="209.9926"/>
        <ExternalAngle value="270"/>
        <ExternalAngle value="329.9963"/>
        <MaxCount value="6"/>
    </CAbilArmMagazine>
    <CAbilEffectInstant id="RefineryBounce">
        <OrderArray index="0" Model="Assets\UI\Cursors\WayPointConfirm_Void\WayPointConfirm_Void.m3"/>
        <AbilSetId value="Harv"/>
        <EditorCategories value="AbilityorEffectType:Units"/>
        <Flags index="AutoCast" value="1"/>
        <Flags index="AutoCastOn" value="1"/>
        <Cost>
            <Cooldown TimeUse="5"/>
        </Cost>
        <AutoCastAcquireLevel value="Defensive"/>
        <AutoCastFilters value="Visible;Ally,Neutral,Enemy"/>
        <CmdButtonArray index="Execute" DefaultButtonFace="Gather"/>
    </CAbilEffectInstant>
    <CAbilEffectInstant id="SquadStimpack" parent="Stimpack">
        <Name value="Abil/Name/SquadStimpack"/>
        <DataCollection value="MarineSquadStimpack"/>
        <Effect index="0" value="MarineSquadStimIterate"/>
        <Cost index="0" removed="1"/>
    </CAbilEffectInstant>
    <CAbilArmMagazine id="MedicSquad">
        <EditorCategories value="AbilityorEffectType:Units"/>
        <Flags index="AutoCastOffOwnerLeave" value="0"/>
        <Flags index="IgnoreUnitCost" value="1"/>
        <Flags index="Retarget" value="1"/>
        <Flags index="ShowStatus" value="0"/>
        <Leash value="0.55"/>
        <InfoArray index="Ammo1" CountStart="3" Distance="0.25" Manage="Recall" Unit="Medic">
            <Charge CountUse="1" Link="Abil/##id##"/>
            <Cooldown Link="Abil/##id##"/>
            <Button DefaultButtonFace="Marine" State="Suppressed"/>
            <Flags index="External" value="1"/>
        </InfoArray>
        <EffectArray index="Create" value="SquadUnit"/>
        <EffectArray index="Launch" value="TransferKillsToCaster"/>
        <ExternalAngle value="59.9963"/>
        <ExternalAngle value="180"/>
        <ExternalAngle value="299.9926"/>
        <MaxCount value="3"/>
    </CAbilArmMagazine>
    <CAbilTransport id="MedivacTransport">
        <LoadCargoEffect value="AirTransportLoadIterate"/>
        <UnloadCargoEffect value="AirTransportUnloadIterate"/>
    </CAbilTransport>
    <CAbilMorphPlacement id="OrbitalCommandLand2" parent="TerranBuildingLand" unit="OrbitalCommand">
        <Name value="Abil/Name/OrbitalCommandLand2"/>
        <InfoArray index="0" Unit="OrbitalCommand2" CollideRange="0">
            <SectionArray index="Abils">
                <DurationArray index="Delay" value="2"/>
            </SectionArray>
        </InfoArray>
    </CAbilMorphPlacement>
    <CAbilMorph id="OrbitalLiftOff2" parent="TerranBuildingLiftOff" unit="OrbitalCommandFlying">
        <Name value="Abil/Name/OrbitalLiftOff2"/>
        <InfoArray index="0" Unit="OrbitalCommandFlying2"/>
    </CAbilMorph>
    <CAbilBehavior id="PauseResumeQueue">
        <EditorCategories value="AbilityorEffectType:Units"/>
        <CmdButtonArray index="On" DefaultButtonFace="PauseQueue"/>
        <CmdButtonArray index="Off" DefaultButtonFace="ResumeQueue"/>
        <Flags index="Toggle" value="1"/>
        <BehaviorArray value="QueuePaused"/>
    </CAbilBehavior>
    <CAbilArmMagazine id="ReaperSquad">
        <EditorCategories value="AbilityorEffectType:Units"/>
        <Flags index="AutoCastOffOwnerLeave" value="0"/>
        <Flags index="IgnoreUnitCost" value="1"/>
        <Flags index="Retarget" value="1"/>
        <Flags index="ShowStatus" value="0"/>
        <Leash value="0.55"/>
        <InfoArray index="Ammo1" CountStart="4" Distance="0.25" Manage="Recall" Unit="Reaper">
            <Charge CountUse="1" Link="Abil/##id##"/>
            <Cooldown Link="Abil/##id##"/>
            <Button DefaultButtonFace="Marine" State="Suppressed"/>
            <Flags index="External" value="1"/>
        </InfoArray>
        <EffectArray index="Create" value="SquadUnit"/>
        <EffectArray index="Launch" value="TransferKillsToCaster"/>
        <ExternalAngle value="45"/>
        <ExternalAngle value="135"/>
        <ExternalAngle value="214.9914"/>
        <ExternalAngle value="304.9914"/>
        <MaxCount value="4"/>
    </CAbilArmMagazine>
    <CAbilHarvest id="SCVHarvest">
        <ResourceAmountCapacity index="Minerals" value="1400"/>
        <AcquireRadius value="30"/>
        <ResourceAcquire index="Custom" value="1"/>
        <ResourceDestroy index="Vespene" value="0"/>
    </CAbilHarvest>
    <CAbilTransport id="SpecOpsDropshipTransport">
        <LoadCargoEffect value="AirTransportLoadIterate"/>
        <UnloadCargoEffect value="AirTransportUnloadIterate"/>
    </CAbilTransport>
    <CAbilBuild id="Starport2AddOns" parent="TerranAddOns">
        <Name value="Abil/Name/Starport2AddOns"/>
        <EditorCategories value="Race:Terran,AbilityorEffectType:Structures"/>
        <BuildMorphAbil value="Starport2LiftOff"/>
        <FlagArray index="IgnoreUnitCost" value="1"/>
        <InfoArray index="Build1" Unit="StarportTechLab" Time="2">
            <Resource index="Vespene" value="200"/>
            <Button DefaultButtonFace="BuildTechLabStarport" Requirements="UseTechReactorHide"/>
        </InfoArray>
        <InfoArray index="Build2" Unit="StarportReactor" Time="50">
            <Button Requirements="UseTechReactorHide"/>
        </InfoArray>
        <InfoArray index="Build3" Unit="StarportTechReactor" Time="50" AddOnParentCmdPriority="-1">
            <Button DefaultButtonFace="TechReactorAI" Requirements="UseTechReactorAI"/>
        </InfoArray>
        <InfoArray index="Build4" Unit="StarportTechReactor" Time="50" AddOnParentCmdPriority="-1">
            <Button DefaultButtonFace="TechReactor" Requirements="UseTechReactor"/>
        </InfoArray>
    </CAbilBuild>
    <CAbilMorphPlacement id="Starport2Land" parent="TerranBuildingLand" unit="Starport">
        <Name value="Abil/Name/Starport2Land"/>
        <InfoArray index="0" Unit="Starport2" CollideRange="0">
            <SectionArray index="Abils">
                <DurationArray index="Delay" value="2"/>
            </SectionArray>
        </InfoArray>
    </CAbilMorphPlacement>
    <CAbilMorph id="Starport2LiftOff" parent="TerranBuildingLiftOff" unit="StarportFlying">
        <Name value="Abil/Name/Starport2LiftOff"/>
        <InfoArray index="0" Unit="Starport2Flying"/>
    </CAbilMorph>
    <CAbilTrain id="Starport2Train">
        <EditorCategories value="Race:Terran,AbilityorEffectType:Structures"/>
        <Activity value="UI/Building"/>
        <InfoArray index="Train1" Time="42">
            <Button DefaultButtonFace="Medivac" State="Restricted"/>
            <Unit value="Medivac"/>
        </InfoArray>
        <InfoArray index="Train2" Time="60">
            <Button DefaultButtonFace="Banshee" State="Restricted" Requirements="HaveAttachedTechLab"/>
            <Unit value="Banshee"/>
        </InfoArray>
        <InfoArray index="Train3" Time="60">
            <Button DefaultButtonFace="Raven" State="Restricted" Requirements="HaveAttachedTechLab"/>
            <Unit value="Raven"/>
        </InfoArray>
        <InfoArray index="Train4" Time="110">
            <Button DefaultButtonFace="Battlecruiser" State="Restricted" Requirements="HaveAttachedStarportTechLabAndFusionCore"/>
            <Unit value="Battlecruiser"/>
        </InfoArray>
        <InfoArray index="Train5" Time="42">
            <Button DefaultButtonFace="VikingFighter" State="Restricted"/>
            <Unit value="VikingFighter"/>
        </InfoArray>
        <InfoArray index="Train6" Time="70">
            <Button DefaultButtonFace="BuildHercules" State="Restricted" Requirements="HaveAttachedStarportTechLabAndFusionCore"/>
            <Unit value="Hercules"/>
        </InfoArray>
        <InfoArray index="Train7" Time="60">
            <Button DefaultButtonFace="BuildScienceVessel" State="Restricted" Requirements="BuildScienceVessel"/>
            <Unit value="ScienceVessel"/>
        </InfoArray>
        <InfoArray index="Train8" Time="50">
            <Button DefaultButtonFace="Wraith" State="Restricted" Requirements="HaveAttachedTechLab"/>
            <Unit value="Wraith"/>
        </InfoArray>
        <InfoArray index="Train9" Time="35">
            <Resource index="Vespene" value="3500"/>
            <Button DefaultButtonFace="CommandCenter"/>
            <Unit value="CommandCenter2Flying"/>
        </InfoArray>
        <Flags index="BypassFoodRestriction" value="1"/>
        <Flags index="IgnoreUnitCost" value="1"/>
        <Flags index="WaitForFood" value="0"/>
    </CAbilTrain>
    <CAbilMorph id="SupplyDepot2Lower">
        <EditorCategories value="Race:Terran,AbilityorEffectType:Structures"/>
        <CmdButtonArray index="Execute" DefaultButtonFace="Lower"/>
        <InfoArray Unit="SupplyDepot2Lowered" CollideRange="0">
            <SectionArray index="Abils">
                <EffectArray index="Start" value="SupplyDepotMorphingApplyBehavior"/>
            </SectionArray>
            <SectionArray index="Actor">
                <DurationArray index="Duration" value="1.3"/>
            </SectionArray>
            <SectionArray index="Collide">
                <DurationArray index="Delay" value="1.3"/>
            </SectionArray>
            <SectionArray index="Mover">
                <DurationArray index="Duration" value="1.3"/>
            </SectionArray>
            <SectionArray index="Stats">
                <DurationArray index="Delay" value="1.3"/>
            </SectionArray>
        </InfoArray>
    </CAbilMorph>
    <CAbilMorph id="SupplyDepot2Raise">
        <EditorCategories value="Race:Terran,AbilityorEffectType:Structures"/>
        <CmdButtonArray index="Execute" DefaultButtonFace="Raise"/>
        <Flags index="IgnorePlacement" value="0"/>
        <Flags index="MoveBlockers" value="1"/>
        <InfoArray Unit="SupplyDepot2" CollideRange="0">
            <SectionArray index="Abils">
                <EffectArray index="Start" value="SupplyDepotMorphingApplyBehavior"/>
            </SectionArray>
            <SectionArray index="Actor">
                <DurationArray index="Duration" value="1.3"/>
            </SectionArray>
            <SectionArray index="Mover">
                <DurationArray index="Duration" value="1.3"/>
            </SectionArray>
            <SectionArray index="Stats">
                <DurationArray index="Delay" value="1.3"/>
            </SectionArray>
        </InfoArray>
    </CAbilMorph>
    <CAbilSpecialize id="UpgradeDepot">
        <EditorCategories value="AbilityorEffectType:Units"/>
        <InfoArray index="Specialize1" Time="3" Effect="SupplyDropApplyTempBehavior">
            <Button DefaultButtonFace="SupplyDrop" Requirements="SupplyDepotUpgrade"/>
            <Flags index="AutoCast" value="1"/>
            <Flags index="AutoCastOn" value="1"/>
        </InfoArray>
        <Flags index="BestUnit" value="0"/>
    </CAbilSpecialize>
    <CAbilMorph id="UpgradeToPlanetaryFortress2">
        <EditorCategories value="Race:Terran,AbilityorEffectType:MorphsandBurrows"/>
        <CmdButtonArray index="Execute" DefaultButtonFace="PlanetaryFortress" State="Restricted" Requirements="HaveEngineeringBay"/>
        <CmdButtonArray index="Cancel" DefaultButtonFace="CancelUpgradeMorph"/>
        <Flags index="BestUnit" value="1"/>
        <Flags index="Birth" value="1"/>
        <Flags index="DisableAbils" value="1"/>
        <Flags index="FastBuild" value="1"/>
        <Flags index="Interruptible" value="1"/>
        <Flags index="Produce" value="1"/>
        <Flags index="ShowProgress" value="1"/>
        <InfoArray Score="1" Unit="PlanetaryFortress2">
            <SectionArray index="Abils">
                <DurationArray index="Delay" value="50"/>
            </SectionArray>
            <SectionArray index="Actor">
                <DurationArray index="Duration" value="50"/>
            </SectionArray>
            <SectionArray index="Stats">
                <DurationArray index="Delay" value="50"/>
            </SectionArray>
        </InfoArray>
        <Alert value="UpgradeComplete"/>
        <ValidatorArray value="HasNoCargo"/>
    </CAbilMorph>
    <CAbilEffectTarget id="heal">
        <TargetSorts>
            <SortArray index="1" value="TSLifeFraction"/>
            <SortArray index="2" value="TSDistance"/>
        </TargetSorts>
        <AutoCastRange value="3"/>
        <AcquireAttackers value="0"/>
        <FollowRange value="1"/>
    </CAbilEffectTarget>
    <CAbilEffectTarget id="MedicSquadAcquire" parent="heal">
        <Name value="Abil/Name/MedicSquadAcquire"/>
        <DataCollection value="MedicSquadAcquire"/>
        <Effect index="0" value="MedicSquadAcquire"/>
        <SmartValidatorArray index="0" value="NotWarpingIn"/>
        <SmartValidatorArray index="1" removed="1"/>
        <AutoCastRange value="6"/>
        <AutoCastValidatorArray index="0" value="NotWarpingIn"/>
        <AutoCastValidatorArray index="1" value="IsNotMedic"/>
        <Marker Link="Abil/MedicSquadAcquire"/>
        <AINotifyEffect value="MedicSquadAcquire"/>
        <Range index="0" value="1"/>
        <AcquireAttackers value="1"/>
        <Flags index="Smart" value="0"/>
    </CAbilEffectTarget>
</Catalog>
