<?xml version="1.0" encoding="utf-8"?>
<Catalog>
    <CActorUnit id="Armory2" parent="TerranBuildingEx" unitName="Armory2">
        <Aliases value="_UnitHuge"/>
        <On index="69" Terms="UnitConstruction.Armory2.Start" Send="Create ArmoryBuild"/>
        <On Terms="Behavior.ColonyInfestation.On" Send="Create InfestationArmory"/>
        <On Terms="Abil.que5.Start" Send="AnimSetTimeScale ::Baseline 5.000000"/>
        <On Terms="Abil.que5.Stop" Send="AnimSetTimeScale ::Baseline 1.000000"/>
        <Model value="Armory"/>
        <CreepHeightClass value="Small"/>
        <BuildModel value="ArmoryBuild"/>
        <DeathArray index="Normal" ModelLink="ArmoryDeath"/>
        <DeathArray index="UnderConstruction" ModelLink="TerranLargeBuildingDeath" SoundLink="Armory_Explode"/>
        <PlacementModel value="ArmoryPlacement"/>
        <PortraitModel value="ArmoryPortrait"/>
        <BarOffset value="115"/>
        <BarWidth value="135"/>
        <GroupIcon>
            <Image value="Assets\Textures\Wireframe-Terran-Armory.dds"/>
        </GroupIcon>
        <HeroIcon value="Assets\Textures\btn-building-terran-Armory.dds"/>
        <NameOffset value="100"/>
        <SoundArray index="Ready" value="Armory_Ready"/>
        <SoundArray index="What" value="Armory_What"/>
        <UnitIcon value="Assets\Textures\btn-building-terran-Armory.dds"/>
        <Wireframe>
            <Image value="Assets\Textures\Wireframe-Terran-Armory.dds"/>
        </Wireframe>
    </CActorUnit>
    <CActorSplat id="Armory2Splat" parent="GenericUnitSplat" unitName="Armory2">
        <Model value="ArmorySplat"/>
    </CActorSplat>
    <CActorUnit id="Barracks2" parent="TerranBuildingFlyerEx" unitName="Barracks2">
        <On index="69" Send="Create BarracksBuild"/>
        <On Terms="Behavior.ColonyInfestation.On" Send="Create InfestationBarracks"/>
        <On Terms="UnitDeathCustomize.Barracks2Flying" Send="DeathCustomize Flying"/>
        <Model value="Barracks"/>
        <BuildModel value="BarracksBuild"/>
        <DeathArray index="Normal" ModelLink="BarracksDeath"/>
        <DeathArray index="UnderConstruction" ModelLink="TerranLargeBuildingDeath" SoundLink="Barracks_Explode"/>
        <DeathCustoms index="5" ModelLink="BarracksFlyDeath" SoundLink="Barracks_Explode" Name="Flying"/>
        <PlacementModel value="BarracksPlacement"/>
        <PortraitModel value="BarracksPortrait"/>
        <BarOffset value="155"/>
        <BarWidth value="160"/>
        <GroupIcon>
            <Image value="Assets\Textures\Wireframe-Terran-Barracks.dds"/>
        </GroupIcon>
        <HeroIcon value="Assets\Textures\btn-building-terran-Barracks.dds"/>
        <NameOffset value="110"/>
        <SoundArray index="Ready" value="Barracks_Ready"/>
        <SoundArray index="What" value="Barracks_What"/>
        <SoundArray index="Movement" value="Barracks_Movement"/>
        <UnitIcon value="Assets\Textures\btn-building-terran-Barracks.dds"/>
        <Wireframe>
            <Image value="Assets\Textures\Wireframe-Terran-Barracks.dds"/>
        </Wireframe>
    </CActorUnit>
    <CActorSound id="BarracksLand">
        <On Terms="AbilMorph.*.Start; MorphTo Barracks2" Send="Create"/>
    </CActorSound>
    <CActorUnit id="Bunker">
        <BuildModel value="BunkerBuild"/>
        <On index="105" removed="1"/>
        <On index="106" removed="1"/>
        <On index="107" removed="1"/>
        <On index="108" removed="1"/>
        <On index="109" removed="1"/>
        <On index="110" removed="1"/>
        <On index="111" removed="1"/>
        <On index="112" removed="1"/>
        <On index="113" removed="1"/>
        <On index="114" removed="1"/>
        <On index="115" removed="1"/>
    </CActorUnit>
    <CActorUnit id="Bunker2" parent="GenericUnitStandard" unitName="Bunker2">
        <Model value="Bunker"/>
        <BuildModel value="Bunker"/>
        <PlacementModel value="Bunker"/>
        <Macros value="SnowVisualUnitMacroMP"/>
        <Macros value="BunkerTransportAnim"/>
        <GlossaryAnim value="Stand,Work"/>
        <UnitFlags index="ShowBlobShadow" value="0"/>
    </CActorUnit>
    <CActorUnit id="AirTransport" parent="GenericUnitStandard" unitName="AirTransport">
        <Model value="Invisible"/>
        <BuildModel value="Invisible"/>
        <PlacementModel value="Invisible"/>
    </CActorUnit>
    <CActorUnit id="CCTopbar" parent="GenericUnitStandard" unitName="CCTopbar">
        <Model value="Invisible"/>
        <BuildModel value="Invisible"/>
        <PlacementModel value="Invisible"/>
    </CActorUnit>
    <CActorUnit id="CommandCenter2" parent="TerranBuildingFlyerEx" unitName="CommandCenter2">
        <Macros value="MacroTownhallDeco_Terran"/>
        <Macros value="TerranCommandCenterPlayerDecalMacro"/>
        <Macros value="SprayHelperMacro"/>
        <AcceptedHostedPropTransfers index="Decal" value="0"/>
        <On Terms="ActorCreation" Send="AnimGroupRemove A"/>
        <On Terms="ActorCreation" Send="AnimGroupRemove B"/>
        <On Terms="AbilMorph.*.Finish; MorphFrom CommandCenter2; MorphTo OrbitalCommand" Send="Destroy"/>
        <On Terms="AbilMorph.*.Start; MorphFrom CommandCenter2; MorphTo OrbitalCommand" Send="AnimGroupApply B"/>
        <On Terms="AbilMorph.*.Start; MorphFrom CommandCenter2; MorphTo OrbitalCommand" Send="AnimBaselineStop"/>
        <On Terms="AbilMorph.*.Start; MorphFrom CommandCenter2; MorphTo OrbitalCommand" Send="AnimPlay Morph Morph 0 0.000000"/>
        <On Terms="AbilMorph.*.Cancel; MorphFrom CommandCenter2; MorphTo OrbitalCommand" Send="AnimClear Morph"/>
        <On Terms="AbilMorph.*.Cancel; MorphFrom CommandCenter2; MorphTo OrbitalCommand" Send="AnimGroupRemove B"/>
        <On Terms="AbilMorph.*.Cancel; MorphFrom CommandCenter2; MorphTo OrbitalCommand" Send="AnimBaselineStart"/>
        <On Terms="AbilMorph.*.Finish; MorphFrom CommandCenter2; MorphTo PlanetaryFortress" Send="Destroy"/>
        <On Terms="AbilMorph.*.Start; MorphFrom CommandCenter2; MorphTo PlanetaryFortress" Send="AnimGroupApply A"/>
        <On Terms="AbilMorph.*.Start; MorphFrom CommandCenter2; MorphTo PlanetaryFortress" Send="AnimBaselineStop"/>
        <On Terms="AbilMorph.*.Start; MorphFrom CommandCenter2; MorphTo PlanetaryFortress" Send="AnimPlay Morph Morph 0 1.500000"/>
        <On Terms="AbilMorph.*.Cancel; MorphFrom CommandCenter2; MorphTo PlanetaryFortress" Send="AnimClear Morph"/>
        <On Terms="AbilMorph.*.Cancel; MorphFrom CommandCenter2; MorphTo PlanetaryFortress" Send="AnimGroupRemove A"/>
        <On Terms="AbilMorph.*.Cancel; MorphFrom CommandCenter2; MorphTo PlanetaryFortress" Send="AnimBaselineStart"/>
        <On Terms="Abil.*.TransportOccupy" Send="AnimPlay StandC Stand,Work,C PlayForever"/>
        <On Terms="Abil.*.TransportEmpty" Send="AnimClear StandC"/>
        <On Terms="Behavior.ColonyInfestation.On" Send="Create InfestationCommandCenter2"/>
        <On Terms="Behavior.Corruption.On" Send="AnimSetPaused Morph"/>
        <On Terms="Behavior.Corruption.Off" Send="AnimSetPaused Morph 0"/>
        <On Terms="UnitDeathCustomize; AnimPlaying Morph; !ModelIsLowQuality" Send="Create CommandCenter2MorphDeath"/>
        <On Terms="UnitDeathCustomize; AnimPlaying Morph" Send="DeathCustomize Variation2"/>
        <On Terms="Abil.CommandCenter2LiftOff.Start" Send="StatusSet FlyDeathAnim 1"/>
        <On Terms="Abil.CommandCenter2LiftOff.Start" Send="TimerSet 1.100000 FlyDeathAnimChange"/>
        <On Terms="TimerExpired; TimerName FlyDeathAnimChange" Send="StatusSet FlyDeathAnim 2"/>
        <On Terms="UnitBirth.CommandCenter2Flying" Send="StatusSet FlyDeathAnim 2"/>
        <On Terms="Abil.CommandCenter2Land.Start" Send="TimerSet 0.700000 LandDeathAnimChange"/>
        <On Terms="Abil.CommandCenter2Land.Start" Send="TimerSet 1.100000 LandDeathAnimChangeB"/>
        <On Terms="TimerExpired; TimerName LandDeathAnimChange" Send="StatusSet FlyDeathAnim 1"/>
        <On Terms="TimerExpired; TimerName LandDeathAnimChangeB" Send="StatusSet FlyDeathAnim 0"/>
        <On Terms="UnitDeathCustomize; IsStatus FlyDeathAnim 1" Send="DeathCustomize Variation3"/>
        <On Terms="UnitDeathCustomize; IsStatus FlyDeathAnim 2" Send="DeathCustomize Flying"/>
        <On Terms="UnitBirth.CommandCenter2Flying" Send="HideWorkerCount 1"/>
        <On Terms="AbilMorph.*.Finish; MorphFrom CommandCenter2Flying; MorphTo CommandCenter2" Send="HideWorkerCount"/>
        <On Terms="AbilMorph.*.Finish; MorphFrom CommandCenter2; MorphTo CommandCenter2Flying" Send="HideWorkerCount 1"/>
        <On Terms="UnitBirth.CommandCenter2" Send="Create PlayerLogoDoodadList"/>
        <On Terms="AbilMorph.*.Start; MorphFrom CommandCenter2; MorphTo CommandCenter2Flying" Target="PlayerLogoDoodadList" Send="Destroy"/>
        <On Terms="AbilMorph.*.Finish; MorphFrom CommandCenter2Flying; MorphTo CommandCenter2" Send="Create PlayerLogoDoodadList"/>
        <On Terms="Behavior.250mmStrikeCannons.On" Send="AnimSetPaused Morph"/>
        <On Terms="Behavior.250mmStrikeCannons.Off" Send="AnimSetPaused Morph 0"/>
        <On Terms="AbilMorph.*.Start; MorphFrom CommandCenter2; MorphTo CommandCenter2Flying" Target="TerranClanFlag" Send="Signal DestroyFlag"/>
        <On Terms="AbilMorph.*.Finish; MorphFrom CommandCenter2Flying; MorphTo CommandCenter2; PlayerHasClanDecal" Send="Create TerranClanFlag"/>
        <On Terms="UnitBirth.CommandCenter2; PlayerHasClanDecal" Send="Create TerranClanFlag"/>
        <On Terms="AbilMorph.*.Start; MorphFrom CommandCenter2; MorphTo CommandCenter2Flying" Target="TerranPlayerTrophy" Send="Signal DestroyFlag"/>
        <On Terms="AbilMorph.*.Finish; MorphFrom CommandCenter2Flying; MorphTo CommandCenter2; PlayerHasTrophy" Send="Create TerranPlayerTrophy"/>
        <On Terms="UnitBirth.CommandCenter2; PlayerHasTrophy" Send="Create TerranPlayerTrophy"/>
        <On Terms="UnitBirth.CommandCenter2.Normal; ValidateUnit CommandCenterReactorPurchased" Send="Create CommandCenter2Reactor"/>
        <On Terms="UnitBirth.CommandCenter2.Suppressed; ValidateUnit CommandCenterReactorPurchased" Send="Create CommandCenter2Reactor"/>
        <On Terms="UnitBirth.CommandCenter2.Suppressed; ValidateUnit CommandCenterReactorPurchased" Target="CommandCenter2Reactor" Send="Signal FastBirth"/>
        <On Terms="UnitBirth.CommandCenter2Flying.Normal; ValidateUnit CommandCenterReactorPurchased" Send="Create CommandCenter2Reactor"/>
        <On Terms="UnitBirth.CommandCenter2Flying.Suppressed; ValidateUnit CommandCenterReactorPurchased" Send="Create CommandCenter2Reactor"/>
        <On Terms="UnitBirth.CommandCenter2Flying.Suppressed; ValidateUnit CommandCenterReactorPurchased" Target="CommandCenter2Reactor" Send="Signal FastBirth"/>
        <On Terms="ActorCreation; ValidateUnit OrbitalRelayUpgraded" Send="AnimGroupApply B"/>
        <On Terms="UnitConstruction.*.Start; ValidateUnit OrbitalRelayUpgraded" Send="AnimGroupApply Jump"/>
        <On Terms="UnitBirth.*.Normal; ValidateUnit OrbitalRelayUpgraded" Send="AnimGroupRemove Jump"/>
        <On Terms="Upgrade.OrbitalRelay.Add" Send="AnimGroupApply B"/>
        <On Terms="UnitPlayerChange; ValidateUnit OrbitalRelayUpgraded" Send="AnimGroupApply B"/>
        <On Terms="UnitPlayerChange; !ValidateUnit OrbitalRelayUpgraded" Send="AnimGroupRemove B"/>
        <On Terms="Upgrade.CommandCenterReactor" Send="Create CommandCenterReactor"/>
        <On Terms="Upgrade.CommandCenterReactor" Target="CommandCenter2Reactor" Send="Signal FastBirth"/>
        <On Terms="AbilMorph.*.Start; MorphFrom CommandCenter2; MorphTo PlanetaryFortress; ValidateUnit OrbitalRelayUpgraded" Send="AnimClear Morph"/>
        <On Terms="AbilMorph.*.Start; MorphFrom CommandCenter2; MorphTo PlanetaryFortress; ValidateUnit OrbitalRelayUpgraded" Send="AnimPlay Morph Morph,C 0 1.500000"/>
        <On Terms="AbilMorph.*.Start; MorphFrom CommandCenter2; MorphTo PlanetaryFortress; ValidateUnit OrbitalRelayUpgraded" Send="AnimGroupRemove B"/>
        <On Terms="AbilMorph.*.Cancel; MorphFrom CommandCenter2; MorphTo PlanetaryFortress; ValidateUnit OrbitalRelayUpgraded" Send="AnimGroupApply B"/>
        <On Terms="UnitDeathCustomize; ValidateUnit OrbitalRelayUpgradedAndNotUnderConstruction" Send="DeathCustomize Variation6"/>
        <On Terms="UnitDeathCustomize; ValidateUnit OrbitalRelayUpgradedAndNotUnderConstruction; IsStatus FlyDeathAnim 2" Send="DeathCustomize Variation9"/>
        <On Terms="UnitDeathCustomize; ValidateUnit CommandCenterReactorPurchasedAndNotUnderConstruction" Send="Create CommandCenter2ReactorDeath"/>
        <DeathArray index="Normal" ModelLink="CommandCenterDeath"/>
        <DeathArray index="UnderConstruction" ModelLink="TerranLargeBuildingDeath" SoundLink="CommandCenter_Explode"/>
        <DeathCustoms index="5" ModelLink="CommandCenterDeath" SoundLink="CommandCenter_Explode" Name="Variation2"/>
        <DeathCustoms ModelLink="CommandCenterFlyDeath" SoundLink="CommandCenter_Explode" Name="Flying"/>
        <DeathCustoms ModelLink="CommandCenterDeathLow" Name="Variation3"/>
        <DeathCustoms ModelLink="OrbitalCommandDeath" Name="Variation6"/>
        <DeathCustoms ModelLink="OrbitalCommandFlyDeath" Name="Variation9"/>
        <BarOffset value="165"/>
        <BarWidth value="200"/>
        <GroupIcon>
            <Image value="Assets\Textures\Wireframe-Terran-CommandCenter.dds"/>
        </GroupIcon>
        <NameOffset value="150"/>
        <SoundArray index="Ready" value="CommandCenter_Ready"/>
        <SoundArray index="What" value="CommandCenter_What"/>
        <SoundArray index="Movement" value="CommandCenter_Movement2"/>
        <Wireframe>
            <Image value="Assets\Textures\Wireframe-Terran-CommandCenter.dds"/>
        </Wireframe>
        <Model value="CommandCenter"/>
        <BuildModel value="CommandCenter"/>
        <PlacementModel value="CommandCenterPlacement"/>
        <PortraitModel value="CommandCenterPortrait"/>
        <HeroIcon value="Assets\Textures\btn-building-terran-CommandCenter.dds"/>
        <UnitIcon value="Assets\Textures\btn-building-terran-CommandCenter.dds"/>
    </CActorUnit>
    <CActorSplat id="CommandCenter2Splat" parent="GenericUnitSplat" unitName="CommandCenter2">
        <On Terms="AbilMorph.*.Finish; MorphFrom CommandCenter2; MorphTo PlanetaryFortress" Send="Destroy"/>
        <On Terms="AbilMorph.*.Finish; MorphFrom CommandCenter2; MorphTo OrbitalCommand" Send="Destroy"/>
        <On Terms="AbilMorph.*.Start; MorphTo CommandCenter2; MorphFrom CommandCenterFlying2" Send="Create"/>
        <On Terms="AbilMorph.*.Start; MorphFrom CommandCenter2; MorphTo CommandCenterFlying2" Send="Destroy"/>
        <Model value="CommandCenterSplat"/>
    </CActorSplat>
    <CActorSound id="CommandCenterLand">
        <On Terms="AbilMorph.*.Start; MorphTo CommandCenter2; MorphFrom CommandCenter2Flying" Send="Create"/>
    </CActorSound>
    <CActorUnit id="Crane" parent="GenericUnitStandard" unitName="Crane">
        <On Terms="ActorCreation" Send="AnimBracketStart BSD Birth Stand Death"/>
        <Model value="ConstructionCrane"/>
        <Scale value="0.900000"/>
        <BuildModel value="BarracksBuild"/>
        <PlacementModel value="ConstructionCrane"/>
        <PortraitModel value="AdjutantPortrait"/>
        <HeroIcon value="Assets\Textures\Decal_Terran_0047_01.dds"/>
        <LifeArmorIcon value="Assets\Textures\btn-upgrade-terran-buildingarmor.dds"/>
        <UnitIcon value="Assets\Textures\Decal_Terran_0047_01.dds"/>
        <Wireframe>
            <Image value="Assets\Textures\decal_terran_0047_01.dds"/>
        </Wireframe>
        <Aliases value="_CreepEngulfable"/>
        <Aliases value="_UnitHuge"/>
    </CActorUnit>
    <CActorUnit id="DevastationTurret" parent="TerranBuildingEx" unitName="DevastationTurret">
        <Aliases value="_UnitHuge"/>
        <On index="69" Terms="UnitConstruction.DevastationTurret.Start" Send="Create MissileTurretBuild"/>
        <On Terms="ActorCreation; ValidateUnit MissileTurretUpgraded" Send="ModelSwap MissileTurretTitaniumHousing"/>
        <On Terms="Upgrade.ReinforcedSuperstructure.Add" Send="ModelSwap MissileTurretTitaniumHousing"/>
        <On Terms="UnitDeathCustomize; ValidateUnit MissileTurretUpgradedNoConstruction" Send="DeathCustomize Upgrade"/>
        <On Terms="Signal.*.test" Send="Create TurretUnitDeathModel"/>
        <On Terms="Signal.*.test" Send="SetOpacity"/>
        <On Terms="ActorCreation; ValidateUnit MissileTurretUpgraded" Send="ModelSwap MissileTurretTitaniumHousing"/>
        <On Terms="Upgrade.ReinforcedSuperstructure.Add" Send="ModelSwap MissileTurretTitaniumHousing"/>
        <On Terms="UnitDeathCustomize; ValidateUnit MissileTurretUpgradedNoConstruction" Send="DeathCustomize Upgrade"/>
        <CreepHeightClass value="Small"/>
        <BuildModel value="MissileTurretBuild"/>
        <DeathArray index="Normal" ModelLink="MissileTurretDeath"/>
        <DeathArray index="UnderConstruction" ModelLink="TerranBuildingDeath" SoundLink="MissileTurret_Explode"/>
        <DeathCustoms ModelLink="MissileTurretTitaniumHousingDeath" Name="Upgrade"/>
        <DeathCustoms ModelLink="MissileTurretTitaniumHousingDeath" Name="Upgrade"/>
        <PlacementModel value="DevastationTurret"/>
        <PlacementSound value="Terran_BuildingPlacementSmall"/>
        <PlacementActorModel value="MissileTurretSkinnablePlacementModel"/>
        <PortraitModel value="MissileTurretPortrait"/>
        <BarOffset value="90"/>
        <GroupIcon>
            <Image value="Assets\Textures\wireframe-terran-autoturret.dds"/>
        </GroupIcon>
        <HeroIcon value="Assets\Textures\btn-tips-flamingbetty.dds"/>
        <SoundArray index="Ready" value="MissileTurret_Ready"/>
        <SoundArray index="What" value="MissileTurret_What"/>
        <UnitFlags index="ShowBlobShadow" value="0"/>
        <UnitIcon value="Assets\Textures\btn-tips-flamingbetty.dds"/>
        <Wireframe>
            <Image value="Assets\Textures\Wireframe-Terran-MissileTurret.dds"/>
        </Wireframe>
    </CActorUnit>
    <CActorAction id="DevastationTurretAttack" parent="MarauderAttack" effectImpact="ConcussiveGrenadesU" effectLaunch="ConcussiveGrenadesLM">
        <EditorCategories value=""/>
        <On index="1" Terms="Effect.ConcussiveGrenadesU.Start; FromEffectTreeDescendant"/>
        <On index="2" Terms="Effect.ConcussiveGrenadesU.Stop; FromEffectTreeDescendant"/>
        <On index="5" Terms="Effect.ConcussiveGrenadesLM.Start; At Caster" Send="Create"/>
        <LaunchAttachQuery Methods="$GenericAttackLaunchMethods"/>
        <LaunchAssets Model="DevastationTurretAttackLaunch"/>
        <Beam value="DevastationTurretAttackBeam"/>
        <ImpactMap index="None" ModelReaction="DevastationTurretAttackImpactReaction"/>
        <ImpactMap index="Shield" Sound="DevastationTurretAttackImpactShield" ModelReaction="DevastationTurretAttackImpactReactionShield"/>
        <DamageMap index="None" Model="DevastationTurretAttackDamage" Sound="DevastationTurretAttackDamage" ModelReaction="DevastationTurretAttackDamageReaction"/>
        <DamageMap index="Shield" Sound="DevastationTurretAttackDamageShield" ModelReaction="DevastationTurretAttackDamageReactionShield"/>
    </CActorAction>
    <CActorUnit id="EngineeringBay2" parent="TerranBuildingEx" unitName="EngineeringBay2">
        <Aliases value="_UnitHuge"/>
        <Macros value="QueueAnim"/>
        <On index="69" Terms="UnitConstruction.EngineeringBay2.Start" Send="Create EngineeringBayBuild"/>
        <On Terms="Behavior.ColonyInfestation.On" Send="Create InfestationEngineeringBay"/>
        <Model value="EngineeringBay"/>
        <CreepHeightClass value="Medium"/>
        <BuildModel value="EngineeringBayBuild"/>
        <DeathArray index="Normal" ModelLink="EngineeringBayDeath"/>
        <DeathArray index="UnderConstruction" ModelLink="TerranBuildingDeath" SoundLink="EngineeringBay_Explode"/>
        <PlacementModel value="EngineeringBayPlacement"/>
        <PortraitModel value="EngineeringBayPortrait"/>
        <BarOffset value="110"/>
        <BarWidth value="135"/>
        <GroupIcon>
            <Image value="Assets\Textures\Wireframe-Terran-EngineeringBay.dds"/>
        </GroupIcon>
        <HeroIcon value="Assets\Textures\btn-building-terran-engineeringbay.dds"/>
        <NameOffset value="110"/>
        <SoundArray index="Ready" value="EngineeringBay_Ready"/>
        <SoundArray index="What" value="EngineeringBay_What"/>
        <UnitIcon value="Assets\Textures\btn-building-terran-engineeringbay.dds"/>
        <Wireframe>
            <Image value="Assets\Textures\Wireframe-Terran-EngineeringBay.dds"/>
        </Wireframe>
    </CActorUnit>
    <CActorSplat id="EngineeringBay2Splat" parent="GenericUnitSplat" unitName="EngineeringBay2">
        <Model value="EngineeringBaySplat"/>
    </CActorSplat>
    <CActorUnit id="Factory2" parent="TerranBuildingFlyerEx" unitName="Factory2">
        <On index="69" Send="Create FactoryBuild"/>
        <On Terms="UnitDeathCustomize.Factory2Flying" Send="DeathCustomize Flying"/>
        <On Terms="Behavior.ColonyInfestation.On" Send="Create InfestedVisual"/>
        <Model value="Factory"/>
        <BuildModel value="FactoryBuild"/>
        <DeathArray index="Normal" ModelLink="FactoryDeath"/>
        <DeathArray index="UnderConstruction" ModelLink="TerranBuildingDeath" SoundLink="Factory_Explode"/>
        <DeathCustoms index="5" ModelLink="FactoryFlyDeath" SoundLink="Factory_Explode" Name="Flying"/>
        <PlacementModel value="FactoryPlacement"/>
        <PortraitModel value="FactoryPortrait"/>
        <BarOffset value="150"/>
        <BarWidth value="160"/>
        <GroupIcon>
            <Image value="Assets\Textures\Wireframe-Terran-Factory.dds"/>
        </GroupIcon>
        <HeroIcon value="Assets\Textures\btn-building-terran-Factory.dds"/>
        <NameOffset value="110"/>
        <SoundArray index="Ready" value="Factory_Ready"/>
        <SoundArray index="What" value="Factory_What"/>
        <SoundArray index="Movement" value="Factory_Movement"/>
        <UnitIcon value="Assets\Textures\btn-building-terran-Factory.dds"/>
        <Wireframe>
            <Image value="Assets\Textures\Wireframe-Terran-Factory.dds"/>
        </Wireframe>
    </CActorUnit>
    <CActorSound id="FactoryLand">
        <On Terms="AbilMorph.*.Start; MorphTo Factory2" Send="Create"/>
    </CActorSound>
    <CActorModel id="FirebatAttackModel">
        <Scale value="1.000000,2.500000,1.000000"/>
    </CActorModel>
    <CActorUnit id="FusionCore2" parent="TerranBuildingEx" unitName="FusionCore2">
        <Aliases value="_UnitHuge"/>
        <Macros value="QueueAnim"/>
        <On index="69" Terms="UnitConstruction.FusionCore2.Start" Send="Create FusionCoreBuild"/>
        <Model value="FusionCore"/>
        <CreepHeightClass value="Medium"/>
        <BuildModel value="FusionCoreBuild"/>
        <DeathArray index="Normal" ModelLink="FusionCoreDeath"/>
        <DeathArray index="UnderConstruction" ModelLink="TerranBuildingDeath" SoundLink="FusionCore_Explode"/>
        <PlacementModel value="FusionCorePlacement"/>
        <PortraitModel value="FusionCorePortrait"/>
        <BarOffset value="115"/>
        <BarWidth value="135"/>
        <GroupIcon>
            <Image value="Assets\Textures\Wireframe-Terran-FusionCore.dds"/>
        </GroupIcon>
        <HeroIcon value="Assets\Textures\btn-building-terran-fusioncore.dds"/>
        <NameOffset value="100"/>
        <SoundArray index="Ready" value="FusionCore_Ready"/>
        <SoundArray index="What" value="FusionCore_What"/>
        <UnitFlags index="ShowBlobShadow" value="0"/>
        <UnitIcon value="Assets\Textures\btn-building-terran-fusioncore.dds"/>
        <Wireframe>
            <Image value="Assets\Textures\Wireframe-Terran-FusionCore.dds"/>
        </Wireframe>
    </CActorUnit>
    <CActorSplat id="FusionCore2Splat" parent="GenericUnitSplat" unitName="FusionCore2">
        <Model value="FusionCoreSplat"/>
    </CActorSplat>
    <CActorUnit id="GhostAcademy2" parent="TerranBuildingEx" unitName="GhostAcademy2">
        <Aliases value="_UnitHuge"/>
        <Macros value="QueueAnim"/>
        <On index="69" Terms="UnitConstruction.GhostAcademy2.Start" Send="Create GhostAcademyBuild"/>
        <Model value="GhostAcademy"/>
        <BuildModel value="GhostAcademyBuild"/>
        <DeathArray index="Normal" ModelLink="GhostAcademyDeath"/>
        <DeathArray index="UnderConstruction" ModelLink="TerranBuildingDeath" SoundLink="GhostAcademy_Explode"/>
        <PlacementModel value="GhostAcademyPlacement"/>
        <PortraitModel value="GhostAcademyPortrait"/>
        <BarOffset value="125"/>
        <BarWidth value="155"/>
        <GroupIcon>
            <Image value="Assets\Textures\Wireframe-Terran-GhostAcademy.dds"/>
        </GroupIcon>
        <HeroIcon value="Assets\Textures\btn-building-terran-ghostacademy.dds"/>
        <NameOffset value="100"/>
        <SoundArray index="Ready" value="GhostAcademy_Ready"/>
        <SoundArray index="What" value="GhostAcademy_What"/>
        <UnitFlags index="ShowBlobShadow" value="0"/>
        <UnitFlags index="StandAnimBirthVariation" value="0"/>
        <UnitIcon value="Assets\Textures\btn-building-terran-ghostacademy.dds"/>
        <Wireframe>
            <Image value="Assets\Textures\Wireframe-Terran-GhostAcademy.dds"/>
        </Wireframe>
    </CActorUnit>
    <CActorSplat id="GhostAcademy2Splat" parent="GenericUnitSplat" unitName="GhostAcademy2">
        <Model value="GhostAcademySplat"/>
    </CActorSplat>
    <CActorUnit id="GhostSquad" parent="Ghost" unitName="GhostSquad">
        <Macros index="1" removed="1"/>
        <On index="0" Terms="UnitBirth.GhostSquad" Send="Create SoundEmitter GhostSquad_Ambience"/>
        <On index="1" Terms="UnitBirth.GhostSquad"/>
        <On index="2" Terms="UnitRevive.GhostSquad"/>
        <On index="3" Terms="UnitRevive.GhostSquad"/>
        <On index="4" Terms="UnitConstruction.GhostSquad.Start"/>
        <On index="5" Terms="UnitConstruction.GhostSquad.Finish"/>
        <On index="64" Terms="Abil.attack.ReadyStart" Send="AnimGroupApply Ready"/>
        <On index="65" Terms="WeaponStart.*.AttackStart" Send="AnimBracketStart Attack Attack"/>
        <On index="66" Terms="WeaponStart.*.AttackStart; AnimPlaying Birth" Send="AnimClear Birth"/>
        <On index="67" Terms="WeaponStop.*.AttackStop" Send="AnimBracketStop Attack"/>
        <On index="68" Terms="Abil.attack.ReadyStop" Send="AnimGroupRemove Ready"/>
        <On index="69" Terms="ActorCreation" Send="SetOpacity"/>
        <On index="70" removed="1"/>
        <On index="71" removed="1"/>
        <On index="72" removed="1"/>
        <On index="73" removed="1"/>
        <On index="74" removed="1"/>
        <On index="75" removed="1"/>
        <On index="76" removed="1"/>
        <On index="77" removed="1"/>
        <On index="78" removed="1"/>
        <On index="79" removed="1"/>
        <On index="80" removed="1"/>
        <On index="81" removed="1"/>
        <On index="82" removed="1"/>
        <On index="83" removed="1"/>
        <On index="84" removed="1"/>
        <On index="85" removed="1"/>
        <On index="86" removed="1"/>
        <On index="87" removed="1"/>
        <On index="88" removed="1"/>
        <On index="89" removed="1"/>
        <On index="90" removed="1"/>
        <On index="91" removed="1"/>
        <On index="92" removed="1"/>
        <On index="93" removed="1"/>
        <Model value="SiegeTank"/>
        <AnimBlendTime value="-1.000000"/>
        <ModelFlags index="OutlineEmitter" value="0"/>
        <EventDataFootprint index="0" Actor="UnitFootprint" Model="GhostSquadFootprint"/>
        <BuildModel value="SiegeTank"/>
        <DeathArray index="Normal" ModelLink="GhostSquad" SoundLink="GhostSquadDeath" VoiceLink="GhostSquadDeathVoice"/>
        <DeathArray index="Blast" ModelLink=""/>
        <DeathArray index="Disintegrate" ModelLink="" SoundLink=""/>
        <DeathArray index="Eviscerate" ModelLink="" SoundLink=""/>
        <DeathArray index="Fire" ModelLink="" SoundLink=""/>
        <DeathCustoms index="5" removed="1"/>
        <PlacementModel value="SiegeTank"/>
        <StandAnimTurnTime value="4"/>
        <AbilSoundArray index="0" removed="1"/>
        <AbilSoundArray index="1" removed="1"/>
        <AbilSoundArray index="2" removed="1"/>
        <BarOffset value="100"/>
        <BarWidth value="60"/>
        <GlossaryAnim value="Spell"/>
        <HighlightTooltip value="Unit/Name/GhostSquad"/>
        <SelectAbilCmd value=""/>
        <Scale value="1.500000,1.500000,0.750000"/>
    </CActorUnit>
    <CActorModelMaterial id="LowPower" parent="BehaviorGlaze" buff="PowerCheck">
        <EditorCategories value=""/>
    </CActorModelMaterial>
    <CActorModelMaterial id="Depowered" parent="BehaviorGlaze" buff="Depowered">
        <EditorCategories value=""/>
        <Model value="LowPower"/>
    </CActorModelMaterial>
    <CActorUnit id="MarauderSquad" parent="Marauder" unitName="MarauderSquad">
        <Aliases index="2" value="_UnitSmall"/>
        <Macros index="1" removed="1"/>
        <On index="0" Terms="UnitBirth.MarauderSquad" Send="Create SoundEmitter MarauderSquad_Ambience"/>
        <On index="1" Terms="UnitBirth.MarauderSquad"/>
        <On index="2" Terms="UnitRevive.MarauderSquad"/>
        <On index="3" Terms="UnitRevive.MarauderSquad"/>
        <On index="4" Terms="UnitConstruction.MarauderSquad.Start"/>
        <On index="5" Terms="UnitConstruction.MarauderSquad.Finish"/>
        <On index="65" Terms="WeaponStart.*.AttackStart" Send="AnimBracketStart Attack Attack"/>
        <On index="66" Terms="WeaponStart.*.AttackStart; AnimPlaying Birth" Send="AnimClear Birth"/>
        <On index="67" Terms="WeaponStop.*.AttackStop" Send="AnimBracketStop Attack"/>
        <On index="68" Terms="Abil.attack.ReadyStop" Send="AnimGroupRemove Ready"/>
        <On index="69" Terms="ActorCreation" Send="SetOpacity"/>
        <On index="70" removed="1"/>
        <On index="71" removed="1"/>
        <On index="72" removed="1"/>
        <On index="73" removed="1"/>
        <On index="74" removed="1"/>
        <On index="75" removed="1"/>
        <On index="76" removed="1"/>
        <Model value="SiegeTank"/>
        <ModelFlags index="OutlineEmitter" value="0"/>
        <EventDataFootprint index="0" Actor="UnitFootprint" Model="MarauderSquadFootprint"/>
        <BuildModel value="SiegeTank"/>
        <DeathArray index="Normal" ModelLink="MarauderSquad" SoundLink="MarauderSquadDeath" VoiceLink="MarauderSquadDeathVoice"/>
        <DeathArray index="Eviscerate" ModelLink="" SoundLink=""/>
        <DeathArray index="Silentkill" SoundLink=""/>
        <PlacementModel value="SiegeTank"/>
        <StandAnimTurnTime value="4"/>
        <BarOffset value="100"/>
        <BarWidth value="60"/>
        <GlossaryAnim value="Spell"/>
        <GroupSoundArray index="What" value="Marine_GroupWhat"/>
        <GroupSoundArray index="Yes" value="Marine_GroupYes"/>
        <GroupSoundArray index="Attack" value="Marine_GroupAttack"/>
        <GroupSoundArray index="Board" value="Marine_GroupBoard"/>
        <HighlightTooltip value="Unit/Name/MarauderSquad"/>
        <Scale value="1.500000,1.500000,0.750000"/>
    </CActorUnit>
    <CActorUnit id="FirebatSquad" parent="Firebat" unitName="FirebatSquad">
        <Macros index="1" removed="1"/>
        <On index="0" Terms="UnitBirth.FirebatSquad" Send="Create SoundEmitter FirebatSquad_Ambience"/>
        <On index="1" Terms="UnitBirth.FirebatSquad"/>
        <On index="2" Terms="UnitRevive.FirebatSquad"/>
        <On index="3" Terms="UnitRevive.FirebatSquad"/>
        <On index="4" Terms="UnitConstruction.FirebatSquad.Start"/>
        <On index="5" Terms="UnitConstruction.FirebatSquad.Finish"/>
        <On index="69" Terms="ActorCreation" Target="" Send="SetOpacity"/>
        <Model value="SiegeTank"/>
        <EventDataFootprint index="0" Model="FirebatSquadFootprint"/>
        <BuildModel value="SiegeTank"/>
        <DeathArray index="Normal" ModelLink="FirebatSquad" SoundLink="FirebatSquadDeath" VoiceLink="FirebatSquadDeathVoice"/>
        <PlacementModel value="SiegeTank"/>
        <StandAnimTurnTime value="4"/>
        <WalkAnimMoveSpeed value="2.25"/>
        <BarOffset value="100"/>
        <BarWidth value="60"/>
        <GlossaryAnim value="Spell"/>
        <HighlightTooltip value="Unit/Name/FirebatSquad"/>
        <Scale value="1.500000,1.500000,0.750000"/>
    </CActorUnit>
    <CActorUnit id="MarineSquad" parent="Marine" unitName="MarineSquad">
        <Macros index="1" removed="1"/>
        <Macros index="2" removed="1"/>
        <Macros index="3" removed="1"/>
        <On index="0" Terms="UnitBirth.MarineSquad" Send="Create SoundEmitter MarineSquad_Ambience"/>
        <On index="1" Terms="UnitBirth.MarineSquad"/>
        <On index="2" Terms="UnitRevive.MarineSquad"/>
        <On index="3" Terms="UnitRevive.MarineSquad"/>
        <On index="4" Terms="UnitConstruction.MarineSquad.Start"/>
        <On index="5" Terms="UnitConstruction.MarineSquad.Finish"/>
        <On index="64" Terms="Abil.attack.ReadyStart" Send="AnimGroupApply Ready"/>
        <On index="65" Terms="WeaponStart.*.AttackStart" Send="AnimBracketStart Attack Attack"/>
        <On index="66" Terms="WeaponStart.*.AttackStart; AnimPlaying Birth" Send="AnimClear Birth"/>
        <On index="67" Terms="WeaponStop.*.AttackStop" Target="" Send="AnimBracketStop Attack"/>
        <On index="68" Terms="Abil.attack.ReadyStop" Send="AnimGroupRemove Ready"/>
        <On index="69" Terms="ActorCreation" Send="SetOpacity"/>
        <On index="70" removed="1"/>
        <On index="71" removed="1"/>
        <On index="72" removed="1"/>
        <On index="73" removed="1"/>
        <On index="74" removed="1"/>
        <On index="75" removed="1"/>
        <On index="76" removed="1"/>
        <On index="77" removed="1"/>
        <On index="78" removed="1"/>
        <On index="79" removed="1"/>
        <On index="80" removed="1"/>
        <On index="81" removed="1"/>
        <On index="82" removed="1"/>
        <On index="83" removed="1"/>
        <Model value="SiegeTank"/>
        <ModelFlags index="OutlineEmitter" value="0"/>
        <EventDataFootprint index="0" Model="MarineSquadFootprint"/>
        <BuildModel value="SiegeTank"/>
        <DeathArray index="Normal" ModelLink="MarineSquad" SoundLink="MarineSquadDeath" VoiceLink="MarineSquadDeathVoice"/>
        <DeathArray index="Blast" ModelLink=""/>
        <DeathArray index="Disintegrate" ModelLink="" SoundLink=""/>
        <DeathArray index="Eat" AnimProps="Death,Eat" ModelLink="" SoundLink=""/>
        <DeathArray index="Eviscerate" ModelLink="" SoundLink=""/>
        <DeathArray index="Fire" ModelLink="" SoundLink=""/>
        <DeathArray index="Silentkill" SoundLink=""/>
        <DeathArray index="Squish" SoundLink=""/>
        <DeathCustoms index="5" removed="1"/>
        <DeathCustoms index="6" removed="1"/>
        <DeathCustoms index="7" removed="1"/>
        <DeathCustoms index="8" removed="1"/>
        <DeathCustoms index="9" removed="1"/>
        <DeathCustoms index="10" removed="1"/>
        <DeathCustoms index="11" removed="1"/>
        <DeathCustoms index="12" removed="1"/>
        <DeathCustoms index="13" removed="1"/>
        <DeathCustoms index="14" removed="1"/>
        <DeathCustoms index="15" removed="1"/>
        <DeathCustoms index="16" removed="1"/>
        <DeathActorModel value="UnitDeathModel"/>
        <PlacementModel value="SiegeTank"/>
        <TerrainSquibs index="0" removed="1"/>
        <AbilSoundArray index="0" removed="1"/>
        <BarOffset value="100"/>
        <BarWidth value="60"/>
        <HighlightTooltip value="Unit/Name/MarineSquad"/>
        <Scale value="1.500000,1.500000,0.750000"/>
    </CActorUnit>
    <CActorUnit id="MedicSquad" parent="Medic" unitName="MedicSquad">
        <Macros index="1" removed="1"/>
        <On index="0" Terms="UnitBirth.MedicSquad" Send="Create SoundEmitter MedicSquad_Ambience"/>
        <On index="1" Terms="UnitBirth.MedicSquad"/>
        <On index="2" Terms="UnitRevive.MedicSquad"/>
        <On index="3" Terms="UnitRevive.MedicSquad"/>
        <On index="4" Terms="UnitConstruction.MedicSquad.Start"/>
        <On index="5" Terms="UnitConstruction.MedicSquad.Finish"/>
        <On index="69" Terms="ActorCreation" Send="SetOpacity"/>
        <On index="70" removed="1"/>
        <On index="71" removed="1"/>
        <On index="72" removed="1"/>
        <Model value="SiegeTank"/>
        <EventDataFootprint index="0" Model="MedicSquadFootprint"/>
        <BuildModel value="SiegeTank"/>
        <DeathArray index="Normal" ModelLink="MedicSquad" SoundLink="MedicSquadDeath" VoiceLink="MedicSquadDeathVoice"/>
        <DeathArray index="Blast" ModelLink=""/>
        <DeathCustoms index="5" removed="1"/>
        <PlacementModel value="SiegeTank"/>
        <StandAnimTurnTime value="4"/>
        <BarOffset value="100"/>
        <BarWidth value="60"/>
        <GlossaryAnim value="Spell"/>
        <HighlightTooltip value="Unit/Name/MedicSquad"/>
        <Scale value="1.500000,1.500000,0.750000"/>
    </CActorUnit>
    <CActorUnit id="MissileTurret2" parent="TerranBuildingEx" unitName="MissileTurret2">
        <Aliases value="_UnitHuge"/>
        <On index="69" Terms="UnitConstruction.MissileTurret2.Start" Send="Create MissileTurretBuild"/>
        <On Terms="ActorCreation; ValidateUnit MissileTurretUpgraded" Send="ModelSwap MissileTurretTitaniumHousing"/>
        <On Terms="Upgrade.ReinforcedSuperstructure.Add" Send="ModelSwap MissileTurretTitaniumHousing"/>
        <On Terms="UnitDeathCustomize; ValidateUnit MissileTurretUpgradedNoConstruction" Send="DeathCustomize Upgrade"/>
        <On Terms="Signal.*.test" Send="Create TurretUnitDeathModel"/>
        <On Terms="Signal.*.test" Send="SetOpacity"/>
        <On Terms="ActorCreation; ValidateUnit MissileTurretUpgraded" Send="ModelSwap MissileTurretTitaniumHousing"/>
        <On Terms="Upgrade.ReinforcedSuperstructure.Add" Send="ModelSwap MissileTurretTitaniumHousing"/>
        <On Terms="UnitDeathCustomize; ValidateUnit MissileTurretUpgradedNoConstruction" Send="DeathCustomize Upgrade"/>
        <Model value="MissileTurret"/>
        <CreepHeightClass value="Small"/>
        <BuildModel value="MissileTurretBuild"/>
        <DeathArray index="Normal" ModelLink="MissileTurretDeath"/>
        <DeathArray index="UnderConstruction" ModelLink="TerranBuildingDeath" SoundLink="MissileTurret_Explode"/>
        <DeathCustoms ModelLink="MissileTurretTitaniumHousingDeath" Name="Upgrade"/>
        <DeathCustoms ModelLink="MissileTurretTitaniumHousingDeath" Name="Upgrade"/>
        <PlacementModel value="MissileTurretPlacement"/>
        <PlacementSound value="Terran_BuildingPlacementSmall"/>
        <PlacementActorModel value="MissileTurretSkinnablePlacementModel"/>
        <PortraitModel value="MissileTurretPortrait"/>
        <BarOffset value="90"/>
        <GroupIcon>
            <Image value="Assets\Textures\Wireframe-Terran-MissileTurret.dds"/>
        </GroupIcon>
        <HeroIcon value="Assets\Textures\btn-building-terran-missileturret.dds"/>
        <SoundArray index="Ready" value="MissileTurret_Ready"/>
        <SoundArray index="What" value="MissileTurret_What"/>
        <UnitFlags index="ShowBlobShadow" value="0"/>
        <UnitIcon value="Assets\Textures\btn-building-terran-missileturret.dds"/>
        <Wireframe>
            <Image value="Assets\Textures\Wireframe-Terran-MissileTurret.dds"/>
        </Wireframe>
    </CActorUnit>
    <CActorUnit id="OrbitalCommand2" parent="TerranBuildingFlyerEx" unitName="OrbitalCommand2">
        <Macros value="MacroTownhallDeco_Terran"/>
        <Macros value="TerranOrbitalCommandPlayerDecalMacro"/>
        <AcceptedHostedPropTransfers index="Decal" value="0"/>
        <On index="80" Terms="UnitBirth.OrbitalCommandFlying2" Send="Create"/>
        <On index="81" Terms="UnitBirth.OrbitalCommandFlying2" Send="AnimGroupApply Fly Fly,Start Fly,End Instant"/>
        <On index="82" Terms="UnitBirth.OrbitalCommandFlying2" Send="AliasRemove _CreepEngulfable"/>
        <On index="83" Terms="UnitBirth.OrbitalCommandFlying2" Send="CreepEngulfmentStopTransition"/>
        <On Terms="UnitBirth.OrbitalCommand2" Send="AnimGroupApply B {} {} Instant"/>
        <On Terms="UnitBirth.OrbitalCommandFlying2" Send="AnimGroupApply B {} {} Instant"/>
        <On Terms="AbilMorph.*.Finish; MorphFrom CommandCenter; MorphTo OrbitalCommand" Send="Create"/>
        <On Terms="AbilMorph.*.Finish; MorphFrom CommandCenter; MorphTo OrbitalCommand" Send="AnimGroupApply B"/>
        <On Terms="Behavior.ColonyInfestation.On" Send="Create InfestationCommandCenter"/>
        <On Terms="UnitDeathCustomize.OrbitalCommandFlying2" Send="DeathCustomize Flying"/>
        <On Terms="UnitBirth.OrbitalCommandFlying2" Send="HideWorkerCount 1"/>
        <On Terms="AbilMorph.*.Finish; MorphFrom OrbitalCommandFlying; MorphTo OrbitalCommand" Send="HideWorkerCount"/>
        <On Terms="AbilMorph.*.Finish; MorphFrom OrbitalCommand; MorphTo OrbitalCommandFlying" Send="HideWorkerCount 1"/>
        <On Terms="AbilMorph.*.Start; MorphFrom OrbitalCommand; MorphTo OrbitalCommandFlying" Target="PlayerLogoDoodadList" Send="Destroy"/>
        <On Terms="AbilMorph.*.Finish; MorphFrom OrbitalCommandFlying; MorphTo OrbitalCommand" Send="Create PlayerLogoDoodadList"/>
        <On Terms="AbilMorph.*.Start; MorphFrom OrbitalCommand; MorphTo OrbitalCommandFlying" Target="TerranClanFlag" Send="Signal DestroyFlag"/>
        <On Terms="AbilMorph.*.Finish; MorphFrom OrbitalCommandFlying; MorphTo OrbitalCommand; PlayerHasClanDecal" Send="Create TerranClanFlag"/>
        <On Terms="UnitBirth.OrbitalCommand2; PlayerHasClanDecal" Send="Create TerranClanFlag"/>
        <On Terms="AbilMorph.*.Start; MorphFrom OrbitalCommand; MorphTo OrbitalCommandFlying" Target="TerranPlayerTrophy" Send="Signal DestroyFlag"/>
        <On Terms="AbilMorph.*.Finish; MorphFrom OrbitalCommandFlying; MorphTo OrbitalCommand; PlayerHasTrophy" Send="Create TerranPlayerTrophy"/>
        <On Terms="UnitBirth.OrbitalCommand2; PlayerHasTrophy" Send="Create TerranPlayerTrophy"/>
        <Model value="CommandCenter"/>
        <DeathArray index="Normal" ModelLink="OrbitalCommandDeath"/>
        <DeathArray index="UnderConstruction" ModelLink="TerranLargeBuildingDeath"/>
        <DeathCustoms index="5" ModelLink="OrbitalCommandFlyDeath" SoundLink="OrbitalCommand_Explode" Name="Flying"/>
        <PlacementModel value="OrbitalCommandPlacement"/>
        <PortraitModel value="CommandCenterPortrait"/>
        <BarOffset value="170"/>
        <BarWidth value="200"/>
        <GlossaryAnim value="Stand,B"/>
        <GroupIcon>
            <Image value="Assets\Textures\Wireframe-Terran-OrbitalCommand.dds"/>
        </GroupIcon>
        <HeroIcon value="Assets\Textures\btn-building-terran-surveillancestation.dds"/>
        <NameOffset value="150"/>
        <SoundArray index="Birth" value="CommandCenterBirth"/>
        <SoundArray index="Ready" value="CommandCenter_Ready"/>
        <SoundArray index="Help" value="CommandCenterHelp"/>
        <SoundArray index="What" value="OrbitalCommand"/>
        <SoundArray index="Yes" value="CommandCenterYes"/>
        <SoundArray index="Attack" value="CommandCenterYes"/>
        <SoundArray index="Pissed" value="CommandCenterPissed"/>
        <SoundArray index="Movement" value="OrbitalCommand_Movement"/>
        <StatusHarvesterData Text="UI/HarvesterCountMinerals" SearchFilters="HarvestableResource;Player,Ally,Enemy" SearchRadius="8"/>
        <UnitFlags index="StandAnimBirthVariation" value="0"/>
        <UnitIcon value="Assets\Textures\btn-building-terran-surveillancestation.dds"/>
        <Wireframe>
            <Image value="Assets\Textures\Wireframe-Terran-OrbitalCommand.dds"/>
        </Wireframe>
    </CActorUnit>
    <CActorSplat id="OrbitalCommandSplat2" parent="TerranBuildingMorphSplat" unitName="OrbitalCommand2">
        <Model value="OrbitalCommandSplat"/>
    </CActorSplat>
    <CActorUnit id="PlanetaryFortress2" parent="TerranBuildingEx" unitName="PlanetaryFortress2">
        <Aliases value="_UnitHuge"/>
        <Macros value="QueueAnim"/>
        <Macros value="BuildingFlattenTerrainMacro"/>
        <Macros value="MacroTownhallDeco_Terran"/>
        <Macros value="TerranPlanetaryFortressPlayerDecalMacro"/>
        <AcceptedHostedPropTransfers index="Decal" value="0"/>
        <On Terms="ActorCreation" Send="AnimGroupApply A"/>
        <On Terms="AbilMorph.*.Finish; MorphFrom CommandCenter; MorphTo PlanetaryFortress" Send="Create"/>
        <On Terms="Behavior.ColonyInfestation.On" Send="Create InfestationCommandCenter"/>
        <On Terms="Abil.*.TransportOccupy" Send="AnimPlay StandC Stand,Work,C PlayForever"/>
        <On Terms="Abil.*.TransportEmpty" Send="AnimClear StandC"/>
        <On Terms="UnitBirth.PlanetaryFortress2; PlayerHasClanDecal" Send="Create TerranClanFlag"/>
        <On Terms="UnitBirth.PlanetaryFortress2; PlayerHasTrophy" Send="Create TerranPlayerTrophy"/>
        <Model value="CommandCenter"/>
        <DeathArray index="Normal" ModelLink="PlanetaryFortressDeath"/>
        <DeathArray index="UnderConstruction" ModelLink="TerranLargeBuildingDeath" SoundLink="PlanetaryFortress_Explode"/>
        <PortraitModel value="CommandCenterPortrait"/>
        <BarOffset value="180"/>
        <BarWidth value="200"/>
        <GlossaryAnim value="Stand,A"/>
        <GroupIcon>
            <Image value="Assets\Textures\Wireframe-Terran-PlanetaryFortress.dds"/>
        </GroupIcon>
        <HeroIcon value="Assets\Textures\btn-building-terran-PlanetaryFortress.dds"/>
        <NameOffset value="150"/>
        <SoundArray index="Ready" value="PlanetaryFortress_Ready"/>
        <SoundArray index="What" value="PlanetaryFortress_What"/>
        <StatusHarvesterData Text="UI/HarvesterCountMinerals" SearchFilters="HarvestableResource;Player,Ally,Enemy" SearchRadius="8"/>
        <UnitFlags index="StandAnimBirthVariation" value="0"/>
        <UnitIcon value="Assets\Textures\btn-building-terran-PlanetaryFortress.dds"/>
        <Wireframe>
            <Image value="Assets\Textures\Wireframe-Terran-PlanetaryFortress.dds"/>
        </Wireframe>
    </CActorUnit>
    <CActorSplat id="PlanetaryFortressSplat2" parent="TerranBuildingMorphSplat" unitName="PlanetaryFortress2">
        <Model value="PlanetaryFortressSplat"/>
    </CActorSplat>
    <CActorAction id="Raynor01Attack" effectAttack="">
        <On index="0" Terms="Effect.Stop; FromEffectTreeDescendant"/>
        <On index="5" Terms="Effect.Start; At Caster"/>
        <ContainerAssets Model="BunkerAttackLaunch" Sound="BunkerAttackLaunch"/>
    </CActorAction>
    <CActorUnit id="ReaperSquad" parent="ReaperPlaceholder" unitName="ReaperSquad">
        <On index="0" Terms="UnitBirth.ReaperSquad" Send="Create SoundEmitter ReaperSquad_Ambience"/>
        <On index="1" Terms="UnitBirth.ReaperSquad"/>
        <On index="2" Terms="UnitRevive.ReaperSquad"/>
        <On index="3" Terms="UnitRevive.ReaperSquad"/>
        <On index="4" Terms="UnitConstruction.ReaperSquad.Start"/>
        <On index="5" Terms="UnitConstruction.ReaperSquad.Finish"/>
        <On Terms="ActorCreation" Send="SetOpacity"/>
        <Model value="SiegeTank"/>
        <EventDataFootprint index="0" Model="ReaperSquadFootprint"/>
        <BuildModel value="SiegeTank"/>
        <DeathArray index="Normal" ModelLink="ReaperSquad" SoundLink="ReaperSquadDeath" VoiceLink="ReaperSquadDeathVoice"/>
        <PlacementModel value="SiegeTank"/>
        <PortraitModel value="ReaperPortrait"/>
        <StandAnimTurnTime value="4"/>
        <WalkAnimMoveSpeed value="2.25"/>
        <GlossaryAnim value="Spell"/>
        <GroupIcon>
            <Image value="Assets\Textures\Wireframe-Terran-Reaper.dds"/>
        </GroupIcon>
        <GroupSoundArray index="What" value="Reaper_GroupWhat"/>
        <GroupSoundArray index="Yes" value="Reaper_GroupYes"/>
        <GroupSoundArray index="Attack" value="Reaper_GroupAttack"/>
        <GroupSoundArray index="Board" value="Reaper_GroupBoard"/>
        <HeroIcon value="Assets\Textures\btn-unit-terran-reaper.dds"/>
        <HighlightTooltip value="Unit/Name/ReaperSquad"/>
        <LifeArmorIcon value="Assets\Textures\btn-upgrade-terran-infantryarmorlevel0.dds"/>
        <SoundArray index="Birth" value="Reaper_Birth"/>
        <SoundArray index="Ready" value="Reaper_Ready"/>
        <SoundArray index="Help" value="Reaper_Help"/>
        <SoundArray index="What" value="Reaper_What"/>
        <SoundArray index="Yes" value="Reaper_Yes"/>
        <SoundArray index="Attack" value="Reaper_Attack"/>
        <SoundArray index="Pissed" value="Reaper_Pissed"/>
        <SoundArray index="Movement" value="Reaper_Movement"/>
        <SoundArray index="Turning" value="Reaper_Turning"/>
        <SoundArray index="Board" value="Reaper_Board"/>
        <SoundArray index="Click" value="Reaper_Click"/>
        <SoundArray index="ClickError" value="Reaper_ClickError"/>
        <SoundArray index="Highlight" value="Reaper_Highlight"/>
        <StatusBarFlags index="Shields" value="1"/>
        <StatusBarFlags index="Life" value="1"/>
        <StatusBarFlags index="Energy" value="1"/>
        <StatusBarFlags index="Cargo" value="1"/>
        <StatusBarFlags index="Progress" value="1"/>
        <StatusBarFlags index="Duration" value="1"/>
        <StatusBarFlags index="Magazine" value="1"/>
        <UnitIcon value="Assets\Textures\btn-unit-terran-reaper.dds"/>
        <Wireframe>
            <Image value="Assets\Textures\Wireframe-Terran-Reaper.dds"/>
        </Wireframe>
        <Scale value="1.500000,1.500000,0.750000"/>
    </CActorUnit>
    <CActorUnit id="Refinery2" parent="TerranBuildingEx" unitName="Refinery2">
        <Aliases value="_UnitHuge"/>
        <Macros value="ExtractAnim"/>
        <On index="69" Terms="UnitConstruction.Refinery2.Start" Send="Create RefineryBuild"/>
        <On Terms="Behavior.HarvestableVespeneGeyserGas.Deplete" Send="SetTintColor 255,170,170"/>
        <On Terms="Behavior.HarvestableVespeneGeyserGas.Deplete" Send="AnimGroupRemove D"/>
        <On Terms="Behavior.HarvestableVespeneGeyserGas.Deplete" Send="AnimGroupApply B"/>
        <On Terms="Behavior.HarvestableVespeneGeyserGas.Restore" Send="SetTintColor 255,255,255"/>
        <On Terms="Behavior.HarvestableVespeneGeyserGas.Restore" Send="AnimGroupRemove B"/>
        <On Terms="Behavior.HarvestableVespeneGeyserGas.Restore" Send="AnimGroupApply D"/>
        <On Terms="Behavior.ColonyInfestation.On" Send="Create InfestationRefinery"/>
        <On Terms="UnitDeathCustomize; ValidateUnit NoVespene" Send="DeathCustomize Empty"/>
        <On Terms="UnitBirth.Refinery2" Send="TimerSet 0.100000 HideGeyser"/>
        <Model value="Refinery"/>
        <CreepHeightClass value="Medium"/>
        <BuildModel value="RefineryBuild"/>
        <DeathArray index="Normal" ModelLink="RefineryDeath"/>
        <DeathArray index="UnderConstruction" ModelLink="TerranBuildingDeath" SoundLink="Refinery_Explode"/>
        <DeathCustoms ModelLink="RefineryEmptyDeath" Name="Empty"/>
        <PlacementModel value="RefineryPlacement"/>
        <PortraitModel value="RefineryPortrait"/>
        <BarOffset value="160"/>
        <BarWidth value="120"/>
        <GroupIcon>
            <Image value="Assets\Textures\Wireframe-Terran-Refinery.dds"/>
        </GroupIcon>
        <HeroIcon value="Assets\Textures\btn-building-terran-refinery.dds"/>
        <NameOffset value="110"/>
        <SoundArray index="Ready" value="Refinery_Ready"/>
        <SoundArray index="What" value="Refinery_What"/>
        <StatusHarvesterData Text="UI/HarvesterCountVespene"/>
        <UnitFlags index="ShowBlobShadow" value="0"/>
        <UnitIcon value="Assets\Textures\btn-building-terran-refinery.dds"/>
        <Wireframe>
            <Image value="Assets\Textures\Wireframe-Terran-Refinery.dds"/>
        </Wireframe>
    </CActorUnit>
    <CActorSplat id="RefinerySplat2" parent="GenericUnitSplat" unitName="Refinery2">
        <Model value="RefinerySplat"/>
    </CActorSplat>
    <CActorUnit id="SCV2" parent="GenericUnitStandard" unitName="SCV2">
        <Aliases value="_UnitSmall"/>
        <Macros value="CarryAnim"/>
        <Macros value="UnloadDropAnim"/>
        <Macros value="MacroWorkerHat"/>
        <On Terms="Abil.SCVHarvest.Start" Send="TimerSet 0.000000,0.300000 Gather"/>
        <On Terms="Abil.SCVHarvest.Stop" Send="AnimClear Gather"/>
        <On Terms="Abil.SCVHarvest.Stop" Send="TimerKill Gather"/>
        <On Terms="AnimDone.*.Complete; AnimName Gather" Send="TimerSet 0.000000,0.300000 Gather"/>
        <On Terms="TimerExpired; TimerName Gather" Send="AnimPlay Gather Work NonLooping"/>
        <On Terms="TimerExpired; TimerName Gather" Send="Create SCVGatherSound"/>
        <On Terms="Abil.Repair.SourceChannelStart" Send="TimerSet 0.000000,0.300000 Repair"/>
        <On Terms="Abil.Repair.SourceChannelStop" Send="TimerKill Repair"/>
        <On Terms="Abil.Repair.SourceChannelStop" Send="AnimClear Repair"/>
        <On Terms="AnimDone.*.Complete; AnimName Repair" Send="TimerSet 0.000000,0.300000 Repair"/>
        <On Terms="TimerExpired; TimerName Repair" Send="AnimPlay Repair Work NonLooping"/>
        <On Terms="TimerExpired; TimerName Repair" Send="Create SCVRepairSound"/>
        <On Terms="Abil.*.WorkerStart" Send="TimerSet 0.000000,0.300000 Build"/>
        <On Terms="Abil.*.WorkerStop" Send="TimerKill Build"/>
        <On Terms="Abil.*.WorkerStop" Send="AnimClear Build"/>
        <On Terms="Abil.*.WorkerCancel" Send="TimerKill Build"/>
        <On Terms="Abil.*.WorkerCancel" Send="AnimClear Build"/>
        <On Terms="AnimDone.*.Complete; AnimName Build" Send="TimerSet 0.000000,0.300000 Build"/>
        <On Terms="TimerExpired; TimerName Build" Send="AnimPlay Build Work NonLooping"/>
        <On Terms="TimerExpired; TimerName Build" Send="Create SCVBuildSound"/>
        <On Terms="Abil.SCVHarvest.Start" Send="StatusSet CloakSound 1"/>
        <On Terms="Behavior.CarryHarvestableVespeneGeyserGas.Create" Send="StatusSet CloakSound 1"/>
        <On Terms="Confirmation.SCV.Start" Send="StatusSet CloakSound 0"/>
        <On Terms="Behavior.CloakFieldEffect.Create; IsStatus CloakSound 0" Send="Create Worker_CloakFieldOn"/>
        <On Terms="Behavior.CloakFieldEffect.Destroy; IsStatus CloakSound 0" Send="Create Worker_CloakFieldOff"/>
        <Model value="SCV"/>
        <AnimBlendTime value="0.500000"/>
        <ModelFlags index="OutlineEmitter" value="1"/>
        <BuildModel value="SCV"/>
        <DeathArray index="Normal" ModelLink="SCVDeath" SoundLink="SCV_Explode"/>
        <PlacementModel value="SCV"/>
        <PortraitModel value="SCVPortrait"/>
        <BarOffset value="40"/>
        <BarWidth value="42"/>
        <GroupIcon>
            <Image value="Assets\Textures\Wireframe-Terran-SCV.dds"/>
        </GroupIcon>
        <HeroIcon value="Assets\Textures\btn-unit-terran-scv.dds"/>
        <LifeArmorIcon value="Assets\Textures\btn-upgrade-terran-infantryarmorlevel0.dds"/>
        <SoundArray index="Ready" value="SCV_Ready"/>
        <SoundArray index="Help" value="Alert_TerranEconomyUnderAttack"/>
        <SoundArray index="What" value="SCV_What"/>
        <SoundArray index="Yes" value="SCV_Yes"/>
        <SoundArray index="Attack" value="SCV_Attack"/>
        <SoundArray index="Pissed" value="SCV_Pissed"/>
        <UnitIcon value="Assets\Textures\btn-unit-terran-scv.dds"/>
        <Wireframe>
            <Image value="Assets\Textures\Wireframe-Terran-SCV.dds"/>
        </Wireframe>
    </CActorUnit>
    <CActorAction id="SCVAttack2" parent="GenericAttack" effectAttack="FusionCutter">
        <LaunchAssets Model="SCVAttackLaunch"/>
        <ShieldFlashType value="Header"/>
    </CActorAction>
    <CActorUnit id="SensorTower2" parent="TerranBuildingEx" unitName="SensorTower2">
        <Aliases value="_UnitMedium"/>
        <On index="69" Terms="UnitConstruction.SensorTower2.Start" Send="Create SensorTowerBuild"/>
        <Model value="SensorTower"/>
        <BuildModel value="SensorTowerBuild"/>
        <DeathArray index="Normal" ModelLink="SensorTowerDeath" SoundLink="SensorTower_Explode"/>
        <DeathArray index="UnderConstruction" ModelLink="TerranBuildingDeath" SoundLink="SensorTower_Explode"/>
        <PlacementModel value="SensorTowerPlacement"/>
        <PlacementSound value="Terran_BuildingPlacementSmall"/>
        <PlacementActorModel value="SensorTowerPlacement"/>
        <PortraitModel value="SensorTowerPortrait"/>
        <BarOffset value="130"/>
        <GroupIcon>
            <Image value="Assets\Textures\Wireframe-Terran-SensorTower.dds"/>
        </GroupIcon>
        <HeroIcon value="Assets\Textures\btn-building-terran-sensordome.dds"/>
        <SoundArray index="Ready" value="SensorTower_Ready"/>
        <SoundArray index="What" value="SensorTower_What"/>
        <UnitFlags index="ShowBlobShadow" value="0"/>
        <UnitIcon value="Assets\Textures\btn-building-terran-sensordome.dds"/>
        <Wireframe>
            <Image value="Assets\Textures\Wireframe-Terran-SensorTower.dds"/>
        </Wireframe>
    </CActorUnit>
    <CActorUnit id="Starport2" parent="TerranBuildingFlyerEx" unitName="Starport2">
        <On index="69" Send="Create StarportBuild"/>
        <On Terms="UnitDeathCustomize.Starport2Flying" Send="DeathCustomize Flying"/>
        <On Terms="Behavior.ColonyInfestation.On" Send="Create InfestedVisual"/>
        <Model value="Starport"/>
        <BuildModel value="StarportBuild"/>
        <DeathArray index="Normal" ModelLink="StarportDeath"/>
        <DeathArray index="UnderConstruction" ModelLink="TerranBuildingDeath" SoundLink="Starport_Explode"/>
        <DeathCustoms index="5" ModelLink="StarportFlyDeath" SoundLink="Starport_Explode" Name="Flying"/>
        <PlacementModel value="StarportPlacement"/>
        <PortraitModel value="StarportPortrait"/>
        <BarOffset value="155"/>
        <BarWidth value="160"/>
        <GroupIcon>
            <Image value="Assets\Textures\Wireframe-Terran-Starport.dds"/>
        </GroupIcon>
        <HeroIcon value="Assets\Textures\btn-building-terran-Starport.dds"/>
        <NameOffset value="110"/>
        <SoundArray index="Ready" value="Starport_Ready"/>
        <SoundArray index="What" value="Starport_What"/>
        <SoundArray index="Movement" value="Starport_Movement"/>
        <UnitIcon value="Assets\Textures\btn-building-terran-Starport.dds"/>
        <Wireframe>
            <Image value="Assets\Textures\Wireframe-Terran-Starport.dds"/>
        </Wireframe>
    </CActorUnit>
    <CActorSound id="StarportLand">
        <On Terms="AbilMorph.*.Start; MorphTo Starport2" Send="Create"/>
    </CActorSound>
    <CActorUnit id="SupplyDepot2" parent="TerranBuildingEx" unitName="SupplyDepot2">
        <Aliases value="_UnitLarge"/>
        <On index="69" Terms="UnitConstruction.SupplyDepot2.Start" Send="Create SupplyDepotBuild"/>
        <On Terms="AbilMorph.*.Start; MorphTo SupplyDepot2Lowered" Send="AnimGroupRemove Unburrow"/>
        <On Terms="AbilMorph.*.Start; MorphTo SupplyDepot2Lowered" Send="AnimGroupApply Burrow Burrow Stand,Burrow ClosingFull"/>
        <On Terms="AbilMorph.*.Finish; MorphFrom SupplyDepot2" Send="Destroy"/>
        <On Terms="AbilMorph.*.Finish; MorphFrom SupplyDepot2Lowered" Send="Create"/>
        <On Terms="AbilMorph.*.Finish; MorphFrom SupplyDepot2Lowered" Send="AnimGroupRemove Burrow"/>
        <On Terms="AbilMorph.*.Finish; MorphFrom SupplyDepot2Lowered" Send="AnimGroupApply Unburrow Stand,Unburrow Stand,Unburrow Instant"/>
        <On Terms="AbilMorph.*.Finish; MorphFrom SupplyDepotDrop" Send="Create"/>
        <On Terms="AbilMorph.*.Finish; MorphFrom SupplyDepotDrop" Send="Create BuildingTerrainFlatten"/>
        <On Terms="AbilMorph.*.Finish; MorphFrom SupplyDepotDrop" Send="QueryRadius 1.750000 BuildingCrushQueryResponse"/>
        <On Terms="Behavior.ColonyInfestation.On" Send="Create InfestationSupplyDepot"/>
        <On Terms="Signal.*.Incoming" Send="RefSetFromMsg ::actor.SupplyDropModel ::Sender"/>
        <On Terms="Signal.*.Incoming" Target="::actor.SupplyDropModel" Send="Signal Raised"/>
        <On Terms="ActorCreation; PlayerHasReward SupplyDepotSkin" Send="StatusSet CE 1"/>
        <On Terms="ActorCreation; PlayerHasReward SupplyDepotSkin" Send="AnimBracketStop ::GL_BSD Instant"/>
        <Model value="SupplyDepot"/>
        <CreepHeightClass value="Small"/>
        <BuildModel value="SupplyDepotBuild"/>
        <DeathArray index="Normal" ModelLink="SupplyDepotDeath" SoundLink="SupplyDepot_Explode"/>
        <DeathArray index="UnderConstruction" ModelLink="TerranBuildingDeath" SoundLink="SupplyDepot_Explode"/>
        <PlacementModel value="SupplyDepotPlacement"/>
        <PlacementSound value="Terran_BuildingPlacementSmall"/>
        <PortraitModel value="SupplyDepotPortrait"/>
        <BarOffset value="70"/>
        <BarWidth value="80"/>
        <GroupIcon>
            <Image value="Assets\Textures\Wireframe-Terran-SupplyDepot-Raised.dds"/>
        </GroupIcon>
        <HeroIcon value="Assets\Textures\btn-building-terran-supplydepot.dds"/>
        <NameOffset value="40"/>
        <SoundArray index="Ready" value="SupplyDepot_Ready"/>
        <SoundArray index="What" value="SupplyDepot_What"/>
        <UnitFlags index="ShowBlobShadow" value="0"/>
        <UnitIcon value="Assets\Textures\btn-building-terran-supplydepot.dds"/>
        <Wireframe>
            <Image value="Assets\Textures\Wireframe-Terran-SupplyDepot-Raised.dds"/>
        </Wireframe>
    </CActorUnit>
    <CActorUnit id="SupplyDepot2Lowered" parent="TerranBuildingEx" unitName="SupplyDepot2Lowered">
        <Aliases value="_UnitLarge"/>
        <On Terms="UnitBirth.SupplyDepot2Lowered" Send="AnimGroupApply Burrow Burrow Stand,Burrow ClosingFull"/>
        <On Terms="AbilMorph.*.Start; MorphTo SupplyDepot2" Send="AnimGroupRemove Burrow"/>
        <On Terms="AbilMorph.*.Start; MorphTo SupplyDepot2" Send="AnimGroupApply Unburrow Unburrow Stand ClosingFull"/>
        <On Terms="AbilMorph.*.Finish; MorphFrom SupplyDepot2Lowered" Send="Destroy"/>
        <On Terms="AbilMorph.*.Finish; MorphFrom SupplyDepot2" Send="Create"/>
        <On Terms="AbilMorph.*.Finish; MorphFrom SupplyDepot2" Send="AnimGroupRemove Unburrow"/>
        <On Terms="AbilMorph.*.Finish; MorphFrom SupplyDepot2" Send="AnimGroupApply Burrow Stand,Burrow Stand,Burrow Instant"/>
        <On Terms="Behavior.ColonyInfestation.On" Send="Create InfestationSupplyDepot"/>
        <On Terms="Abil.SupplyDrop.TargetApproachStart" Send="$Spell"/>
        <On Terms="Signal.*.Incoming" Send="RefSetFromMsg ::actor.SupplyDropModel ::Sender"/>
        <On Terms="Signal.*.Incoming" Target="::actor.SupplyDropModel" Send="Signal Lowered"/>
        <On Terms="ActorCreation; PlayerHasReward SupplyDepotSkin" Send="StatusSet CE 1"/>
        <On Terms="ActorCreation; PlayerHasReward SupplyDepotSkin" Send="AnimBracketStop ::GL_BSD Instant"/>
        <Model value="SupplyDepotLowered"/>
        <CreepHeightClass value="Tiny"/>
        <BuildModel value="SupplyDepotLowered"/>
        <DeathArray index="Normal" ModelLink="SupplyDepotLoweredDeath" SoundLink="SupplyDepot_Explode"/>
        <PlacementModel value="SupplyDepotPlacement"/>
        <PlacementSound value="Terran_BuildingPlacementSmall"/>
        <PortraitModel value="SupplyDepotPortrait"/>
        <BarOffset value="70"/>
        <BarWidth value="80"/>
        <ErrorArray Error="CantBuildLocationInvalid" Text="e_cmdCantRaise" Sound="UI_GenericError"/>
        <ErrorArray Error="CantFindPlacementLocation" Text="e_cmdCantRaise" Sound="UI_GenericError"/>
        <ErrorArray Error="CantBuildOnThat" Text="e_cmdCantRaise" Sound="UI_GenericError"/>
        <GroupIcon>
            <Image value="Assets\Textures\Wireframe-Terran-SupplyDepot-Lowered.dds"/>
        </GroupIcon>
        <HeroIcon value="Assets\Textures\btn-building-terran-supplydepotlowered.dds"/>
        <SoundArray index="Ready" value="SupplyDepot_Ready"/>
        <SoundArray index="Help" value="SupplyDepotHelp"/>
        <SoundArray index="What" value="SupplyDepot_What"/>
        <SoundArray index="Yes" value="SupplyDepotYes"/>
        <SoundArray index="Attack" value="SupplyDepotYes"/>
        <SoundArray index="Pissed" value="SupplyDepotPissed"/>
        <UnitFlags index="ShowBlobShadow" value="0"/>
        <UnitIcon value="Assets\Textures\btn-building-terran-supplydepotlowered.dds"/>
        <Wireframe>
            <Image value="Assets\Textures\Wireframe-Terran-SupplyDepot-Lowered.dds"/>
        </Wireframe>
    </CActorUnit>
    <CActorSplat id="SupplyDepot2Splat" parent="GenericUnitSplat" unitName="SupplyDepot2">
        <Model value="SupplyDepotSplat"/>
    </CActorSplat>
    <CActorModel id="SupplyDropModel">
        <On Terms="AbilMorph.*.Start; MorphTo SupplyDepot2Lowered; !AnimPlaying Birth" Send="AnimGroupApply Burrow Burrow Unburrow ClosingFull"/>
        <On Terms="AbilMorph.*.Start; MorphTo SupplyDepot2Lowered; !AnimPlaying Birth" Send="StatusSet Raised 0"/>
        <On Terms="AbilMorph.*.Start; MorphTo SupplyDepot2" Send="AnimGroupRemove Burrow"/>
        <On Terms="AbilMorph.*.Start; MorphTo SupplyDepot2" Send="StatusSet Raised 1"/>
    </CActorModel>
    <CActorSound id="TerranBuildingLand">
        <On Terms="AbilMorph.*.Start; MorphTo SupplyDepot2Lowered" Send="Create"/>
    </CActorSound>
    <CActorSound id="TerranBuildingLiftOff">
        <On Terms="AbilMorph.*.Start; MorphTo Barracks2Flying" Send="Create"/>
        <On Terms="AbilMorph.*.Start; MorphTo CommandCenter2Flying" Send="Create"/>
        <On Terms="AbilMorph.*.Start; MorphTo Factory2Flying" Send="Create"/>
        <On Terms="AbilMorph.*.Start; MorphTo Starport2Flying" Send="Create"/>
        <On Terms="AbilMorph.*.Start; MorphTo SupplyDepot2" Send="Create"/>
        <On Terms="AbilMorph.*.Start; MorphTo OrbitalCommandFlying2" Send="Create"/>
    </CActorSound>
    <CActorStateMonitor id="TerranFlamesLargeBuilding2" parent="TerranFlames">
        <On Terms="UnitCreation.CommandCenter3" Send="Create"/>
        <On Terms="UnitCreation.CommandCenterFlying" Send="Create"/>
        <On Terms="UnitCreation.PlanetaryFortress" Send="Create"/>
        <On Terms="UnitCreation.OrbitalCommand" Send="Create"/>
        <On Terms="UnitCreation.OrbitalCommandFlying" Send="Create"/>
        <On Terms="StateChange; StateValid Fire" Send="Create TerranFlameLoopLarge"/>
        <On Terms="StateChange; !StateValid Fire" Target="TerranFlameLoopLarge" Send="Destroy"/>
    </CActorStateMonitor>
    <CActorUnit id="TibNodeLarge" parent="GenericUnitStandardNoAutoSoundLinks" unitName="TibNodeLarge">
        <Aliases value="_Geyser"/>
        <On Terms="ActorCreation; Option Shader Ultra" Send="ModelSwap VespeneGeyserHigh"/>
        <On Terms="ActorCreation; Option Shader Extreme" Send="ModelSwap VespeneGeyserHigh"/>
        <On Terms="Behavior.RawVespeneGeyserGas.HostStart" Send="SetMinimapVisibility"/>
        <On Terms="Behavior.RawVespeneGeyserGas.HostClear" Send="SetMinimapVisibility 1"/>
        <On Terms="Behavior.RawVespeneGeyserGas.HostStart" Send="AnimPlay CoverStart Cover,Start 0 0.000000 0.300000 30.200001 AsDuration"/>
        <On Terms="Behavior.RawVespeneGeyserGas.HostFinish" Send="AnimPlay Cover Cover PlayForever 0.000000 0.000000"/>
        <On Terms="Behavior.RawVespeneGeyserGas.HostClear" Send="TimerKill GeyserHostFinish"/>
        <On Terms="Behavior.RawVespeneGeyserGas.HostClear" Send="AnimClear CoverStart"/>
        <On Terms="Behavior.RawVespeneGeyserGas.HostClear" Send="AnimClear Cover"/>
        <On Terms="Behavior.RawVespeneGeyserGas.Deplete" Send="AnimGroupRemove B"/>
        <On Terms="Behavior.RawVespeneGeyserGas.Deplete" Send="AnimGroupApply D"/>
        <On Terms="Behavior.RawVespeneGeyserGas.Restore" Send="AnimGroupRemove D"/>
        <On Terms="Behavior.RawVespeneGeyserGas.Restore" Send="AnimGroupApply B"/>
        <Model value="VespeneGeyser"/>
        <Scale value="0.800000"/>
        <BuildModel value="VespeneGeyser"/>
        <DeathArray index="Normal" ModelLink="VespeneGeyser"/>
        <PlacementModel value="VespeneGeyser"/>
        <CantSelectUncontrollableTooltip value="Unit/Name/TibNodeLarge"/>
        <GroupIcon>
            <Image value="Assets\Textures\Wireframe-General-VespeneGeyser.dds"/>
        </GroupIcon>
        <HeroIcon value="Assets\Textures\Wireframe-General-VespeneGeyser.dds"/>
        <MinimapRenderPriority value="Resource"/>
        <StatusBarFlags index="Shields" value="0"/>
        <StatusBarFlags index="Life" value="0"/>
        <StatusBarFlags index="Energy" value="0"/>
        <StatusBarFlags index="Cargo" value="0"/>
        <StatusBarFlags index="Progress" value="0"/>
        <StatusBarFlags index="Duration" value="0"/>
        <StatusBarFlags index="Magazine" value="0"/>
        <UnitFlags index="ShowBlobShadow" value="0"/>
        <UnitIcon value="Assets\Textures\Wireframe-General-VespeneGeyser.dds"/>
        <Wireframe>
            <Image value="Assets\Textures\Wireframe-General-VespeneGeyser.dds"/>
        </Wireframe>
    </CActorUnit>
    <CActorSplat id="TibNodeLargeSplat" parent="GenericUnitSplatBase">
        <On Terms="UnitBirth.TibNodeLarge; Option Shader Low" Send="Create"/>
        <On Terms="UnitBirth.TibNodeLarge; Option Shader Medium" Send="Create"/>
        <On Terms="UnitBirth.TibNodeLarge; Option Shader High" Send="Create"/>
        <On Terms="UnitBirth.RichVespeneGeyser; Option Shader Low" Send="Create"/>
        <On Terms="UnitBirth.RichVespeneGeyser; Option Shader Medium" Send="Create"/>
        <On Terms="UnitBirth.RichVespeneGeyser; Option Shader High" Send="Create"/>
        <Model value="VespeneGeyserSplat"/>
    </CActorSplat>
    <CActorUnit id="TibNodeMedium" parent="GenericUnitStandardNoAutoSoundLinks" unitName="TibNodeMedium">
        <Aliases value="_Geyser"/>
        <On Terms="ActorCreation; Option Shader Ultra" Send="ModelSwap VespeneGeyserHigh"/>
        <On Terms="ActorCreation; Option Shader Extreme" Send="ModelSwap VespeneGeyserHigh"/>
        <On Terms="Behavior.RawVespeneGeyserGas.HostStart" Send="SetMinimapVisibility"/>
        <On Terms="Behavior.RawVespeneGeyserGas.HostClear" Send="SetMinimapVisibility 1"/>
        <On Terms="Behavior.RawVespeneGeyserGas.HostStart" Send="AnimPlay CoverStart Cover,Start 0 0.000000 0.300000 30.200001 AsDuration"/>
        <On Terms="Behavior.RawVespeneGeyserGas.HostFinish" Send="AnimPlay Cover Cover PlayForever 0.000000 0.000000"/>
        <On Terms="Behavior.RawVespeneGeyserGas.HostClear" Send="TimerKill GeyserHostFinish"/>
        <On Terms="Behavior.RawVespeneGeyserGas.HostClear" Send="AnimClear CoverStart"/>
        <On Terms="Behavior.RawVespeneGeyserGas.HostClear" Send="AnimClear Cover"/>
        <On Terms="Behavior.RawVespeneGeyserGas.Deplete" Send="AnimGroupRemove B"/>
        <On Terms="Behavior.RawVespeneGeyserGas.Deplete" Send="AnimGroupApply D"/>
        <On Terms="Behavior.RawVespeneGeyserGas.Restore" Send="AnimGroupRemove D"/>
        <On Terms="Behavior.RawVespeneGeyserGas.Restore" Send="AnimGroupApply B"/>
        <Model value="VespeneGeyser"/>
        <Scale value="0.800000"/>
        <BuildModel value="VespeneGeyser"/>
        <DeathArray index="Normal" ModelLink="VespeneGeyser"/>
        <PlacementModel value="VespeneGeyser"/>
        <CantSelectUncontrollableTooltip value="Unit/Name/TibNodeMedium"/>
        <GroupIcon>
            <Image value="Assets\Textures\Wireframe-General-VespeneGeyser.dds"/>
        </GroupIcon>
        <HeroIcon value="Assets\Textures\Wireframe-General-VespeneGeyser.dds"/>
        <MinimapRenderPriority value="Resource"/>
        <StatusBarFlags index="Shields" value="0"/>
        <StatusBarFlags index="Life" value="0"/>
        <StatusBarFlags index="Energy" value="0"/>
        <StatusBarFlags index="Cargo" value="0"/>
        <StatusBarFlags index="Progress" value="0"/>
        <StatusBarFlags index="Duration" value="0"/>
        <StatusBarFlags index="Magazine" value="0"/>
        <UnitFlags index="ShowBlobShadow" value="0"/>
        <UnitIcon value="Assets\Textures\Wireframe-General-VespeneGeyser.dds"/>
        <Wireframe>
            <Image value="Assets\Textures\Wireframe-General-VespeneGeyser.dds"/>
        </Wireframe>
    </CActorUnit>
    <CActorSplat id="TibNodeMediumSplat" parent="GenericUnitSplatBase">
        <On Terms="UnitBirth.TibNodeMedium; Option Shader Low" Send="Create"/>
        <On Terms="UnitBirth.TibNodeMedium; Option Shader Medium" Send="Create"/>
        <On Terms="UnitBirth.TibNodeMedium; Option Shader High" Send="Create"/>
        <On Terms="UnitBirth.RichVespeneGeyser; Option Shader Low" Send="Create"/>
        <On Terms="UnitBirth.RichVespeneGeyser; Option Shader Medium" Send="Create"/>
        <On Terms="UnitBirth.RichVespeneGeyser; Option Shader High" Send="Create"/>
        <Model value="VespeneGeyserSplat"/>
    </CActorSplat>
    <CActorUnit id="TibNodeSmall" parent="GenericUnitStandardNoAutoSoundLinks" unitName="TibNodeSmall">
        <Aliases value="_Geyser"/>
        <On Terms="ActorCreation; Option Shader Ultra" Send="ModelSwap VespeneGeyserHigh"/>
        <On Terms="ActorCreation; Option Shader Extreme" Send="ModelSwap VespeneGeyserHigh"/>
        <On Terms="Behavior.RawVespeneGeyserGas.HostStart" Send="SetMinimapVisibility"/>
        <On Terms="Behavior.RawVespeneGeyserGas.HostClear" Send="SetMinimapVisibility 1"/>
        <On Terms="Behavior.RawVespeneGeyserGas.HostStart" Send="AnimPlay CoverStart Cover,Start 0 0.000000 0.300000 30.200001 AsDuration"/>
        <On Terms="Behavior.RawVespeneGeyserGas.HostFinish" Send="AnimPlay Cover Cover PlayForever 0.000000 0.000000"/>
        <On Terms="Behavior.RawVespeneGeyserGas.HostClear" Send="TimerKill GeyserHostFinish"/>
        <On Terms="Behavior.RawVespeneGeyserGas.HostClear" Send="AnimClear CoverStart"/>
        <On Terms="Behavior.RawVespeneGeyserGas.HostClear" Send="AnimClear Cover"/>
        <On Terms="Behavior.RawVespeneGeyserGas.Deplete" Send="AnimGroupRemove B"/>
        <On Terms="Behavior.RawVespeneGeyserGas.Deplete" Send="AnimGroupApply D"/>
        <On Terms="Behavior.RawVespeneGeyserGas.Restore" Send="AnimGroupRemove D"/>
        <On Terms="Behavior.RawVespeneGeyserGas.Restore" Send="AnimGroupApply B"/>
        <Model value="VespeneGeyser"/>
        <Scale value="0.800000"/>
        <BuildModel value="VespeneGeyser"/>
        <DeathArray index="Normal" ModelLink="VespeneGeyser"/>
        <PlacementModel value="VespeneGeyser"/>
        <CantSelectUncontrollableTooltip value="Unit/Name/TibNodeSmall"/>
        <GroupIcon>
            <Image value="Assets\Textures\Wireframe-General-VespeneGeyser.dds"/>
        </GroupIcon>
        <HeroIcon value="Assets\Textures\Wireframe-General-VespeneGeyser.dds"/>
        <MinimapRenderPriority value="Resource"/>
        <StatusBarFlags index="Shields" value="0"/>
        <StatusBarFlags index="Life" value="0"/>
        <StatusBarFlags index="Energy" value="0"/>
        <StatusBarFlags index="Cargo" value="0"/>
        <StatusBarFlags index="Progress" value="0"/>
        <StatusBarFlags index="Duration" value="0"/>
        <StatusBarFlags index="Magazine" value="0"/>
        <UnitFlags index="ShowBlobShadow" value="0"/>
        <UnitIcon value="Assets\Textures\Wireframe-General-VespeneGeyser.dds"/>
        <Wireframe>
            <Image value="Assets\Textures\Wireframe-General-VespeneGeyser.dds"/>
        </Wireframe>
    </CActorUnit>
    <CActorSplat id="TibNodeSmallSplat" parent="GenericUnitSplatBase">
        <On Terms="UnitBirth.TibNodeSmall; Option Shader Low" Send="Create"/>
        <On Terms="UnitBirth.TibNodeSmall; Option Shader Medium" Send="Create"/>
        <On Terms="UnitBirth.TibNodeSmall; Option Shader High" Send="Create"/>
        <On Terms="UnitBirth.RichVespeneGeyser; Option Shader Low" Send="Create"/>
        <On Terms="UnitBirth.RichVespeneGeyser; Option Shader Medium" Send="Create"/>
        <On Terms="UnitBirth.RichVespeneGeyser; Option Shader High" Send="Create"/>
        <Model value="VespeneGeyserSplat"/>
    </CActorSplat>
    <CActorUnit id="TibVein" parent="MineralBase" unitName="TibVein">
        <On Terms="ActorCreation; Option Shader Ultra" Send="ModelSwap MineralFieldHigh"/>
        <On Terms="ActorCreation; Option Shader Extreme" Send="ModelSwap MineralFieldHigh"/>
        <On Terms="BehaviorLevel.TibVeinMinerals.Start; Level 0" Send="AnimGroupApply A"/>
        <On Terms="BehaviorLevel.TibVeinMinerals.Stop; Level 0" Send="AnimGroupRemove A"/>
        <On Terms="BehaviorLevel.TibVeinMinerals.Start; Level 1" Send="AnimGroupApply B"/>
        <On Terms="BehaviorLevel.TibVeinMinerals.Stop; Level 1" Send="AnimGroupRemove B"/>
        <On Terms="BehaviorLevel.TibVeinMinerals.Start; Level 2" Send="AnimGroupApply C"/>
        <On Terms="BehaviorLevel.TibVeinMinerals.Stop; Level 2" Send="AnimGroupRemove C"/>
        <On Terms="BehaviorLevel.TibVeinMinerals.Start; Level 3" Send="AnimGroupApply D"/>
        <On Terms="BehaviorLevel.TibVeinMinerals.Stop; Level 3" Send="AnimGroupRemove D"/>
        <On Terms="BehaviorLevel.TibVeinMinerals.Start; Level 0" Send="Create TibVeinSplatSmall"/>
        <On Terms="BehaviorLevel.TibVeinMinerals.Stop; Level 0" Target="MineralFieldSplatSmall" Send="Destroy"/>
        <On Terms="BehaviorLevel.TibVeinMinerals.Start; Level 1" Send="Create TibVeinSplatSmall"/>
        <On Terms="BehaviorLevel.TibVeinMinerals.Stop; Level 1" Target="MineralFieldSplatSmall" Send="Destroy"/>
        <On Terms="BehaviorLevel.TibVeinMinerals.Start; Level 2" Send="Create TibVeinSplat"/>
        <On Terms="BehaviorLevel.TibVeinMinerals.Stop; Level 2" Target="MineralFieldSplat" Send="Destroy"/>
        <On Terms="BehaviorLevel.TibVeinMinerals.Start; Level 3" Send="Create TibVeinSplat"/>
        <On Terms="BehaviorLevel.TibVeinMinerals.Stop; Level 3" Target="MineralFieldSplat" Send="Destroy"/>
        <On Terms="ActorCreation" Send="SetTintColor 0,255,0"/>
        <Model value="MineralField"/>
        <BuildModel value="MineralField"/>
        <DeathArray index="Normal" ModelLink="MineralField"/>
        <PlacementModel value="MineralField"/>
        <GroupIcon>
            <Image value="Assets\Textures\Wireframe-General-MineralField.dds"/>
        </GroupIcon>
        <HeroIcon value="Assets\Textures\Wireframe-General-MineralField.dds"/>
        <StatusBarFlags index="Shields" value="0"/>
        <StatusBarFlags index="Life" value="0"/>
        <StatusBarFlags index="Energy" value="0"/>
        <StatusBarFlags index="Cargo" value="0"/>
        <StatusBarFlags index="Progress" value="0"/>
        <StatusBarFlags index="Duration" value="0"/>
        <StatusBarFlags index="Magazine" value="0"/>
        <UnitFlags index="ShowBlobShadow" value="0"/>
        <UnitIcon value="Assets\Textures\Wireframe-General-MineralField.dds"/>
        <Wireframe>
            <Image value="Assets\Textures\Wireframe-General-MineralField.dds"/>
        </Wireframe>
        <Scale value="1.500000"/>
    </CActorUnit>
    <CActorSplat id="TibVeinSplat" parent="MineralFieldSplatBase">
        <On Terms="ActorCreation" Send="SetTintColor 0,255,0"/>
        <Scale value="0.750000"/>
    </CActorSplat>
    <CActorSplat id="TibVeinSplatSmall" parent="MineralFieldSplatBase">
        <On Terms="ActorCreation" Send="SetTintColor 0,255,0"/>
        <Model value="MineralFieldSplatSmall"/>
        <Scale value="0.750000"/>
    </CActorSplat>
    <CActorBeamSimple id="RailgunBeam" parent="GenericAttackBeam">
        <Inherits index="CloakEffect" value="1"/>
        <Inherits index="Visibility" value="1"/>
        <On Terms="Effect.RailgunLaunch.Start; At Caster" Send="Create"/>
        <On Terms="Effect.RaynorGaussRifleDamage.Start" Send="Create WarHoundImpactHoldingSite"/>
        <On Terms="Effect.RaynorGaussRifleDamage.Start" Send="RefSet ::HostImpact WarHoundImpactHoldingSite"/>
        <Host Subject="_Selectable"/>
        <Model value="WarHoundBeam"/>
        <HostLaunch Subject="_Selectable" Actor="Find"/>
        <HostLaunchSiteOps Ops="SOpAttachWeapon" HoldPosition="1" HoldRotation="1"/>
        <HostImpact Subject="_Missile" Actor="Find"/>
        <HostImpactSiteOps Ops="SOpAttachCenter"/>
    </CActorBeamSimple>
    <CActorAction id="WarHoundAttack" parent="GenericAttack" effectImpact="RaynorGaussRifleDamage" effectLaunch="RailgunLaunch">
        <LaunchAssets Sound="RailGun_Launch"/>
        <BeamScope value="Caster"/>
        <ImpactMap index="None" Sound="RailGun_Impact"/>
        <ImpactPhysics Name="RailgunImpact" MatchKeys="Basic" Physics="RailgunAttackDeathForce"/>
        <ActionFlags index="LaunchForceSite" value="1"/>
    </CActorAction>
    <CActorMissile id="WarHoundAttackMissile" parent="GenericAttackMissile" unitName="RailgunWeapon">
        <Model value="Invisible"/>
    </CActorMissile>
    <CActorSite id="WarHoundImpactHoldingSite"/>
</Catalog>
