<?xml version="1.0" encoding="utf-8"?>
<Catalog>
    <CBehaviorBuff id="NeutralCapturable">
        <InfoFlags index="Hidden" value="1"/>
        <EditorCategories value=""/>
        <DisableValidatorArray value="PlayerIsNotPlayer"/>
        <Modification>
            <StateFlags index="Benign" value="1"/>
            <StateFlags index="Passive" value="1"/>
            <StateFlags index="SuppressThreat" value="1"/>
        </Modification>
    </CBehaviorBuff>
    <CBehaviorBuff id="ImplosionTempBuff">
        <Duration value="3.25"/>
        <Modification>
            <ModifyFlags index="DisableAbils" value="0"/>
            <ModifyFlags index="SuppressMoving" value="0"/>
            <ModifyFlags index="SuppressTurning" value="0"/>
            <StateFlags index="Stun" value="1"/>
        </Modification>
    </CBehaviorBuff>
    <CBehaviorBuff id="MercCompBuilt">
        <InfoFlags index="Hidden" value="1"/>
        <EditorCategories value="AbilityorEffectType:Units"/>
        <Modification>
            <RateMultiplierArray index="Progress" value="0.001"/>
            <RateMultiplierArray index="Queueable" value="0.001"/>
        </Modification>
    </CBehaviorBuff>
    <CBehaviorBuff id="BanelingExplode">
        <Modification>
            <DeathResponse Chance="0" Effect=""/>
        </Modification>
        <DamageResponse Fatal="1" Handled="AttackSelf" ModifyFraction="0">
            <ExcludeEffectInChainArray value="VolatileBurstFriendlyUnitDamage"/>
            <Chance value="1"/>
        </DamageResponse>
    </CBehaviorBuff>
    <CBehaviorBuff id="BioMode">
        <InfoFlags index="Hidden" value="1"/>
        <EditorCategories value="AbilityorEffectType:Units"/>
        <Modification MoveSpeedMaximum="2.25"/>
    </CBehaviorBuff>
    <CBehaviorBuff id="BioStasis">
        <Modification>
            <ModifyFlags index="DisableAbils" value="0"/>
            <ModifyFlags index="SuppressMoving" value="0"/>
            <ModifyFlags index="SuppressTurning" value="0"/>
            <StateFlags index="Stun" value="1"/>
        </Modification>
    </CBehaviorBuff>
    <CBehaviorBuff id="Biosteel">
        <InfoFlags index="Hidden" value="1"/>
        <EditorCategories value="AbilityorEffectType:Units"/>
        <DisableValidatorArray value="CasterNotInCombat"/>
        <DisableValidatorArray value="HasBiosteel"/>
        <Period value="0.2"/>
        <PeriodicEffect value="BiosteelRegen"/>
    </CBehaviorBuff>
    <CBehaviorBuff id="BuildHandled">
        <InfoFlags index="Hidden" value="1"/>
        <EditorCategories value="AbilityorEffectType:Units"/>
    </CBehaviorBuff>
    <CBehaviorPowerSource id="BuildRadiusLarge">
        <InfoFlags index="Hidden" value="1"/>
        <EditorCategories value="AbilityorEffectType:Units"/>
        <Radius value="15"/>
        <PowerLink value="BuildRadius"/>
    </CBehaviorPowerSource>
    <CBehaviorPowerSource id="BuildRadiusSmall">
        <InfoFlags index="Hidden" value="1"/>
        <EditorCategories value="AbilityorEffectType:Units"/>
        <Radius value="8"/>
        <PowerLink value="BuildRadius"/>
    </CBehaviorPowerSource>
    <CBehaviorBuff id="BuildingRepair">
        <Alignment value="Positive"/>
        <InfoIcon value="Assets\Textures\btn-ability-terran-repair.dds"/>
        <EditorCategories value="AbilityorEffectType:Units,Race:Neutral"/>
        <RemoveValidatorArray value="TargetLifeNotFull"/>
        <RemoveValidatorArray value="IsGroundUnit"/>
        <Period value="1"/>
        <InitialEffect value="BuildingRepair"/>
        <PeriodicEffect value="BuildingRepairLoop"/>
        <FinalEffect value="BuildingRepairStop"/>
    </CBehaviorBuff>
    <CBehaviorBuff id="Cancel">
        <InfoFlags index="Hidden" value="1"/>
        <EditorCategories value="AbilityorEffectType:Units"/>
        <Duration value="0.5"/>
    </CBehaviorBuff>
    <CBehaviorBuff id="CloakDistortionField">
        <DamageResponse ModifyFraction="0.6">
            <Chance value="1"/>
        </DamageResponse>
    </CBehaviorBuff>
    <CBehaviorBuff id="CollapsibleRockTowerPurifier02">
        <InfoFlags index="Hidden" value="1"/>
        <EditorCategories value="AbilityorEffectType:Units"/>
        <InitialEffect value="CollapsibleRockTowerCPPurifier02"/>
    </CBehaviorBuff>
    <CBehaviorBuff id="CommandoSniperResist">
        <InfoFlags index="Hidden" value="1"/>
        <EditorCategories value="AbilityorEffectType:Units"/>
        <DamageResponse Minimum="50" ModifyFraction="0.15">
            <Chance value="1"/>
            <AttackType index="Spell" value="0"/>
            <AttackType index="Normal" value="0"/>
            <AttackType index="Pierce" value="0"/>
            <AttackType index="Siege" value="0"/>
            <AttackType index="Magic" value="0"/>
            <AttackType index="Hero" value="0"/>
            <AttackType index="None" value="0"/>
        </DamageResponse>
    </CBehaviorBuff>
    <CBehaviorBuff id="ConstructStop">
        <InfoFlags index="Hidden" value="1"/>
        <EditorCategories value="AbilityorEffectType:Units"/>
        <Modification>
            <RateMultiplierArray index="Progress" value="0.001"/>
            <RateMultiplierArray index="Queueable" value="0.001"/>
        </Modification>
    </CBehaviorBuff>
    <CBehaviorBuff id="CraneBuilt">
        <InfoFlags index="Hidden" value="1"/>
        <EditorCategories value="AbilityorEffectType:Units"/>
        <Modification>
            <RateMultiplierArray index="Progress" value="0.001"/>
            <RateMultiplierArray index="Queueable" value="0.001"/>
        </Modification>
    </CBehaviorBuff>
    <CBehaviorBuff id="DamageMarker">
        <EditorCategories value="AbilityorEffectType:Units"/>
        <MaxStackCount value="65535"/>
    </CBehaviorBuff>
    <CBehaviorBuff id="DeathRecall">
        <InfoFlags index="Hidden" value="1"/>
        <EditorCategories value="AbilityorEffectType:Units"/>
        <DamageResponse Fatal="1" Handled="DeathRecallSet" ModifyFraction="0">
            <Chance value="1"/>
            <Cost>
                <Cooldown Link="ZeratulDeathRecall" Location="Unit" TimeUse="60"/>
            </Cost>
        </DamageResponse>
        <RemoveValidatorArray value="NotHallucination"/>
    </CBehaviorBuff>
    <CBehaviorBuff id="DefensiveMatrix">
        <RemoveValidatorArray index="0" removed="1"/>
        <Modification>
            <VitalMaxArray index="Shields" value="0"/>
        </Modification>
        <DamageResponse ModifyFraction="0" ModifyLimit="300">
            <Chance value="1"/>
        </DamageResponse>
    </CBehaviorBuff>
    <CBehaviorBuff id="Depowered">
        <InfoIcon value="Assets\Textures\btn-ability-protoss-psistorm.dds"/>
        <EditorCategories value="AbilityorEffectType:Units"/>
        <Modification MoveSpeedMultiplier="0.5" AttackSpeedMultiplier="0.01">
            <StateFlags index="Stun" value="1"/>
            <StateFlags index="SuppressDropOff" value="1"/>
            <StateFlags index="SuppressFoodUsed" value="1"/>
            <StateFlags index="SuppressRequirements" value="1"/>
            <StateFlags index="SuppressTech" value="1"/>
            <AbilClassDisableArray index="CAbilArmMagazine" value="1"/>
            <AbilClassDisableArray index="CAbilAttack" value="1"/>
            <AbilClassDisableArray index="CAbilBuild" value="1"/>
            <AbilClassDisableArray index="CAbilSpecialize" value="1"/>
            <AbilClassDisableArray index="CAbilTrain" value="1"/>
            <RateMultiplierArray index="Morph" value="0.5"/>
            <RateMultiplierArray index="Queueable" value="0.5"/>
        </Modification>
    </CBehaviorBuff>
    <CBehaviorBuff id="DetectorCone9">
        <InfoFlags index="Hidden" value="1"/>
        <Period value="0.25"/>
        <PeriodicEffect value="DetectorCone9"/>
    </CBehaviorBuff>
    <CBehaviorBuff id="DetectorConeDetected">
        <InfoFlags index="Hidden" value="1"/>
        <Duration value="0.325"/>
        <Period value="1"/>
        <PeriodicEffect value="DetectorCone9Reveal"/>
    </CBehaviorBuff>
    <CBehaviorBuff id="DetectorConeReveal">
        <InfoFlags index="Hidden" value="1"/>
        <EditorCategories value="AbilityorEffectType:Units,Race:Neutral"/>
        <DisplayDuration index="Self" value="1"/>
        <DisplayDuration index="Ally" value="1"/>
        <DisplayDuration index="Neutral" value="1"/>
        <DisplayDuration index="Enemy" value="1"/>
        <Duration value="2"/>
        <Modification>
            <StateFlags index="SuppressCloak" value="1"/>
        </Modification>
    </CBehaviorBuff>
    <CBehaviorBuff id="DevastatorTurretBuilt">
        <InfoFlags index="Hidden" value="1"/>
        <EditorCategories value="AbilityorEffectType:Units"/>
        <Modification>
            <RateMultiplierArray index="Progress" value="0.001"/>
            <RateMultiplierArray index="Queueable" value="0.001"/>
        </Modification>
    </CBehaviorBuff>
    <CBehaviorBuff id="AstralProjection">
        <InfoFlags index="Hidden" value="1"/>
        <EditorCategories value="Race:Protoss,AbilityorEffectType:Units"/>
        <DisplayDuration index="Self" value="1"/>
        <Duration value="20"/>
        <InitialEffect value="HallucinationCreateUnitBHal"/>
        <ExpireEffect value="KillHallucination"/>
        <Modification>
            <StateFlags index="SuppressCloak" value="1"/>
            <StateFlags index="SuppressPassenger" value="1"/>
            <StateFlags index="Unselectable" value="1"/>
            <AbilClassDisableArray index="CAbilEffectInstant" value="1"/>
            <AbilClassDisableArray index="CAbilEffectTarget" value="1"/>
        </Modification>
        <DamageResponse ModifyFraction="0.25">
            <Chance value="1"/>
        </DamageResponse>
    </CBehaviorBuff>
    <CBehaviorBuff id="DisablePower">
        <InfoFlags index="Hidden" value="1"/>
        <EditorCategories value="AbilityorEffectType:Units"/>
        <RemoveValidatorArray value="IsNotPlayer"/>
        <Modification>
            <BehaviorLinkDisableArray value="BuildRadiusLarge"/>
            <BehaviorLinkDisableArray value="BuildRadiusSmall"/>
        </Modification>
    </CBehaviorBuff>
    <CBehaviorBuff id="FakeWarpIn">
        <EditorCategories value="AbilityorEffectType:Units"/>
        <Duration value="5"/>
        <Modification>
            <ModifyFlags index="SuppressMoving" value="1"/>
            <ModifyFlags index="Warpable" value="1"/>
            <StateFlags index="Stun" value="1"/>
            <StateFlags index="SuppressEnergyRegen" value="1"/>
        </Modification>
        <InfoFlags index="Hidden" value="1"/>
    </CBehaviorBuff>
    <CBehaviorBuff id="FastBuild">
        <Modification>
            <RateMultiplierArray index="Charge" value="2"/>
            <RateMultiplierArray index="Cooldown" value="2"/>
        </Modification>
    </CBehaviorBuff>
    <CBehaviorBuff id="FungalGrowth">
        <Duration value="4.01"/>
        <Period value="0.2"/>
    </CBehaviorBuff>
    <CBehaviorBuff id="FungalGrowthMovement">
        <Duration value="4"/>
        <Modification MoveSpeedMultiplier="0.25">
            <ModifyFlags index="SuppressMoving" value="0"/>
            <AbilClassDisableArray index="CAbilMove" value="0"/>
        </Modification>
    </CBehaviorBuff>
    <CBehaviorBuff id="GravitonBeamHeight">
        <BuffFlags index="Channeling" value="0"/>
        <Duration value="10"/>
    </CBehaviorBuff>
    <CBehaviorBuff id="GravityRift">
        <EditorCategories value="AbilityorEffectType:Units"/>
        <Duration value="0.625"/>
        <Modification MoveSpeedMultiplier="0.5"/>
    </CBehaviorBuff>
    <CBehaviorBuff id="GuardianShield">
        <DamageResponse ModifyFraction="0.7">
            <ModifyAmount value="0"/>
        </DamageResponse>
    </CBehaviorBuff>
    <CBehaviorBuff id="HideInTheShadows">
        <InfoIcon value="Assets\Textures\btn-ability-protoss-permanentlycloaked-darktemplar-color.dds"/>
        <EditorCategories value="AbilityorEffectType:Units"/>
        <Duration value="3"/>
        <InitialEffect value="SupercloakUnreveal"/>
        <Modification>
            <StateFlags index="Undetectable" value="1"/>
        </Modification>
    </CBehaviorBuff>
    <CBehaviorBuff id="InfiniteCreep">
        <EditorCategories value="AbilityorEffectType:Units"/>
        <Period value="1"/>
        <PeriodicEffect value="InfiniteCreepDamage"/>
        <DamageResponse Handled="InfiniteCreepCP" Priority="1" HandledValue="Original">
            <RequireEffectArray value="InfiniteCreepDamage"/>
            <Chance value="1"/>
        </DamageResponse>
        <BuffFlags index="DisableWhileUnderConstruction" value="1"/>
    </CBehaviorBuff>
    <CBehaviorBuff id="InsideMedivac">
        <EditorCategories value="AbilityorEffectType:Units"/>
        <DisableValidatorArray value="RapidDeploymentPurchased"/>
        <DisableValidatorArray value="UnitIsBiological"/>
        <DisableValidatorArray value="NotVortexd"/>
        <Modification>
            <AbilClassEnableArray index="CAbilAttack" value="1"/>
        </Modification>
    </CBehaviorBuff>
    <CBehaviorBuff id="Irradiate">
        <Duration value="19.5"/>
        <Period value="0.5"/>
        <InitialEffect value="IrradiatePeriodicSet"/>
        <PeriodicEffect value="IrradiatePeriodicSet"/>
    </CBehaviorBuff>
    <CBehaviorBuff id="IrradiateBranch">
        <Alignment value="Negative"/>
        <InfoIcon value="Assets\Textures\btn-ability-terran-irradiate.dds"/>
        <EditorCategories value="AbilityorEffectType:Units"/>
        <Duration value="0">
            <AccumulatorArray value="IrradiateBranchTime"/>
            <AccumulatorArray value="IrradiateBranchBranchTime"/>
        </Duration>
        <Period value="0.5"/>
        <InitialEffect value="IrradiatePeriodicSet"/>
        <PeriodicEffect value="IrradiatePeriodicSet"/>
    </CBehaviorBuff>
    <CBehaviorBuff id="MaarPassiveSpeed">
        <EditorCategories value="AbilityorEffectType:Units"/>
        <DisableValidatorArray value="AICasterNotInCombat"/>
        <DisableValidatorArray value="StetmannOutOfCombat"/>
        <DisableValidatorArray value="ZeratulNear"/>
        <Modification MoveSpeedMaximum="1.5"/>
        <InfoFlags index="Hidden" value="1"/>
    </CBehaviorBuff>
    <CBehaviorBuff id="NovaHeal">
        <InfoFlags index="Hidden" value="1"/>
        <EditorCategories value="AbilityorEffectType:Units"/>
        <DisplayDuration index="Self" value="1"/>
        <DisplayDuration index="Ally" value="1"/>
        <DisplayDuration index="Neutral" value="1"/>
        <DisplayDuration index="Enemy" value="1"/>
        <BuffFlags index="Channeling" value="1"/>
        <Duration value="5"/>
    </CBehaviorBuff>
    <CBehaviorBuff id="ReaperScannerPack">
        <Alignment value="Positive"/>
        <InfoFlags index="Hidden" value="1"/>
        <InfoIcon value="Assets\Textures\btn-status-detector.dds"/>
        <EditorCategories value="AbilityorEffectType:Units"/>
        <DisableValidatorArray value="HaveReaperScannerPack"/>
        <Modification SightBonus="2" Detect="5" DetectFilters="-;Missile"/>
    </CBehaviorBuff>
    <CBehaviorBuff id="ReaperShootStructure">
        <InfoFlags index="Hidden" value="1"/>
        <EditorCategories value="AbilityorEffectType:Units"/>
        <Modification>
            <WeaponEnableArray value="D8Charge"/>
            <WeaponEnableArray value="ReaperSquadCharge"/>
        </Modification>
        <StackAlias value="ReaperShootStructure"/>
    </CBehaviorBuff>
    <CBehaviorBuff id="ReaperSquadShootStructure">
        <InfoFlags index="Hidden" value="1"/>
        <EditorCategories value="AbilityorEffectType:Units"/>
        <InitialEffect value="ReaperSquadShootStructureIterate"/>
        <FinalEffect value="ReaperSquadNoShootStructureIterate"/>
        <Modification>
            <WeaponEnableArray value="D8Charge"/>
            <WeaponEnableArray value="ReaperSquadCharge"/>
        </Modification>
        <StackAlias value="ReaperShootStructure"/>
    </CBehaviorBuff>
    <CBehaviorBuff id="RipField">
        <InfoFlags index="Hidden" value="1"/>
        <EditorCategories value="AbilityorEffectType:Units"/>
        <Period value="0.25"/>
        <PeriodicEffect value="RipFieldSearch"/>
    </CBehaviorBuff>
    <CBehaviorBuff id="RipFieldSlow">
        <EditorCategories value="AbilityorEffectType:Units"/>
        <Duration value="1.1"/>
        <Modification MoveSpeedMultiplier="0.5"/>
    </CBehaviorBuff>
    <CBehaviorBuff id="SeekerMissile">
        <Alignment value="Negative"/>
        <InfoIcon value="Assets\Textures\btn-ability-terran-huntermissile-color.dds"/>
        <EditorCategories value="AbilityorEffectType:Units"/>
        <Duration value="0.2"/>
        <AINotifyEffect value="SeekerMissileDamage"/>
    </CBehaviorBuff>
    <CBehaviorAttackModifier id="TaldarimMothershipDoubleWeapon">
        <Chance value="1"/>
        <AttackModifierFlags index="NeverMiss" value="1"/>
        <MultishotSearchPattern value="Tychus05HeroMothershipSecondarySearch"/>
    </CBehaviorAttackModifier>
    <CBehaviorBuff id="TriggerHide">
        <EditorCategories value="AbilityorEffectType:Units"/>
        <Modification>
            <StateFlags index="SuppressRequirements" value="1"/>
            <StateFlags index="SuppressTech" value="1"/>
            <BehaviorLinkDisableArray value="BuildRadiusLarge"/>
            <BehaviorLinkDisableArray value="BuildRadiusSmall"/>
        </Modification>
    </CBehaviorBuff>
    <CBehaviorBuff id="ZergChaserSpeed">
        <InfoFlags index="Hidden" value="1"/>
        <EditorCategories value="AbilityorEffectType:Units"/>
        <DisableValidatorArray value="UnitRadard"/>
        <Modification MoveSpeedMultiplier="10"/>
    </CBehaviorBuff>
    <CBehaviorBuff id="MechEMP">
        <EditorCategories value="AbilityorEffectType:Units"/>
        <Duration value="1"/>
        <Modification>
            <StateFlags index="Stun" value="1"/>
            <StateFlags index="SuppressAttack" value="1"/>
            <StateFlags index="SuppressCloak" value="1"/>
            <StateFlags index="SuppressShieldsRegen" value="1"/>
            <StateFlags index="SuppressEnergyRegen" value="1"/>
        </Modification>
        <DurationOverride>
            <Duration value="0.2"/>
            <ValidatorArray value="IsHeroic"/>
        </DurationOverride>
    </CBehaviorBuff>
    <CBehaviorBuff id="MedivacInternalHealLoop">
        <InfoFlags index="Hidden" value="1"/>
        <EditorCategories value="AbilityorEffectType:Units"/>
        <Period value="0.25"/>
        <PeriodicEffect value="MedivacHealLoopSet"/>
    </CBehaviorBuff>
    <CBehaviorBuff id="MedivacWeaponEnable">
        <InfoFlags index="Hidden" value="1"/>
        <EditorCategories value="AbilityorEffectType:Units"/>
        <DisableValidatorArray value="RapidDeploymentPurchased"/>
        <Modification>
            <WeaponEnableArray value="MedivacFakeWeapon"/>
        </Modification>
    </CBehaviorBuff>
    <CBehaviorBuff id="MercGroundDrop">
        <DurationRandomMin value="0"/>
    </CBehaviorBuff>
    <CBehaviorBuff id="MindControl">
        <Duration value="60"/>
        <DisplayDuration index="Self" value="1"/>
        <DisplayDuration index="Ally" value="1"/>
        <DisplayDuration index="Neutral" value="1"/>
        <DisplayDuration index="Enemy" value="1"/>
    </CBehaviorBuff>
    <CBehaviorBuff id="MorphToTechReactor">
        <ExpireEffect value=""/>
    </CBehaviorBuff>
    <CBehaviorPowerUser id="NeedsBuildRadius">
        <InfoFlags index="Hidden" value="1"/>
        <InfoIcon value="Assets\Textures\btn-building-protoss-pylon.dds"/>
        <EditorCategories value="AbilityorEffectType:Units"/>
        <PowerLink value="BuildRadius"/>
        <PlacementMinPowerLevel value="1"/>
        <PowerStageArray/>
        <PowerStageArray MinPowerLevel="1">
            <Modification>
                <VitalMaxIncreaseAffectsCurrentArray index="Life" value="0"/>
                <VitalMaxIncreaseAffectsCurrentArray index="Shields" value="0"/>
                <VitalMaxIncreaseAffectsCurrentArray index="Energy" value="0"/>
            </Modification>
        </PowerStageArray>
        <Flags index="HideUnpoweredText" value="1"/>
    </CBehaviorPowerUser>
    <CBehaviorBuff id="OutOfCombatRegenTosh">
        <InfoFlags index="Hidden" value="1"/>
        <EditorCategories value="Race:Terran,AbilityorEffectType:Units"/>
        <DisableValidatorArray value="StetmannOutOfCombat"/>
        <DisableValidatorArray value="NotMaxEnergyOrNotMaxHP"/>
        <DisableValidatorArray value="ToshHasFired"/>
        <Modification>
            <VitalRegenArray index="Energy" value="15"/>
            <RateMultiplierArray index="Cooldown" value="15"/>
        </Modification>
    </CBehaviorBuff>
    <CBehaviorBuff id="PerditionTurretBuilt">
        <InfoFlags index="Hidden" value="1"/>
        <EditorCategories value="AbilityorEffectType:Units"/>
        <Modification>
            <RateMultiplierArray index="Progress" value="0.001"/>
            <RateMultiplierArray index="Queueable" value="0.001"/>
        </Modification>
    </CBehaviorBuff>
    <CBehaviorBuff id="DropOffStun">
        <EditorCategories value="AbilityorEffectType:Units"/>
        <Duration value="60"/>
        <InfoFlags index="Hidden" value="1"/>
    </CBehaviorBuff>
    <CBehaviorBuff id="HailstormLaunchers">
        <InfoFlags index="Hidden" value="1"/>
        <EditorCategories value="AbilityorEffectType:Units"/>
        <Requirements value="HasHailstormLaunchers"/>
        <Modification>
            <WeaponEnableArray value="HailstormLauncher"/>
            <WeaponEnableArray value="MarauderSquad@2"/>
            <WeaponEnableArray value="HailstormLauncherMerc"/>
            <WeaponEnableArray value="HammerSecuritiesSquad@2"/>
        </Modification>
    </CBehaviorBuff>
    <CBehaviorResource id="HighYieldMineralFieldMinerals">
        <HarvestTime value="0.1"/>
        <HarvestAmount value="28"/>
        <ReturnDelay value="0"/>
    </CBehaviorResource>
    <CBehaviorResource id="HighYieldMineralFieldMinerals750">
        <HarvestTime value="0.1"/>
        <HarvestAmount value="28"/>
        <ReturnDelay value="0"/>
    </CBehaviorResource>
    <CBehaviorBuff id="IdleTaken">
        <InfoFlags index="Hidden" value="1"/>
        <EditorCategories value="AbilityorEffectType:Units"/>
    </CBehaviorBuff>
    <CBehaviorBuff id="OrbitalSupplyDrop">
        <InfoFlags index="Hidden" value="1"/>
        <EditorCategories value="AbilityorEffectType:Units"/>
        <DisableValidatorArray value="AutoHarvesterHarvest"/>
        <Period value="0.5"/>
        <PeriodicEffect value="OrbitalSupplyDrop"/>
    </CBehaviorBuff>
    <CBehaviorPowerSource id="PowerStructure">
        <InfoFlags index="Hidden" value="1"/>
        <InfoIcon value="Assets\Textures\btn-building-protoss-pylon.dds"/>
        <EditorCategories value="Race:Protoss,AbilityorEffectType:Structures"/>
        <Radius value="0.5"/>
        <PowerLink value="PowerSource"/>
    </CBehaviorPowerSource>
    <CBehaviorBuff id="PrecursorMerc">
        <InitialEffect value="MercSquadDropDelay"/>
        <FinalEffect value="RemovePrecursorMercIterate"/>
    </CBehaviorBuff>
    <CBehaviorBuff id="PsiDisruption">
        <Duration value="120"/>
        <InitialEffect value="ConfusionAttackSearch"/>
        <PeriodicEffect value="ConfusionAttackSearch"/>
        <FinalEffect value="ConfusionStop"/>
        <Modification MoveSpeedMultiplier="1" AttackSpeedMultiplier="1"/>
        <Period value="1"/>
    </CBehaviorBuff>
    <CBehaviorBuff id="PsiSight">
        <Alignment value="Positive"/>
        <InfoIcon value="Assets\Textures\btn-techupgrade-terran-ocularimplants.dds"/>
        <EditorCategories value="AbilityorEffectType:Units"/>
        <Modification SightBonus="3">
            <StateFlags index="SuppressUnitUseLineOfSight" value="1"/>
        </Modification>
    </CBehaviorBuff>
    <CBehaviorBuff id="QueuePaused">
        <InfoFlags index="Hidden" value="1"/>
        <EditorCategories value="AbilityorEffectType:Units"/>
        <Modification>
            <RateMultiplierArray index="Progress" value="0.001"/>
            <RateMultiplierArray index="Queueable" value="0.001"/>
        </Modification>
    </CBehaviorBuff>
    <CBehaviorBuff id="RavenScramblerMissile">
        <Alignment value="Negative"/>
        <InfoIcon value="Assets\Textures\btn-upgrade-terran-interferencematrix.dds"/>
        <EditorCategories value="AbilityorEffectType:Units"/>
        <DisplayDuration index="Self" value="1"/>
        <DisplayDuration index="Ally" value="1"/>
        <DisplayDuration index="Neutral" value="1"/>
        <DisplayDuration index="Enemy" value="1"/>
        <DisableValidatorArray value="TargetNotTacticalJumping"/>
        <RemoveValidatorArray value="NotOracleStasisTrapped"/>
        <BuffFlags index="UpdateDurationWhileDisabled" value="1"/>
        <Duration value="15"/>
        <ExpireEffect value="ImmortalBarrierCDFix"/>
        <Modification>
            <ModifyFlags index="DisableAbils" value="1"/>
            <ModifyFlags index="EnableMove" value="1"/>
            <StateFlags index="SuppressAttack" value="1"/>
            <StateFlags index="SuppressCloak" value="1"/>
            <BehaviorLinkDisableArray value="ImmortalBarrierSupressed"/>
        </Modification>
        <DurationOverride>
            <Duration value="3"/>
            <ValidatorArray value="IsHeroic"/>
        </DurationOverride>
    </CBehaviorBuff>
    <CBehaviorBuff id="RaynorCommandoSniping">
        <InfoFlags index="Hidden" value="1"/>
        <Duration value="0.0625"/>
        <Modification>
            <WeaponDisableArray value="CommandoRifle"/>
        </Modification>
    </CBehaviorBuff>
    <CBehaviorBuff id="TychusCommandoGrenading">
        <InfoFlags index="Hidden" value="1"/>
        <Duration value="0.0625"/>
        <Modification>
            <WeaponDisableArray value="TychusCommandoChaingun"/>
        </Modification>
    </CBehaviorBuff>
    <CBehaviorJump id="ReaperJump">
        <DurationPreLaunch value="0.025"/>
        <DurationPostLand value="0.0375"/>
        <DurationMoveOut value="0.04"/>
    </CBehaviorJump>
    <CBehaviorBuff id="ReaperRegen">
        <InfoFlags index="Hidden" value="1"/>
        <EditorCategories value="Race:Terran,AbilityorEffectType:Units"/>
        <DisableValidatorArray value="ReaperOutOfCombat"/>
        <DisableValidatorArray value="TargetLifeNotFull"/>
        <DisableValidatorArray value="D8ClusterBombsResearched"/>
        <Modification>
            <VitalRegenArray index="Life" value="2"/>
        </Modification>
    </CBehaviorBuff>
    <CBehaviorResource id="RefineryBounce">
        <InfoFlags index="Hidden" value="1"/>
        <EditorCategories value="AbilityorEffectType:Units"/>
        <Capacity value="2000000"/>
        <Contents value="2000000"/>
        <HarvestTime value="32767"/>
        <HarvestAmount value="1"/>
        <EmptyHarvestAmount value="1"/>
        <DepletionThreshold value="1"/>
        <CarryResourceBehavior value="CarryRefinery"/>
        <IdealHarvesterCount value="1"/>
    </CBehaviorResource>
    <CBehaviorBuff id="RepairDroneTimeout" parent="TimedLife">
        <EditorCategories value="AbilityorEffectType:Units"/>
        <DisplayDuration index="Enemy" value="1"/>
        <Duration value="30"/>
        <Modification>
            <StateFlags index="SuppressInvulnerability" value="1"/>
        </Modification>
    </CBehaviorBuff>
    <CBehaviorBuff id="SeekerMissileTimeout">
        <DisableValidatorArray value="NotInLastMotionPhase"/>
        <RemoveValidatorArray index="0" value="SeekerMissileMaxLaunchRange"/>
        <Duration value="5.25"/>
        <FinalEffect value="Kill"/>
        <ExpireEffect value=""/>
    </CBehaviorBuff>
    <CBehaviorBuff id="ShapedHull">
        <InfoFlags index="Hidden" value="1"/>
        <EditorCategories value="AbilityorEffectType:Units"/>
        <DamageResponse ModifyFraction="0.75">
            <Chance value="1"/>
            <AttackType index="Spell" value="0"/>
            <AttackType index="Normal" value="0"/>
            <AttackType index="Pierce" value="0"/>
            <AttackType index="Chaos" value="0"/>
            <AttackType index="Hero" value="0"/>
            <AttackType index="None" value="0"/>
        </DamageResponse>
    </CBehaviorBuff>
    <CBehaviorBuff id="SiloInitial">
        <InfoFlags index="Hidden" value="1"/>
        <EditorCategories value="AbilityorEffectType:Units"/>
        <RemoveValidatorArray value="PlayerIsNotNeutral"/>
        <FinalEffect value="MineralSiloInitial"/>
    </CBehaviorBuff>
    <CBehaviorBuff id="SpikeInitial">
        <InfoFlags index="Hidden" value="1"/>
        <EditorCategories value="AbilityorEffectType:Units"/>
        <RemoveValidatorArray value="PlayerIsNotNeutral"/>
        <FinalEffect value="MineralSpikeInitial"/>
    </CBehaviorBuff>
    <CBehaviorBuff id="Slow">
        <Modification MoveSpeedMultiplier="0.667"/>
    </CBehaviorBuff>
    <CBehaviorBuff id="SpikePeriodic">
        <InfoFlags index="Hidden" value="1"/>
        <EditorCategories value="AbilityorEffectType:Units"/>
        <Period value="2"/>
        <PeriodicEffect value="MineralSpikePeriodic"/>
        <DisableValidatorArray value="IsPlayer"/>
    </CBehaviorBuff>
    <CBehaviorBuff id="SquadBunkerUnload">
        <EditorCategories value="AbilityorEffectType:Units"/>
        <Duration value="0.5"/>
        <Modification RadiusMultiplier="0" SightMaximum="0" MoveSpeedBonus="10">
            <StateFlags index="SuppressCollision" value="1"/>
        </Modification>
        <Period value="0.0625"/>
        <PeriodCount value="1"/>
        <PeriodicEffect value="SquadStop"/>
    </CBehaviorBuff>
    <CBehaviorBuff id="SquadMainAttack">
        <InfoFlags index="Hidden" value="1"/>
        <EditorCategories value="AbilityorEffectType:Units"/>
        <Duration value="0.3"/>
        <Modification RadiusMultiplier="0.1" WeaponRange="0.5"/>
    </CBehaviorBuff>
    <CBehaviorBuff id="SquadMainUnit">
        <InfoFlags index="Hidden" value="1"/>
        <EditorCategories value="AbilityorEffectType:Units"/>
        <Modification>
            <StateFlags index="Invulnerable" value="1"/>
            <StateFlags index="SuppressLifeRegen" value="1"/>
            <StateFlags index="SuppressShieldsRegen" value="1"/>
            <AbilClassEnableArray index="CAbilArmMagazine" value="1"/>
        </Modification>
    </CBehaviorBuff>
    <CBehaviorBuff id="StealthSpinLeft">
        <InfoFlags index="Hidden" value="1"/>
        <EditorCategories value="AbilityorEffectType:Units,Race:Neutral"/>
        <InitialEffect value="StealthSpinLeft"/>
        <Modification>
            <StateFlags index="SuppressFidgeting" value="1"/>
        </Modification>
    </CBehaviorBuff>
    <CBehaviorBuff id="StealthRightTurn">
        <InfoFlags index="Hidden" value="1"/>
        <EditorCategories value="AbilityorEffectType:Units,Race:Neutral"/>
        <InitialEffect value="StealthRightTurn"/>
        <Modification>
            <StateFlags index="SuppressFidgeting" value="1"/>
        </Modification>
    </CBehaviorBuff>
    <CBehaviorBuff id="StealthLeftTurn">
        <InfoFlags index="Hidden" value="1"/>
        <EditorCategories value="AbilityorEffectType:Units,Race:Neutral"/>
        <InitialEffect value="StealthLeftTurn"/>
        <Modification>
            <StateFlags index="SuppressFidgeting" value="1"/>
        </Modification>
    </CBehaviorBuff>
    <CBehaviorBuff id="StealthSpinRight">
        <InfoFlags index="Hidden" value="1"/>
        <EditorCategories value="AbilityorEffectType:Units,Race:Neutral"/>
        <InitialEffect value="StealthSpinRight"/>
        <Modification>
            <StateFlags index="SuppressFidgeting" value="1"/>
        </Modification>
    </CBehaviorBuff>
    <CBehaviorBuff id="StealthLookForward">
        <InfoFlags index="Hidden" value="1"/>
        <EditorCategories value="AbilityorEffectType:Units,Race:Neutral"/>
        <InitialEffect value="StealthCreateForwardLookPoint"/>
        <Modification>
            <StateFlags index="SuppressFidgeting" value="1"/>
        </Modification>
    </CBehaviorBuff>
    <CBehaviorBuff id="SupplyDepotStartingUpgrade">
        <EditorCategories value="AbilityorEffectType:Units"/>
        <Modification>
            <RateMultiplierArray index="Progress" value="10"/>
            <RateMultiplierArray index="Queueable" value="10"/>
        </Modification>
        <Duration value="1"/>
    </CBehaviorBuff>
    <CBehaviorBuff id="ThorFlamethrower">
        <InfoFlags index="Hidden" value="1"/>
        <EditorCategories value="AbilityorEffectType:Units"/>
        <Modification>
            <WeaponArray Link="ThorInfernalFlameThrower" Turret="Hellion"/>
            <TurretEnableArray value="Hellion"/>
        </Modification>
    </CBehaviorBuff>
    <CBehaviorBuff id="ThorRadar">
        <InfoFlags index="Hidden" value="1"/>
        <EditorCategories value="AbilityorEffectType:Units"/>
        <Modification>
            <Detect value="11"/>
            <DetectFilters value="-;Missile"/>
            <Radar value="30"/>
            <RadarFilters value="-;Neutral,RawResource,HarvestableResource,Missile,Destructible,Buried,Cloaked"/>
        </Modification>
    </CBehaviorBuff>
    <CBehaviorBuff id="ThorRailgun">
        <InfoFlags index="Hidden" value="1"/>
        <EditorCategories value="AbilityorEffectType:Units"/>
        <Modification>
            <WeaponArray Link="ThorDiamondback"/>
        </Modification>
    </CBehaviorBuff>
    <CBehaviorBuff id="ThorSplashDummy">
        <InfoFlags index="Hidden" value="1"/>
        <EditorCategories value="AbilityorEffectType:Units"/>
    </CBehaviorBuff>
    <CBehaviorBuff id="ThorShield">
        <InfoFlags index="Hidden" value="1"/>
        <EditorCategories value="AbilityorEffectType:Units"/>
        <Modification>
            <EnergyDamageRatioBonus value="1"/>
            <VitalMaxArray index="Energy" value="60"/>
            <VitalRegenArray index="Energy" value="1.125"/>
        </Modification>
    </CBehaviorBuff>
    <CBehaviorBuff id="TibNodeLarge">
        <InfoFlags index="Hidden" value="1"/>
        <EditorCategories value="AbilityorEffectType:Units"/>
        <Period value="5"/>
        <InitialEffect value="TibNodeLargeStarter"/>
        <PeriodicEffect value="TibNodeLargeGrow"/>
    </CBehaviorBuff>
    <CBehaviorBuff id="PowerCheck">
        <Alignment value="Negative"/>
        <InfoIcon value="Assets\Textures\btn-ability-protoss-psistorm.dds"/>
        <EditorCategories value="AbilityorEffectType:Units"/>
        <DisableValidatorArray value="PlayerHasPower"/>
        <DisableValidatorArray value="IsNotConstructing"/>
        <Modification MoveSpeedMultiplier="0.5" AttackSpeedMultiplier="0.01">
            <AbilClassDisableArray index="CAbilAttack" value="1"/>
            <RateMultiplierArray index="Morph" value="0.5"/>
            <RateMultiplierArray index="Queueable" value="0.5"/>
        </Modification>
    </CBehaviorBuff>
    <CBehaviorResource id="Refinery">
        <InfoFlags index="Hidden" value="1"/>
        <EditorCategories value="AbilityorEffectType:Units"/>
        <Capacity value="2000000"/>
        <Contents value="2000000"/>
        <HarvestTime value="32767"/>
        <HarvestAmount value="1"/>
        <EmptyHarvestAmount value="1"/>
        <DepletionThreshold value="1"/>
        <IdealHarvesterCount value="1"/>
        <Requirements value="NotUnderConstruction"/>
    </CBehaviorResource>
    <CBehaviorBuff id="SquadAttack">
        <EditorCategories value="AbilityorEffectType:Units"/>
        <Duration value="0.3"/>
        <Modification MoveSpeedMultiplier="5" AccelerationMultiplier="5" RangedWeaponRange="2">
            <AbilClassEnableArray index="CAbilAttack" value="1"/>
        </Modification>
        <FinalEffect value="SquadStop"/>
    </CBehaviorBuff>
    <CBehaviorBuff id="SquadUnit">
        <EditorCategories value="AbilityorEffectType:Units"/>
        <DisableValidatorArray value="UnitNotInBunker"/>
        <Period value="1"/>
        <PeriodicEffect value="SquadUnitTeleport"/>
        <Modification RadiusMultiplier="0.5" MoveSpeedMultiplier="1.75" WeaponScanLimit="0">
            <StateFlags index="SuppressFoodUsed" value="1"/>
            <StateFlags index="SuppressArmySelect" value="1"/>
            <StateFlags index="Unselectable" value="1"/>
            <AbilClassDisableArray index="CAbilAttack" value="1"/>
        </Modification>
        <BehaviorFlags index="Permanent" value="1"/>
        <BehaviorFlags index="EnabledWhileDead" value="1"/>
    </CBehaviorBuff>
    <CBehaviorBuff id="SupplyDepotBuilt">
        <InfoFlags index="Hidden" value="1"/>
        <EditorCategories value="AbilityorEffectType:Units"/>
        <Modification>
            <RateMultiplierArray index="Progress" value="0.001"/>
            <RateMultiplierArray index="Queueable" value="0.001"/>
        </Modification>
    </CBehaviorBuff>
    <CBehaviorBuff id="RefineryBuilt">
        <InfoFlags index="Hidden" value="1"/>
        <EditorCategories value="AbilityorEffectType:Units"/>
        <Modification>
            <RateMultiplierArray index="Progress" value="0.001"/>
            <RateMultiplierArray index="Queueable" value="0.001"/>
        </Modification>
    </CBehaviorBuff>
    <CBehaviorBuff id="BarracksBuilt">
        <InfoFlags index="Hidden" value="1"/>
        <EditorCategories value="AbilityorEffectType:Units"/>
        <Modification>
            <RateMultiplierArray index="Progress" value="0.001"/>
            <RateMultiplierArray index="Queueable" value="0.001"/>
        </Modification>
    </CBehaviorBuff>
    <CBehaviorBuff id="EngineeringBayBuilt">
        <InfoFlags index="Hidden" value="1"/>
        <EditorCategories value="AbilityorEffectType:Units"/>
        <Modification>
            <RateMultiplierArray index="Progress" value="0.001"/>
            <RateMultiplierArray index="Queueable" value="0.001"/>
        </Modification>
    </CBehaviorBuff>
    <CBehaviorBuff id="BunkerBuilt">
        <InfoFlags index="Hidden" value="1"/>
        <EditorCategories value="AbilityorEffectType:Units"/>
        <Modification>
            <RateMultiplierArray index="Progress" value="0.001"/>
            <RateMultiplierArray index="Queueable" value="0.001"/>
        </Modification>
    </CBehaviorBuff>
    <CBehaviorBuff id="MissileTurretBuilt">
        <InfoFlags index="Hidden" value="1"/>
        <EditorCategories value="AbilityorEffectType:Units"/>
        <Modification>
            <RateMultiplierArray index="Progress" value="0.001"/>
            <RateMultiplierArray index="Queueable" value="0.001"/>
        </Modification>
    </CBehaviorBuff>
    <CBehaviorBuff id="SensorTowerBuilt">
        <InfoFlags index="Hidden" value="1"/>
        <EditorCategories value="AbilityorEffectType:Units"/>
        <Modification>
            <RateMultiplierArray index="Progress" value="0.001"/>
            <RateMultiplierArray index="Queueable" value="0.001"/>
        </Modification>
    </CBehaviorBuff>
    <CBehaviorBuff id="GhostAcademyBuilt">
        <InfoFlags index="Hidden" value="1"/>
        <EditorCategories value="AbilityorEffectType:Units"/>
        <Modification>
            <RateMultiplierArray index="Progress" value="0.001"/>
            <RateMultiplierArray index="Queueable" value="0.001"/>
        </Modification>
    </CBehaviorBuff>
    <CBehaviorBuff id="FactoryBuilt">
        <InfoFlags index="Hidden" value="1"/>
        <EditorCategories value="AbilityorEffectType:Units"/>
        <Modification>
            <RateMultiplierArray index="Progress" value="0.001"/>
            <RateMultiplierArray index="Queueable" value="0.001"/>
        </Modification>
    </CBehaviorBuff>
    <CBehaviorBuff id="ArmoryBuilt">
        <InfoFlags index="Hidden" value="1"/>
        <EditorCategories value="AbilityorEffectType:Units"/>
        <Modification>
            <RateMultiplierArray index="Progress" value="0.001"/>
            <RateMultiplierArray index="Queueable" value="0.001"/>
        </Modification>
    </CBehaviorBuff>
    <CBehaviorBuff id="StarportBuilt">
        <InfoFlags index="Hidden" value="1"/>
        <EditorCategories value="AbilityorEffectType:Units"/>
        <Modification>
            <RateMultiplierArray index="Progress" value="0.001"/>
            <RateMultiplierArray index="Queueable" value="0.001"/>
        </Modification>
    </CBehaviorBuff>
    <CBehaviorBuff id="FusionCoreBuilt">
        <InfoFlags index="Hidden" value="1"/>
        <EditorCategories value="AbilityorEffectType:Units"/>
        <Modification>
            <RateMultiplierArray index="Progress" value="0.001"/>
            <RateMultiplierArray index="Queueable" value="0.001"/>
        </Modification>
    </CBehaviorBuff>
    <CBehaviorBuff id="SupplyDrop">
        <Modification Food="10"/>
    </CBehaviorBuff>
    <CBehaviorBuff id="TibGrow">
        <InfoFlags index="Hidden" value="1"/>
        <EditorCategories value="AbilityorEffectType:Units"/>
        <Period value="32"/>
        <PeriodicEffect value="TibGrow"/>
    </CBehaviorBuff>
    <CBehaviorResource id="TibNodeDummy">
        <InfoFlags index="Hidden" value="1"/>
        <EditorCategories value="AbilityorEffectType:Units"/>
        <Capacity value="2000000"/>
        <Contents value="2000000"/>
        <HarvestTime value="32767"/>
        <HarvestAmount value="1"/>
        <EmptyHarvestAmount value="1"/>
    </CBehaviorResource>
    <CBehaviorBuff id="TibNodeNonStarter">
        <InfoFlags index="Hidden" value="1"/>
        <EditorCategories value="AbilityorEffectType:Units"/>
        <Duration value="1"/>
        <Period value="10"/>
    </CBehaviorBuff>
    <CBehaviorBuff id="TibNodeMedium">
        <InfoFlags index="Hidden" value="1"/>
        <EditorCategories value="AbilityorEffectType:Units"/>
        <Period value="10"/>
        <InitialEffect value="TibNodeMediumStarter"/>
        <PeriodicEffect value="TibNodeMediumGrow"/>
    </CBehaviorBuff>
    <CBehaviorBuff id="TibNodeSmall">
        <InfoFlags index="Hidden" value="1"/>
        <EditorCategories value="AbilityorEffectType:Units"/>
        <Period value="15"/>
        <InitialEffect value="TibNodeSmallStarter"/>
        <PeriodicEffect value="TibNodeSmallGrow"/>
    </CBehaviorBuff>
    <CBehaviorResource id="TibVeinMinerals">
        <InfoFlags index="Hidden" value="1"/>
        <InfoIcon value="Assets\Textures\icon-mineral.dds"/>
        <Capacity value="350"/>
        <Contents value="112"/>
        <HarvestTime value="0.1"/>
        <HarvestAmount value="14"/>
        <Flags index="RemoveWhenEmpty" value="1"/>
        <DepletionThreshold value="255"/>
        <DepletionVariationCount value="4"/>
        <CarryResourceBehavior value="CarryMineralFieldMinerals"/>
        <IdealHarvesterCount value="1"/>
    </CBehaviorResource>
    <CBehaviorBuff id="ToshNoFeedbackDeath">
        <InfoFlags index="Hidden" value="1"/>
        <EditorCategories value="AbilityorEffectType:Units"/>
        <DamageResponse Fatal="1" Handled="DeathRecallD" ModifyFraction="0">
            <RequireEffectArray value="FeedbackGhost"/>
            <Chance value="1"/>
        </DamageResponse>
    </CBehaviorBuff>
    <CBehaviorVeterancy id="Veterancy">
        <EditorCategories value="AbilityorEffectType:Units"/>
        <ShareFilters index="DamageDealt" value="-;Player,Ally,Neutral,Enemy,Hallucination"/>
        <SharedXPMaxCount index="DamageDealt" value="0"/>
        <SharedXPMaxCount index="Kills" value="0"/>
        <VeterancyLevelArray MinVeterancyXP="4000" LevelGainEffect="SquadVeterancy1Iterate">
            <Modification>
                <DamageDealtFraction index="Spell" value="0.1"/>
                <DamageDealtFraction index="Melee" value="0.1"/>
                <DamageDealtFraction index="Ranged" value="0.1"/>
                <DamageDealtFraction index="Splash" value="0.1"/>
                <VitalMaxAdditiveMultiplierArray index="Life" value="0.1"/>
            </Modification>
        </VeterancyLevelArray>
        <VeterancyLevelArray MinVeterancyXP="4000" LevelGainEffect="SquadVeterancy1Iterate">
            <Modification>
                <DamageDealtFraction index="Spell" value="0.1"/>
                <DamageDealtFraction index="Melee" value="0.1"/>
                <DamageDealtFraction index="Ranged" value="0.1"/>
                <DamageDealtFraction index="Splash" value="0.1"/>
                <VitalMaxAdditiveMultiplierArray index="Life" value="0.1"/>
            </Modification>
        </VeterancyLevelArray>
        <VeterancyLevelArray MinVeterancyXP="4000" LevelGainEffect="SquadVeterancy2Iterate">
            <Modification>
                <AdditiveAttackSpeedFactor value="1"/>
                <VitalMaxIncreaseAffectsCurrentArray index="Life" value="0"/>
                <VitalMaxIncreaseAffectsCurrentArray index="Shields" value="0"/>
                <VitalMaxIncreaseAffectsCurrentArray index="Energy" value="0"/>
                <VitalMaxAdditiveMultiplierArray index="Life" value="0.3"/>
                <VitalRegenArray index="Life" value="5"/>
                <VitalRegenMultiplier index="Energy" value="1"/>
                <RateMultiplierArray index="Charge" value="2"/>
                <RateMultiplierArray index="Cooldown" value="2"/>
            </Modification>
        </VeterancyLevelArray>
        <XPFraction index="Kills" value="0"/>
    </CBehaviorVeterancy>
    <CBehaviorBuff id="ZeratulHoldFire">
        <InfoIcon value="Assets\Textures\btn-ability-terran-holdfire.dds"/>
        <EditorCategories value="AbilityorEffectType:Units"/>
        <Modification WeaponScanLimit="0">
            <StateFlags index="Passive" value="1"/>
        </Modification>
    </CBehaviorBuff>
    <CBehaviorBuff id="ZeratulStun">
        <Modification>
            <StateFlags index="Stun" value="1"/>
            <BehaviorLinkDisableArray value="BanelingExplode"/>
        </Modification>
        <DurationOverride>
            <Duration value="4"/>
            <ValidatorArray value="IsHeroic"/>
        </DurationOverride>
    </CBehaviorBuff>
    <CBehaviorBuff id="ZergHypervirus">
        <Alignment value="Negative"/>
        <InfoIcon value="Assets\Textures\BTN-Ability-Zerg-NeuralParasite.dds"/>
        <EditorCategories value="AbilityorEffectType:Units"/>
        <Player Value="Hostile"/>
        <Modification SightBonus="10" WeaponScanBonus="15">
            <StateFlags index="IgnorePlayerAlliedFlags" value="1"/>
        </Modification>
    </CBehaviorBuff>
</Catalog>
