<?xml version="1.0" encoding="utf-8"?>
<Catalog>
    <CBehaviorBuff id="BioMode">
        <InfoFlags index="Hidden" value="1"/>
        <EditorCategories value="AbilityorEffectType:Units"/>
        <Modification MoveSpeedMaximum="2.25"/>
    </CBehaviorBuff>
    <CBehaviorBuff id="BuildHandled">
        <InfoFlags index="Hidden" value="1"/>
        <EditorCategories value="AbilityorEffectType:Units"/>
    </CBehaviorBuff>
    <CBehaviorBuff id="BuildingRepair">
        <Alignment value="Positive"/>
        <InfoIcon value="Assets\Textures\btn-ability-terran-repair.dds"/>
        <EditorCategories value="AbilityorEffectType:Units,Race:Neutral"/>
        <RemoveValidatorArray value="TargetLifeNotFull"/>
        <RemoveValidatorArray value="IsGroundUnit"/>
        <Period value="1"/>
        <InitialEffect value="BuildingRepair"/>
        <PeriodicEffect value="BuildingRepairLoop"/>
        <FinalEffect value="BuildingRepairStop"/>
    </CBehaviorBuff>
    <CBehaviorBuff id="Cancel">
        <InfoFlags index="Hidden" value="1"/>
        <EditorCategories value="AbilityorEffectType:Units"/>
        <Duration value="1"/>
    </CBehaviorBuff>
    <CBehaviorBuff id="CollapsibleRockTowerPurifier02">
        <InfoFlags index="Hidden" value="1"/>
        <EditorCategories value="AbilityorEffectType:Units"/>
        <InitialEffect value="CollapsibleRockTowerCPPurifier02"/>
    </CBehaviorBuff>
    <CBehaviorBuff id="ConstructStop">
        <InfoFlags index="Hidden" value="1"/>
        <EditorCategories value="AbilityorEffectType:Units"/>
        <Modification>
            <RateMultiplierArray index="Progress" value="0.001"/>
            <RateMultiplierArray index="Queueable" value="0.001"/>
        </Modification>
    </CBehaviorBuff>
    <CBehaviorBuff id="CraneBuilt">
        <InfoFlags index="Hidden" value="1"/>
        <EditorCategories value="AbilityorEffectType:Units"/>
    </CBehaviorBuff>
    <CBehaviorBuff id="DeathRecall">
        <InfoFlags index="Hidden" value="1"/>
        <EditorCategories value="AbilityorEffectType:Units"/>
        <DamageResponse Fatal="1" Handled="DeathRecallS" ModifyFraction="0"/>
    </CBehaviorBuff>
    <CBehaviorBuff id="Depowered">
        <InfoIcon value="Assets\Textures\btn-ability-protoss-psistorm.dds"/>
        <EditorCategories value="AbilityorEffectType:Units"/>
        <Modification MoveSpeedMultiplier="0.5" AttackSpeedMultiplier="0.01">
            <StateFlags index="Stun" value="1"/>
            <StateFlags index="SuppressDropOff" value="1"/>
            <StateFlags index="SuppressFoodUsed" value="1"/>
            <StateFlags index="SuppressRequirements" value="1"/>
            <StateFlags index="SuppressTech" value="1"/>
            <AbilClassDisableArray index="CAbilArmMagazine" value="1"/>
            <AbilClassDisableArray index="CAbilAttack" value="1"/>
            <AbilClassDisableArray index="CAbilBuild" value="1"/>
            <AbilClassDisableArray index="CAbilSpecialize" value="1"/>
            <AbilClassDisableArray index="CAbilTrain" value="1"/>
            <RateMultiplierArray index="Morph" value="0.5"/>
            <RateMultiplierArray index="Queueable" value="0.5"/>
        </Modification>
    </CBehaviorBuff>
    <CBehaviorBuff id="DevastatorTurretBuilt">
        <InfoFlags index="Hidden" value="1"/>
        <EditorCategories value="AbilityorEffectType:Units"/>
    </CBehaviorBuff>
    <CBehaviorBuff id="PerditionTurretBuilt">
        <InfoFlags index="Hidden" value="1"/>
        <EditorCategories value="AbilityorEffectType:Units"/>
    </CBehaviorBuff>
    <CBehaviorBuff id="DropOffStun">
        <EditorCategories value="AbilityorEffectType:Units"/>
        <Duration value="60"/>
        <InfoFlags index="Hidden" value="1"/>
    </CBehaviorBuff>
    <CBehaviorBuff id="HailstormLaunchers">
        <InfoFlags index="Hidden" value="1"/>
        <EditorCategories value="AbilityorEffectType:Units"/>
        <Requirements value="HasHailstormLaunchers"/>
        <Modification>
            <WeaponEnableArray value="HailstormLauncher"/>
            <WeaponEnableArray value="HailstormLauncher2"/>
            <WeaponEnableArray value="HailstormLauncherMerc"/>
            <WeaponEnableArray value="HailstormLauncher2Merc"/>
        </Modification>
    </CBehaviorBuff>
    <CBehaviorResource id="HighYieldMineralFieldMinerals">
        <HarvestTime value="0.1"/>
        <HarvestAmount value="28"/>
        <ReturnDelay value="0"/>
    </CBehaviorResource>
    <CBehaviorResource id="HighYieldMineralFieldMinerals750">
        <HarvestTime value="0.1"/>
        <HarvestAmount value="28"/>
        <ReturnDelay value="0"/>
    </CBehaviorResource>
    <CBehaviorBuff id="IdleTaken">
        <InfoFlags index="Hidden" value="1"/>
        <EditorCategories value="AbilityorEffectType:Units"/>
    </CBehaviorBuff>
    <CBehaviorBuff id="OrbitalSupplyDrop">
        <InfoFlags index="Hidden" value="1"/>
        <EditorCategories value="AbilityorEffectType:Units"/>
        <DisableValidatorArray value="AutoHarvesterHarvest"/>
        <Period value="0.5"/>
        <PeriodicEffect value="OrbitalSupplyDrop"/>
    </CBehaviorBuff>
    <CBehaviorBuff id="PrecursorMerc">
        <InitialEffect value="MercSquadDropDelay"/>
        <FinalEffect value="RemovePrecursorMercIterate"/>
    </CBehaviorBuff>
    <CBehaviorBuff id="QueuePaused">
        <InfoFlags index="Hidden" value="1"/>
        <EditorCategories value="AbilityorEffectType:Units"/>
    </CBehaviorBuff>
    <CBehaviorBuff id="ReaperRegen">
        <InfoFlags index="Hidden" value="1"/>
        <EditorCategories value="Race:Terran,AbilityorEffectType:Units"/>
        <DisableValidatorArray value="ReaperOutOfCombat"/>
        <DisableValidatorArray value="TargetLifeNotFull"/>
        <DisableValidatorArray value="D8ClusterBombsResearched"/>
        <Modification>
            <VitalRegenArray index="Life" value="2"/>
        </Modification>
    </CBehaviorBuff>
    <CBehaviorResource id="RefineryBounce">
        <InfoFlags index="Hidden" value="1"/>
        <EditorCategories value="AbilityorEffectType:Units"/>
        <Capacity value="2000000"/>
        <Contents value="2000000"/>
        <HarvestTime value="32767"/>
        <HarvestAmount value="1"/>
        <EmptyHarvestAmount value="1"/>
        <DepletionThreshold value="1"/>
        <CarryResourceBehavior value="CarryRefinery"/>
        <IdealHarvesterCount value="1"/>
    </CBehaviorResource>
    <CBehaviorBuff id="SquadBunkerUnload">
        <EditorCategories value="AbilityorEffectType:Units"/>
        <Duration value="0.5"/>
        <Modification RadiusMultiplier="0" SightMaximum="0" MoveSpeedBonus="10">
            <StateFlags index="SuppressCollision" value="1"/>
        </Modification>
        <Period value="0.0625"/>
        <PeriodCount value="1"/>
        <PeriodicEffect value="SquadStop"/>
    </CBehaviorBuff>
    <CBehaviorBuff id="SquadMainAttack">
        <InfoFlags index="Hidden" value="1"/>
        <EditorCategories value="AbilityorEffectType:Units"/>
        <Duration value="0.3"/>
        <Modification RadiusMultiplier="0.1" WeaponRange="0.5"/>
    </CBehaviorBuff>
    <CBehaviorBuff id="SquadVeterancy1">
        <EditorCategories value="AbilityorEffectType:Units"/>
        <MaxStackCount value="2"/>
        <Modification>
            <DamageDealtFraction index="Spell" value="0.1"/>
            <DamageDealtFraction index="Melee" value="0.1"/>
            <DamageDealtFraction index="Ranged" value="0.1"/>
            <DamageDealtFraction index="Splash" value="0.1"/>
            <DamageDealtFraction index="NoProc" value="0.1"/>
            <VitalMaxFractionArray index="Life" value="0.1"/>
        </Modification>
    </CBehaviorBuff>
    <CBehaviorBuff id="SquadVeterancy2">
        <Modification AttackSpeedMultiplier="2">
            <VitalMaxFractionArray index="Life" value="0.3"/>
            <VitalRegenArray index="Life" value="0.1992"/>
        </Modification>
    </CBehaviorBuff>
    <CBehaviorBuff id="SupplyDepotStartingUpgrade">
        <EditorCategories value="AbilityorEffectType:Units"/>
        <Modification>
            <RateMultiplierArray index="Progress" value="10"/>
            <RateMultiplierArray index="Queueable" value="10"/>
        </Modification>
        <Duration value="1"/>
    </CBehaviorBuff>
    <CBehaviorBuff id="TibNodeLarge">
        <InfoFlags index="Hidden" value="1"/>
        <EditorCategories value="AbilityorEffectType:Units"/>
        <Period value="10"/>
        <InitialEffect value="TibNodeLargeStarter"/>
        <PeriodicEffect value="TibNodeLargeGrow"/>
    </CBehaviorBuff>
    <CBehaviorBuff id="PowerCheck">
        <Alignment value="Negative"/>
        <InfoIcon value="Assets\Textures\btn-ability-protoss-psistorm.dds"/>
        <EditorCategories value="AbilityorEffectType:Units"/>
        <DisableValidatorArray value="PlayerHasPower"/>
        <DisableValidatorArray value="IsNotConstructing"/>
        <Modification MoveSpeedMultiplier="0.5" AttackSpeedMultiplier="0.01">
            <AbilClassDisableArray index="CAbilAttack" value="1"/>
            <RateMultiplierArray index="Morph" value="0.5"/>
            <RateMultiplierArray index="Queueable" value="0.5"/>
        </Modification>
    </CBehaviorBuff>
    <CBehaviorResource id="Refinery">
        <InfoFlags index="Hidden" value="1"/>
        <EditorCategories value="AbilityorEffectType:Units"/>
        <Capacity value="2000000"/>
        <Contents value="2000000"/>
        <HarvestTime value="32767"/>
        <HarvestAmount value="1"/>
        <EmptyHarvestAmount value="1"/>
        <DepletionThreshold value="1"/>
        <IdealHarvesterCount value="1"/>
        <Requirements value="NotUnderConstruction"/>
    </CBehaviorResource>
    <CBehaviorBuff id="SquadAttack">
        <EditorCategories value="AbilityorEffectType:Units"/>
        <Duration value="0.3"/>
        <Modification RangedWeaponRange="2">
            <AbilClassEnableArray index="CAbilAttack" value="1"/>
        </Modification>
        <FinalEffect value="SquadStop"/>
    </CBehaviorBuff>
    <CBehaviorBuff id="SquadUnit">
        <EditorCategories value="AbilityorEffectType:Units"/>
        <Modification RadiusMultiplier="0.5" MoveSpeedMultiplier="1.75" WeaponScanLimit="0">
            <StateFlags index="SuppressFoodUsed" value="1"/>
            <StateFlags index="SuppressArmySelect" value="1"/>
            <StateFlags index="Unselectable" value="1"/>
            <AbilClassDisableArray index="CAbilAttack" value="1"/>
        </Modification>
        <FinalEffect value="SquadDeathDamage"/>
        <DisableValidatorArray value="UnitNotInBunker"/>
        <Period value="1"/>
        <PeriodicEffect value="SquadUnitTeleport"/>
    </CBehaviorBuff>
    <CBehaviorBuff id="SupplyDepotBuilt">
        <InfoFlags index="Hidden" value="1"/>
        <EditorCategories value="AbilityorEffectType:Units"/>
    </CBehaviorBuff>
    <CBehaviorBuff id="RefineryBuilt">
        <InfoFlags index="Hidden" value="1"/>
        <EditorCategories value="AbilityorEffectType:Units"/>
    </CBehaviorBuff>
    <CBehaviorBuff id="BarracksBuilt">
        <InfoFlags index="Hidden" value="1"/>
        <EditorCategories value="AbilityorEffectType:Units"/>
    </CBehaviorBuff>
    <CBehaviorBuff id="EngineeringBayBuilt">
        <InfoFlags index="Hidden" value="1"/>
        <EditorCategories value="AbilityorEffectType:Units"/>
    </CBehaviorBuff>
    <CBehaviorBuff id="BunkerBuilt">
        <InfoFlags index="Hidden" value="1"/>
        <EditorCategories value="AbilityorEffectType:Units"/>
    </CBehaviorBuff>
    <CBehaviorBuff id="MissileTurretBuilt">
        <InfoFlags index="Hidden" value="1"/>
        <EditorCategories value="AbilityorEffectType:Units"/>
    </CBehaviorBuff>
    <CBehaviorBuff id="SensorTowerBuilt">
        <InfoFlags index="Hidden" value="1"/>
        <EditorCategories value="AbilityorEffectType:Units"/>
    </CBehaviorBuff>
    <CBehaviorBuff id="GhostAcademyBuilt">
        <InfoFlags index="Hidden" value="1"/>
        <EditorCategories value="AbilityorEffectType:Units"/>
    </CBehaviorBuff>
    <CBehaviorBuff id="FactoryBuilt">
        <InfoFlags index="Hidden" value="1"/>
        <EditorCategories value="AbilityorEffectType:Units"/>
    </CBehaviorBuff>
    <CBehaviorBuff id="ArmoryBuilt">
        <InfoFlags index="Hidden" value="1"/>
        <EditorCategories value="AbilityorEffectType:Units"/>
    </CBehaviorBuff>
    <CBehaviorBuff id="StarportBuilt">
        <InfoFlags index="Hidden" value="1"/>
        <EditorCategories value="AbilityorEffectType:Units"/>
    </CBehaviorBuff>
    <CBehaviorBuff id="FusionCoreBuilt">
        <InfoFlags index="Hidden" value="1"/>
        <EditorCategories value="AbilityorEffectType:Units"/>
    </CBehaviorBuff>
    <CBehaviorBuff id="SupplyDrop">
        <Modification Food="10"/>
    </CBehaviorBuff>
    <CBehaviorBuff id="TibGrow">
        <InfoFlags index="Hidden" value="1"/>
        <EditorCategories value="AbilityorEffectType:Units"/>
        <Period value="32"/>
        <PeriodicEffect value="TibGrow"/>
    </CBehaviorBuff>
    <CBehaviorResource id="TibNodeDummy">
        <InfoFlags index="Hidden" value="1"/>
        <EditorCategories value="AbilityorEffectType:Units"/>
        <Capacity value="2000000"/>
        <Contents value="2000000"/>
        <HarvestTime value="32767"/>
        <HarvestAmount value="1"/>
        <EmptyHarvestAmount value="1"/>
    </CBehaviorResource>
    <CBehaviorBuff id="TibNodeNonStarter">
        <InfoFlags index="Hidden" value="1"/>
        <EditorCategories value="AbilityorEffectType:Units"/>
        <Duration value="1"/>
        <Period value="10"/>
    </CBehaviorBuff>
    <CBehaviorBuff id="TibNodeMedium">
        <InfoFlags index="Hidden" value="1"/>
        <EditorCategories value="AbilityorEffectType:Units"/>
        <Period value="20"/>
        <InitialEffect value="TibNodeMediumStarter"/>
        <PeriodicEffect value="TibNodeMediumGrow"/>
    </CBehaviorBuff>
    <CBehaviorBuff id="TibNodeSmall">
        <InfoFlags index="Hidden" value="1"/>
        <EditorCategories value="AbilityorEffectType:Units"/>
        <Period value="30"/>
        <InitialEffect value="TibNodeSmallStarter"/>
        <PeriodicEffect value="TibNodeSmallGrow"/>
    </CBehaviorBuff>
    <CBehaviorResource id="TibVeinMinerals">
        <InfoFlags index="Hidden" value="1"/>
        <InfoIcon value="Assets\Textures\icon-mineral.dds"/>
        <Capacity value="350"/>
        <Contents value="112"/>
        <HarvestTime value="0.1"/>
        <HarvestAmount value="14"/>
        <Flags index="RemoveWhenEmpty" value="1"/>
        <DepletionThreshold value="255"/>
        <DepletionVariationCount value="4"/>
        <CarryResourceBehavior value="CarryMineralFieldMinerals"/>
        <IdealHarvesterCount value="1"/>
    </CBehaviorResource>
    <CBehaviorVeterancy id="Veterancy">
        <EditorCategories value="AbilityorEffectType:Units"/>
        <ShareFilters index="DamageDealt" value="-;Player,Ally,Neutral,Enemy,Hallucination"/>
        <SharedXPMaxCount index="DamageDealt" value="0"/>
        <SharedXPMaxCount index="Kills" value="0"/>
        <VeterancyLevelArray MinVeterancyXP="2000" LevelGainEffect="SquadVeterancy1Iterate">
            <Modification>
                <DamageDealtFraction index="Ranged" value="0.1"/>
                <VitalMaxAdditiveMultiplierArray index="Life" value="0.1"/>
            </Modification>
        </VeterancyLevelArray>
        <VeterancyLevelArray MinVeterancyXP="2000" LevelGainEffect="SquadVeterancy1Iterate">
            <Modification>
                <DamageDealtFraction index="Ranged" value="0.1"/>
                <VitalMaxAdditiveMultiplierArray index="Life" value="0.1"/>
            </Modification>
        </VeterancyLevelArray>
        <VeterancyLevelArray MinVeterancyXP="2000" LevelGainEffect="SquadVeterancy2Iterate">
            <Modification>
                <AdditiveAttackSpeedFactor value="1"/>
                <VitalMaxIncreaseAffectsCurrentArray index="Life" value="0"/>
                <VitalMaxIncreaseAffectsCurrentArray index="Shields" value="0"/>
                <VitalMaxIncreaseAffectsCurrentArray index="Energy" value="0"/>
                <VitalMaxAdditiveMultiplierArray index="Life" value="0.3"/>
                <VitalRegenArray index="Life" value="1"/>
            </Modification>
        </VeterancyLevelArray>
    </CBehaviorVeterancy>
</Catalog>
