<?xml version="1.0" encoding="utf-8"?>
<Catalog>
    <!--
Find: ^'(.+?) (.+)
Replace: \t<CButton id="\13">\r\n\t\t<Icon value="\2"/>\r\n\t\t<AlertIcon value="\2"/>\r\n\t\t<DefaultButtonLayout Column="3"/>\r\n\t</CButton>\r\n\t<CButton id="\14">\r\n\t\t<Icon value="\2"/>\r\n\t\t<AlertIcon value="\2"/>\r\n\t\t<DefaultButtonLayout Column="4"/>\r\n\t</CButton>\r\n\t<CButton id="\15">\r\n\t\t<Icon value="\2"/>\r\n\t\t<AlertIcon value="\2"/>\r\n\t\t<DefaultButtonLayout Row="1"/>\r\n\t</CButton>\r\n\t<CButton id="\16">\r\n\t\t<Icon value="\2"/>\r\n\t\t<AlertIcon value="\2"/>\r\n\t\t<DefaultButtonLayout Row="1"/>\r\n\t\t<DefaultButtonLayout Column="1"/>\r\n\t</CButton>\r\n\t<CButton id="\17">\r\n\t\t<Icon value="\2"/>\r\n\t\t<AlertIcon value="\2"/>\r\n\t\t<DefaultButtonLayout Row="1"/>\r\n\t\t<DefaultButtonLayout Column="2"/>\r\n\t</CButton>\r\n\t<CButton id="\18">\r\n\t\t<Icon value="\2"/>\r\n\t\t<AlertIcon value="\2"/>\r\n\t\t<DefaultButtonLayout Row="1"/>\r\n\t\t<DefaultButtonLayout Column="3"/>\r\n\t</CButton>\r\n\t<CButton id="\19">\r\n\t\t<Icon value="\2"/>\r\n\t\t<AlertIcon value="\2"/>\r\n\t\t<DefaultButtonLayout Row="1"/>\r\n\t\t<DefaultButtonLayout Column="4"/>\r\n\t</CButton>\r\n\t<CButton id="\110">\r\n\t\t<Icon value="\2"/>\r\n\t\t<AlertIcon value="\2"/>\r\n\t\t<DefaultButtonLayout Row="2"/>\r\n\t</CButton>\r\n\t<CButton id="\111">\r\n\t\t<Icon value="\2"/>\r\n\t\t<AlertIcon value="\2"/>\r\n\t\t<DefaultButtonLayout Row="2"/>\r\n\t\t<DefaultButtonLayout Column="1"/>\r\n\t</CButton>\r\n\t<CButton id="\112">\r\n\t\t<Icon value="\2"/>\r\n\t\t<AlertIcon value="\2"/>\r\n\t\t<DefaultButtonLayout Row="2"/>\r\n\t\t<DefaultButtonLayout Column="2"/>\r\n\t</CButton>\r\n\t<CButton id="\113">\r\n\t\t<Icon value="\2"/>\r\n\t\t<AlertIcon value="\2"/>\r\n\t\t<DefaultButtonLayout Row="2"/>\r\n\t\t<DefaultButtonLayout Column="3"/>\r\n\t</CButton>\r\n\t<CButton id="\114">\r\n\t\t<Icon value="\2"/>\r\n\t\t<AlertIcon value="\2"/>\r\n\t\t<DefaultButtonLayout Row="2"/>\r\n\t\t<DefaultButtonLayout Column="4"/>\r\n\t</CButton>
-->
    <CButton id="AstralProjection">
        <Icon value="Assets\Textures\btn-ability-protoss-hallucination-color.dds"/>
        <AlertIcon value="Assets\Textures\btn-ability-protoss-hallucination-color.dds"/>
        <EditorCategories value="Race:Protoss"/>
        <HotkeyAlias value="Hallucination"/>
        <DefaultButtonLayout Row="1" Column="1"/>
    </CButton>
    <CButton id="CommanderAlarakUnlockDeathFleet">
        <DefaultButtonLayout Column="4"/>
    </CButton>
    <CButton id="EMPSpectre">
        <Icon value="Assets\Textures\btn-ability-terran-emp-color.dds"/>
        <AlertIcon value="Assets\Textures\btn-ability-terran-emp-color.dds"/>
        <EditorCategories value="Race:Terran"/>
        <HotkeyAlias value="EMP"/>
        <DefaultButtonLayout Row="2" Column="1"/>
    </CButton>
    <CButton id="HiveMindEmulator10">
        <Icon value="Assets\Textures\btn-research-zerg-hivemindemulator.dds"/>
        <AlertIcon value="Assets\Textures\btn-research-zerg-hivemindemulator.dds"/>
        <EditorCategories value="Race:Terran"/>
        <HotkeyAlias value="HiveMindEmulator3"/>
        <DefaultButtonLayout Row="2"/>
    </CButton>
    <CButton id="HiveMindEmulator11">
        <Icon value="Assets\Textures\btn-research-zerg-hivemindemulator.dds"/>
        <AlertIcon value="Assets\Textures\btn-research-zerg-hivemindemulator.dds"/>
        <EditorCategories value="Race:Terran"/>
        <HotkeyAlias value="HiveMindEmulator3"/>
        <DefaultButtonLayout Row="2" Column="1"/>
    </CButton>
    <CButton id="HiveMindEmulator12">
        <Icon value="Assets\Textures\btn-research-zerg-hivemindemulator.dds"/>
        <AlertIcon value="Assets\Textures\btn-research-zerg-hivemindemulator.dds"/>
        <EditorCategories value="Race:Terran"/>
        <HotkeyAlias value="HiveMindEmulator3"/>
        <DefaultButtonLayout Row="2" Column="2"/>
    </CButton>
    <CButton id="HiveMindEmulator13">
        <Icon value="Assets\Textures\btn-research-zerg-hivemindemulator.dds"/>
        <AlertIcon value="Assets\Textures\btn-research-zerg-hivemindemulator.dds"/>
        <EditorCategories value="Race:Terran"/>
        <HotkeyAlias value="HiveMindEmulator3"/>
        <DefaultButtonLayout Row="2" Column="3"/>
    </CButton>
    <CButton id="HiveMindEmulator14">
        <Icon value="Assets\Textures\btn-research-zerg-hivemindemulator.dds"/>
        <AlertIcon value="Assets\Textures\btn-research-zerg-hivemindemulator.dds"/>
        <EditorCategories value="Race:Terran"/>
        <HotkeyAlias value="HiveMindEmulator3"/>
        <DefaultButtonLayout Row="2" Column="4"/>
    </CButton>
    <CButton id="HiveMindEmulator3">
        <Icon value="Assets\Textures\btn-research-zerg-hivemindemulator.dds"/>
        <AlertIcon value="Assets\Textures\btn-research-zerg-hivemindemulator.dds"/>
        <EditorCategories value="Race:Terran"/>
        <DefaultButtonLayout Column="3"/>
    </CButton>
    <CButton id="HiveMindEmulator4">
        <Icon value="Assets\Textures\btn-research-zerg-hivemindemulator.dds"/>
        <AlertIcon value="Assets\Textures\btn-research-zerg-hivemindemulator.dds"/>
        <EditorCategories value="Race:Terran"/>
        <HotkeyAlias value="HiveMindEmulator3"/>
        <DefaultButtonLayout Column="4"/>
    </CButton>
    <CButton id="HiveMindEmulator5">
        <Icon value="Assets\Textures\btn-research-zerg-hivemindemulator.dds"/>
        <AlertIcon value="Assets\Textures\btn-research-zerg-hivemindemulator.dds"/>
        <EditorCategories value="Race:Terran"/>
        <HotkeyAlias value="HiveMindEmulator3"/>
        <DefaultButtonLayout Row="1"/>
    </CButton>
    <CButton id="HiveMindEmulator6">
        <Icon value="Assets\Textures\btn-research-zerg-hivemindemulator.dds"/>
        <AlertIcon value="Assets\Textures\btn-research-zerg-hivemindemulator.dds"/>
        <EditorCategories value="Race:Terran"/>
        <HotkeyAlias value="HiveMindEmulator3"/>
        <DefaultButtonLayout Row="1" Column="1"/>
    </CButton>
    <CButton id="HiveMindEmulator7">
        <Icon value="Assets\Textures\btn-research-zerg-hivemindemulator.dds"/>
        <AlertIcon value="Assets\Textures\btn-research-zerg-hivemindemulator.dds"/>
        <EditorCategories value="Race:Terran"/>
        <HotkeyAlias value="HiveMindEmulator3"/>
        <DefaultButtonLayout Row="1" Column="2"/>
    </CButton>
    <CButton id="HiveMindEmulator8">
        <Icon value="Assets\Textures\btn-research-zerg-hivemindemulator.dds"/>
        <AlertIcon value="Assets\Textures\btn-research-zerg-hivemindemulator.dds"/>
        <EditorCategories value="Race:Terran"/>
        <HotkeyAlias value="HiveMindEmulator3"/>
        <DefaultButtonLayout Row="1" Column="3"/>
    </CButton>
    <CButton id="HiveMindEmulator9">
        <Icon value="Assets\Textures\btn-research-zerg-hivemindemulator.dds"/>
        <AlertIcon value="Assets\Textures\btn-research-zerg-hivemindemulator.dds"/>
        <EditorCategories value="Race:Terran"/>
        <HotkeyAlias value="HiveMindEmulator3"/>
        <DefaultButtonLayout Row="1" Column="4"/>
    </CButton>
    <CButton id="MedivacLoadNearby">
        <Icon value="Assets\Textures\btn-ability-terran-load.dds"/>
        <AlertIcon value="Assets\Textures\btn-ability-terran-load.dds"/>
        <Hotkey value="Button/Hotkey/CommandCenterLoad"/>
        <EditorCategories value="Race:Terran"/>
        <TintRacially value="1"/>
        <HotkeyAlias value="CommandCenterLoad"/>
        <Universal value="1"/>
        <DefaultButtonLayout Row="1" Column="2"/>
    </CButton>
    <CButton id="NovaHeal">
        <Icon value="Assets\Textures\btn-upgrade-zerg-abathur-improvedmend.dds"/>
        <AlertIcon value="Assets\Textures\btn-upgrade-zerg-abathur-improvedmend.dds"/>
        <DefaultButtonLayout Row="1" Column="2"/>
    </CButton>
    <CButton id="PsiDisruptor10">
        <Icon value="Assets\Textures\btn-research-zerg-psidisruptor.dds"/>
        <AlertIcon value="Assets\Textures\btn-research-zerg-psidisruptor.dds"/>
        <EditorCategories value="Race:Terran"/>
        <HotkeyAlias value="PsiDisruptor3"/>
        <DefaultButtonLayout Row="2"/>
    </CButton>
    <CButton id="PsiDisruptor11">
        <Icon value="Assets\Textures\btn-research-zerg-psidisruptor.dds"/>
        <AlertIcon value="Assets\Textures\btn-research-zerg-psidisruptor.dds"/>
        <EditorCategories value="Race:Terran"/>
        <HotkeyAlias value="PsiDisruptor3"/>
        <DefaultButtonLayout Row="2" Column="1"/>
    </CButton>
    <CButton id="PsiDisruptor12">
        <Icon value="Assets\Textures\btn-research-zerg-psidisruptor.dds"/>
        <AlertIcon value="Assets\Textures\btn-research-zerg-psidisruptor.dds"/>
        <EditorCategories value="Race:Terran"/>
        <HotkeyAlias value="PsiDisruptor3"/>
        <DefaultButtonLayout Row="2" Column="2"/>
    </CButton>
    <CButton id="PsiDisruptor13">
        <Icon value="Assets\Textures\btn-research-zerg-psidisruptor.dds"/>
        <AlertIcon value="Assets\Textures\btn-research-zerg-psidisruptor.dds"/>
        <EditorCategories value="Race:Terran"/>
        <HotkeyAlias value="PsiDisruptor3"/>
        <DefaultButtonLayout Row="2" Column="3"/>
    </CButton>
    <CButton id="PsiDisruptor14">
        <Icon value="Assets\Textures\btn-research-zerg-psidisruptor.dds"/>
        <AlertIcon value="Assets\Textures\btn-research-zerg-psidisruptor.dds"/>
        <EditorCategories value="Race:Terran"/>
        <HotkeyAlias value="PsiDisruptor3"/>
        <DefaultButtonLayout Row="2" Column="4"/>
    </CButton>
    <CButton id="PsiDisruptor3">
        <Icon value="Assets\Textures\btn-research-zerg-psidisruptor.dds"/>
        <AlertIcon value="Assets\Textures\btn-research-zerg-psidisruptor.dds"/>
        <EditorCategories value="Race:Terran"/>
        <DefaultButtonLayout Column="3"/>
    </CButton>
    <CButton id="PsiDisruptor4">
        <Icon value="Assets\Textures\btn-research-zerg-psidisruptor.dds"/>
        <AlertIcon value="Assets\Textures\btn-research-zerg-psidisruptor.dds"/>
        <EditorCategories value="Race:Terran"/>
        <HotkeyAlias value="PsiDisruptor3"/>
        <DefaultButtonLayout Column="4"/>
    </CButton>
    <CButton id="PsiDisruptor5">
        <Icon value="Assets\Textures\btn-research-zerg-psidisruptor.dds"/>
        <AlertIcon value="Assets\Textures\btn-research-zerg-psidisruptor.dds"/>
        <EditorCategories value="Race:Terran"/>
        <HotkeyAlias value="PsiDisruptor3"/>
        <DefaultButtonLayout Row="1"/>
    </CButton>
    <CButton id="PsiDisruptor6">
        <Icon value="Assets\Textures\btn-research-zerg-psidisruptor.dds"/>
        <AlertIcon value="Assets\Textures\btn-research-zerg-psidisruptor.dds"/>
        <EditorCategories value="Race:Terran"/>
        <HotkeyAlias value="PsiDisruptor3"/>
        <DefaultButtonLayout Row="1" Column="1"/>
    </CButton>
    <CButton id="PsiDisruptor7">
        <Icon value="Assets\Textures\btn-research-zerg-psidisruptor.dds"/>
        <AlertIcon value="Assets\Textures\btn-research-zerg-psidisruptor.dds"/>
        <EditorCategories value="Race:Terran"/>
        <HotkeyAlias value="PsiDisruptor3"/>
        <DefaultButtonLayout Row="1" Column="2"/>
    </CButton>
    <CButton id="PsiDisruptor8">
        <Icon value="Assets\Textures\btn-research-zerg-psidisruptor.dds"/>
        <AlertIcon value="Assets\Textures\btn-research-zerg-psidisruptor.dds"/>
        <EditorCategories value="Race:Terran"/>
        <HotkeyAlias value="PsiDisruptor3"/>
        <DefaultButtonLayout Row="1" Column="3"/>
    </CButton>
    <CButton id="PsiDisruptor9">
        <Icon value="Assets\Textures\btn-research-zerg-psidisruptor.dds"/>
        <AlertIcon value="Assets\Textures\btn-research-zerg-psidisruptor.dds"/>
        <EditorCategories value="Race:Terran"/>
        <HotkeyAlias value="PsiDisruptor3"/>
        <DefaultButtonLayout Row="1" Column="4"/>
    </CButton>
    <CButton id="ResearchHighEnergyCapacitors">
        <Icon value="Assets\Textures\btn-upgrade-swann-improvedburstlaser.dds"/>
        <AlertIcon value="Assets\Textures\btn-upgrade-swann-improvedburstlaser.dds"/>
        <DefaultButtonLayout Column="3"/>
    </CButton>
    <CButton id="ResearchEnhancedExplosives">
        <Icon value="Assets\Textures\btn-upgrade-terran-explosiveshrapnelshells.dds"/>
        <AlertIcon value="Assets\Textures\btn-upgrade-terran-explosiveshrapnelshells.dds"/>
        <DefaultButtonLayout Column="2"/>
    </CButton>
    <CButton id="FeedbackGhost">
        <Icon value="Assets\Textures\btn-ability-protoss-feedback-color.dds"/>
        <AlertIcon value="Assets\Textures\btn-ability-protoss-feedback-color.dds"/>
        <EditorCategories value="Race:Terran"/>
        <HotkeyAlias value="Feedback"/>
        <DefaultButtonLayout Row="2" Column="1"/>
    </CButton>
    <CButton id="HideInTheShadows">
        <Icon value="Assets\Textures\BTN-ability-Protoss-permanentlycloaked-darktemplar-color.dds"/>
        <EditorCategories value="Race:Protoss"/>
        <HotkeyAlias value="PermanentlyCloaked"/>
        <DefaultButtonLayout Row="2" Column="2"/>
    </CButton>
    <CButton id="HyperionYamato3">
        <Icon value="Assets\Textures\btn-ability-terran-yamatogun-color.dds"/>
        <AlertIcon value="Assets\Textures\btn-ability-terran-yamatogun-color.dds"/>
        <EditorCategories value="Race:Terran"/>
        <HotkeyAlias value="HyperionYamato5"/>
        <DefaultButtonLayout Column="3"/>
    </CButton>
    <CButton id="HyperionYamato4">
        <Icon value="Assets\Textures\btn-ability-terran-yamatogun-color.dds"/>
        <AlertIcon value="Assets\Textures\btn-ability-terran-yamatogun-color.dds"/>
        <EditorCategories value="Race:Terran"/>
        <HotkeyAlias value="HyperionYamato5"/>
        <DefaultButtonLayout Column="4"/>
    </CButton>
    <CButton id="HyperionYamato5">
        <Icon value="Assets\Textures\btn-ability-terran-yamatogun-color.dds"/>
        <AlertIcon value="Assets\Textures\btn-ability-terran-yamatogun-color.dds"/>
        <EditorCategories value="Race:Terran"/>
        <DefaultButtonLayout Row="1"/>
    </CButton>
    <CButton id="HyperionYamato6">
        <Icon value="Assets\Textures\btn-ability-terran-yamatogun-color.dds"/>
        <AlertIcon value="Assets\Textures\btn-ability-terran-yamatogun-color.dds"/>
        <EditorCategories value="Race:Terran"/>
        <DefaultButtonLayout Row="1" Column="1"/>
    </CButton>
    <CButton id="HyperionYamato7">
        <Icon value="Assets\Textures\btn-ability-terran-yamatogun-color.dds"/>
        <AlertIcon value="Assets\Textures\btn-ability-terran-yamatogun-color.dds"/>
        <EditorCategories value="Race:Terran"/>
        <DefaultButtonLayout Row="1" Column="2"/>
    </CButton>
    <CButton id="HyperionYamato8">
        <Icon value="Assets\Textures\btn-ability-terran-yamatogun-color.dds"/>
        <AlertIcon value="Assets\Textures\btn-ability-terran-yamatogun-color.dds"/>
        <EditorCategories value="Race:Terran"/>
        <DefaultButtonLayout Row="1" Column="3"/>
    </CButton>
    <CButton id="HyperionYamato9">
        <Icon value="Assets\Textures\btn-ability-terran-yamatogun-color.dds"/>
        <AlertIcon value="Assets\Textures\btn-ability-terran-yamatogun-color.dds"/>
        <EditorCategories value="Race:Terran"/>
        <DefaultButtonLayout Row="1" Column="4"/>
    </CButton>
    <CButton id="HyperionYamato10">
        <Icon value="Assets\Textures\btn-ability-terran-yamatogun-color.dds"/>
        <AlertIcon value="Assets\Textures\btn-ability-terran-yamatogun-color.dds"/>
        <EditorCategories value="Race:Terran"/>
        <DefaultButtonLayout Row="2"/>
    </CButton>
    <CButton id="HyperionYamato11">
        <Icon value="Assets\Textures\btn-ability-terran-yamatogun-color.dds"/>
        <AlertIcon value="Assets\Textures\btn-ability-terran-yamatogun-color.dds"/>
        <EditorCategories value="Race:Terran"/>
        <DefaultButtonLayout Row="2" Column="1"/>
    </CButton>
    <CButton id="HyperionYamato12">
        <Icon value="Assets\Textures\btn-ability-terran-yamatogun-color.dds"/>
        <AlertIcon value="Assets\Textures\btn-ability-terran-yamatogun-color.dds"/>
        <EditorCategories value="Race:Terran"/>
        <DefaultButtonLayout Row="2" Column="2"/>
    </CButton>
    <CButton id="HyperionYamato13">
        <Icon value="Assets\Textures\btn-ability-terran-yamatogun-color.dds"/>
        <AlertIcon value="Assets\Textures\btn-ability-terran-yamatogun-color.dds"/>
        <EditorCategories value="Race:Terran"/>
        <DefaultButtonLayout Row="2" Column="3"/>
    </CButton>
    <CButton id="HyperionYamato14">
        <Icon value="Assets\Textures\btn-ability-terran-yamatogun-color.dds"/>
        <AlertIcon value="Assets\Textures\btn-ability-terran-yamatogun-color.dds"/>
        <EditorCategories value="Race:Terran"/>
        <DefaultButtonLayout Row="2" Column="4"/>
    </CButton>
    <CButton id="ResearchImprovedRailguns">
        <Icon value="Assets\Textures\btn-upgrade-mengsk-engineeringbay-dominionweaponslevel2.dds"/>
        <AlertIcon value="Assets\Textures\btn-upgrade-mengsk-engineeringbay-dominionweaponslevel2.dds"/>
        <DefaultButtonLayout Column="1"/>
    </CButton>
    <CButton id="SendWave">
        <Icon value="Assets\Textures\inspiration_coop.dds"/>
        <AlertIcon value="Assets\Textures\inspiration_coop.dds"/>
        <DefaultButtonLayout Row="1" Column="2"/>
    </CButton>
    <CButton id="Stone">
        <Icon value="Assets\Textures\wireframe-terran-cargotruck01.dds"/>
        <AlertIcon value="Assets\Textures\wireframe-terran-cargotruck01.dds"/>
        <EditorCategories value="Race:Terran"/>
    </CButton>
    <CButton id="PowerStructure">
        <Icon value="Assets\Textures\btn-upgrade-artanis-pylonpower.dds"/>
        <HotkeyAlias value="CommanderTraitArtanisSOAProjectPowerField"/>
        <DefaultButtonLayout Row="1"/>
    </CButton>
    <CButton id="DeathRecall">
        <Icon value="Assets\Textures\btn-ability-protoss-recallondeath.dds"/>
        <AlertIcon value="Assets\Textures\btn-ability-protoss-recallondeath.dds"/>
        <DefaultButtonLayout Row="2" Column="3"/>
    </CButton>
    <CButton id="HailstormLaunchers">
        <Icon value="Assets\Textures\btn-techupgrade-terran-multilocktargetingsystem.dds"/>
        <AlertIcon value="Assets\Textures\btn-techupgrade-terran-multilocktargetingsystem.dds"/>
        <EditorCategories value="Race:Terran"/>
        <TintRacially value="1"/>
    </CButton>
    <CButton id="BuildDevastatorTurret">
        <Icon value="Assets\Textures\btn-tips-flamingbetty.dds"/>
        <AlertIcon value="Assets\Textures\btn-tips-flamingbetty.dds"/>
        <EditorCategories value="Race:Terran"/>
    </CButton>
    <CButton id="BuildingRepair">
        <Icon value="Assets\Textures\btn-ability-terran-repair.dds"/>
        <AlertIcon value="Assets\Textures\btn-ability-terran-repair.dds"/>
        <EditorCategories value="Race:Neutral"/>
        <TintRacially value="1"/>
        <Universal value="1"/>
    </CButton>
    <CButton id="CombatDrugs">
        <Icon value="Assets\Textures\btn-upgrade-terran-reapercombatdrugs.dds"/>
        <AlertIcon value="Assets\Textures\btn-upgrade-terran-reapercombatdrugs.dds"/>
        <EditorCategories value="Race:Terran"/>
    </CButton>
    <CButton id="Depower">
        <Icon value="Assets\Textures\btn-ability-protoss-psistorm.dds"/>
        <EditorCategories value="Race:Neutral"/>
        <AlertIcon value="Assets\Textures\btn-ability-protoss-psistorm.dds"/>
        <TintRacially value="1"/>
        <Universal value="1"/>
    </CButton>
    <CButton id="ResetRally">
        <Icon value="Assets\Textures\btn-ability-zerg-setworkerrallypoint.dds"/>
        <AlertIcon value="Assets\Textures\btn-ability-zerg-setworkerrallypoint.dds"/>
        <EditorCategories value="Race:Neutral"/>
        <TintRacially value="1"/>
        <Universal value="1"/>
        <DefaultButtonLayout Column="4"/>
    </CButton>
    <CButton id="TakeTheDrill">
        <Icon value="Assets\Textures\btn-tips-laserdrillcontrol.dds"/>
        <AlertIcon value="Assets\Textures\btn-tips-laserdrillcontrol.dds"/>
    </CButton>
    <CButton id="InfantryUltraCapacitors">
        <Icon value="Assets\Textures\btn-research-terran-ultracapacitors.dds"/>
        <AlertIcon value="Assets\Textures\btn-research-terran-ultracapacitors.dds"/>
        <EditorCategories value="Race:Terran"/>
    </CButton>
    <CButton id="ResearchThermiteFilaments">
        <Icon value="Assets\Textures\btn-upgrade-terran-infernalpreigniter.dds"/>
        <AlertIcon value="Assets\Textures\btn-upgrade-terran-infernalpreigniter.dds"/>
        <EditorCategories value="Race:Terran"/>
    </CButton>
    <CButton id="VehicleUltraCapacitors">
        <Icon value="Assets\Textures\btn-research-terran-ultracapacitors.dds"/>
        <AlertIcon value="Assets\Textures\btn-research-terran-ultracapacitors.dds"/>
        <EditorCategories value="Race:Terran"/>
        <HotkeyAlias value="InfantryUltraCapacitors"/>
        <DefaultButtonLayout Row="1"/>
    </CButton>
    <CButton id="InfantryVanadiumPlating">
        <Icon value="Assets\Textures\btn-research-terran-vanadiumplating.dds"/>
        <AlertIcon value="Assets\Textures\btn-research-terran-vanadiumplating.dds"/>
        <EditorCategories value="Race:Terran"/>
    </CButton>
    <CButton id="StarshipUltraCapacitors">
        <Icon value="Assets\Textures\btn-research-terran-ultracapacitors.dds"/>
        <AlertIcon value="Assets\Textures\btn-research-terran-ultracapacitors.dds"/>
        <EditorCategories value="Race:Terran"/>
        <HotkeyAlias value="InfantryUltraCapacitors"/>
        <DefaultButtonLayout Row="1"/>
    </CButton>
    <CButton id="VehicleVanadiumPlating">
        <Icon value="Assets\Textures\btn-research-terran-vanadiumplating.dds"/>
        <AlertIcon value="Assets\Textures\btn-research-terran-vanadiumplating.dds"/>
        <EditorCategories value="Race:Terran"/>
        <HotkeyAlias value="InfantryVanadiumPlating"/>
        <DefaultButtonLayout Row="1" Column="1"/>
    </CButton>
    <CButton id="PauseQueue">
        <Icon value="EditorData\Images\CutSceneEditor\Playhead\Control_Pause.tga"/>
        <HotkeyAlias value="Cancel"/>
        <DefaultButtonLayout Row="2" Column="4"/>
    </CButton>
    <CButton id="ResumeQueue">
        <Icon value="Assets\Textures\sc2_ui_newplayerxp_playmovie.dds"/>
        <DefaultButtonLayout Row="2" Column="3"/>
    </CButton>
    <CButton id="Sell">
        <Icon value="Assets\Textures\btn-tips-credit.dds"/>
        <AlertIcon value="Assets\Textures\btn-tips-credit.dds"/>
        <EditorCategories value="Race:Neutral"/>
        <TintRacially value="1"/>
        <Universal value="1"/>
    </CButton>
    <CButton id="StarshipVanadiumPlating">
        <Icon value="Assets\Textures\btn-research-terran-vanadiumplating.dds"/>
        <AlertIcon value="Assets\Textures\btn-research-terran-vanadiumplating.dds"/>
        <EditorCategories value="Race:Terran"/>
        <HotkeyAlias value="InfantryVanadiumPlating"/>
        <DefaultButtonLayout Row="1" Column="1"/>
    </CButton>
    <CButton id="DeployLaserDrill3">
        <Icon value="Assets\Textures\btn-tips-laserdrillcontrol.dds"/>
        <AlertIcon value="Assets\Textures\btn-tips-laserdrillcontrol.dds"/>
        <DefaultButtonLayout Column="3"/>
    </CButton>
    <CButton id="DeployLaserDrill4">
        <Icon value="Assets\Textures\btn-tips-laserdrillcontrol.dds"/>
        <AlertIcon value="Assets\Textures\btn-tips-laserdrillcontrol.dds"/>
        <DefaultButtonLayout Column="4"/>
    </CButton>
    <CButton id="DeployLaserDrill5">
        <Icon value="Assets\Textures\btn-tips-laserdrillcontrol.dds"/>
        <AlertIcon value="Assets\Textures\btn-tips-laserdrillcontrol.dds"/>
        <DefaultButtonLayout Row="1"/>
    </CButton>
    <CButton id="DeployLaserDrill6">
        <Icon value="Assets\Textures\btn-tips-laserdrillcontrol.dds"/>
        <AlertIcon value="Assets\Textures\btn-tips-laserdrillcontrol.dds"/>
        <DefaultButtonLayout Row="1" Column="1"/>
    </CButton>
    <CButton id="DeployLaserDrill7">
        <Icon value="Assets\Textures\btn-tips-laserdrillcontrol.dds"/>
        <AlertIcon value="Assets\Textures\btn-tips-laserdrillcontrol.dds"/>
        <DefaultButtonLayout Row="1" Column="2"/>
    </CButton>
    <CButton id="DeployLaserDrill8">
        <Icon value="Assets\Textures\btn-tips-laserdrillcontrol.dds"/>
        <AlertIcon value="Assets\Textures\btn-tips-laserdrillcontrol.dds"/>
        <DefaultButtonLayout Row="1" Column="3"/>
    </CButton>
    <CButton id="DeployLaserDrill9">
        <Icon value="Assets\Textures\btn-tips-laserdrillcontrol.dds"/>
        <AlertIcon value="Assets\Textures\btn-tips-laserdrillcontrol.dds"/>
        <DefaultButtonLayout Row="1" Column="4"/>
    </CButton>
    <CButton id="DeployLaserDrill10">
        <Icon value="Assets\Textures\btn-tips-laserdrillcontrol.dds"/>
        <AlertIcon value="Assets\Textures\btn-tips-laserdrillcontrol.dds"/>
        <DefaultButtonLayout Row="2"/>
    </CButton>
    <CButton id="DeployLaserDrill11">
        <Icon value="Assets\Textures\btn-tips-laserdrillcontrol.dds"/>
        <AlertIcon value="Assets\Textures\btn-tips-laserdrillcontrol.dds"/>
        <DefaultButtonLayout Row="2" Column="1"/>
    </CButton>
    <CButton id="DeployLaserDrill12">
        <Icon value="Assets\Textures\btn-tips-laserdrillcontrol.dds"/>
        <AlertIcon value="Assets\Textures\btn-tips-laserdrillcontrol.dds"/>
        <DefaultButtonLayout Row="2" Column="2"/>
    </CButton>
    <CButton id="DeployLaserDrill13">
        <Icon value="Assets\Textures\btn-tips-laserdrillcontrol.dds"/>
        <AlertIcon value="Assets\Textures\btn-tips-laserdrillcontrol.dds"/>
        <DefaultButtonLayout Row="2" Column="3"/>
    </CButton>
    <CButton id="DeployLaserDrill14">
        <Icon value="Assets\Textures\btn-tips-laserdrillcontrol.dds"/>
        <AlertIcon value="Assets\Textures\btn-tips-laserdrillcontrol.dds"/>
        <DefaultButtonLayout Row="2" Column="4"/>
    </CButton>
    <CButton id="TacticalMissileStrike3">
        <Icon value="Assets\Textures\btn-ability-mengsk-ghost-tacticalmissilestrike.dds"/>
        <AlertIcon value="Assets\Textures\btn-ability-mengsk-ghost-tacticalmissilestrike.dds"/>
        <DefaultButtonLayout Column="3"/>
    </CButton>
    <CButton id="TacticalMissileStrike4">
        <Icon value="Assets\Textures\btn-ability-mengsk-ghost-tacticalmissilestrike.dds"/>
        <AlertIcon value="Assets\Textures\btn-ability-mengsk-ghost-tacticalmissilestrike.dds"/>
        <DefaultButtonLayout Column="4"/>
    </CButton>
    <CButton id="TacticalMissileStrike5">
        <Icon value="Assets\Textures\btn-ability-mengsk-ghost-tacticalmissilestrike.dds"/>
        <AlertIcon value="Assets\Textures\btn-ability-mengsk-ghost-tacticalmissilestrike.dds"/>
        <DefaultButtonLayout Row="1"/>
    </CButton>
    <CButton id="TacticalMissileStrike6">
        <Icon value="Assets\Textures\btn-ability-mengsk-ghost-tacticalmissilestrike.dds"/>
        <AlertIcon value="Assets\Textures\btn-ability-mengsk-ghost-tacticalmissilestrike.dds"/>
        <DefaultButtonLayout Row="1" Column="1"/>
    </CButton>
    <CButton id="TacticalMissileStrike7">
        <Icon value="Assets\Textures\btn-ability-mengsk-ghost-tacticalmissilestrike.dds"/>
        <AlertIcon value="Assets\Textures\btn-ability-mengsk-ghost-tacticalmissilestrike.dds"/>
        <DefaultButtonLayout Row="1" Column="2"/>
    </CButton>
    <CButton id="TacticalMissileStrike8">
        <Icon value="Assets\Textures\btn-ability-mengsk-ghost-tacticalmissilestrike.dds"/>
        <AlertIcon value="Assets\Textures\btn-ability-mengsk-ghost-tacticalmissilestrike.dds"/>
        <DefaultButtonLayout Row="1" Column="3"/>
    </CButton>
    <CButton id="TacticalMissileStrike9">
        <Icon value="Assets\Textures\btn-ability-mengsk-ghost-tacticalmissilestrike.dds"/>
        <AlertIcon value="Assets\Textures\btn-ability-mengsk-ghost-tacticalmissilestrike.dds"/>
        <DefaultButtonLayout Row="1" Column="4"/>
    </CButton>
    <CButton id="TacticalMissileStrike10">
        <Icon value="Assets\Textures\btn-ability-mengsk-ghost-tacticalmissilestrike.dds"/>
        <AlertIcon value="Assets\Textures\btn-ability-mengsk-ghost-tacticalmissilestrike.dds"/>
        <DefaultButtonLayout Row="2"/>
    </CButton>
    <CButton id="TacticalMissileStrike11">
        <Icon value="Assets\Textures\btn-ability-mengsk-ghost-tacticalmissilestrike.dds"/>
        <AlertIcon value="Assets\Textures\btn-ability-mengsk-ghost-tacticalmissilestrike.dds"/>
        <DefaultButtonLayout Row="2" Column="1"/>
    </CButton>
    <CButton id="TacticalMissileStrike12">
        <Icon value="Assets\Textures\btn-ability-mengsk-ghost-tacticalmissilestrike.dds"/>
        <AlertIcon value="Assets\Textures\btn-ability-mengsk-ghost-tacticalmissilestrike.dds"/>
        <DefaultButtonLayout Row="2" Column="2"/>
    </CButton>
    <CButton id="TacticalMissileStrike13">
        <Icon value="Assets\Textures\btn-ability-mengsk-ghost-tacticalmissilestrike.dds"/>
        <AlertIcon value="Assets\Textures\btn-ability-mengsk-ghost-tacticalmissilestrike.dds"/>
        <DefaultButtonLayout Row="2" Column="3"/>
    </CButton>
    <CButton id="TacticalMissileStrike14">
        <Icon value="Assets\Textures\btn-ability-mengsk-ghost-tacticalmissilestrike.dds"/>
        <AlertIcon value="Assets\Textures\btn-ability-mengsk-ghost-tacticalmissilestrike.dds"/>
        <DefaultButtonLayout Row="2" Column="4"/>
    </CButton>
    <CButton id="InfantryMercenaries3">
        <Icon value="Assets\Textures\btn-unit-terran-marinemercenary.dds"/>
        <AlertIcon value="Assets\Textures\btn-unit-terran-marinemercenary.dds"/>
        <DefaultButtonLayout Column="3"/>
    </CButton>
    <CButton id="InfantryMercenaries4">
        <Icon value="Assets\Textures\btn-unit-terran-marinemercenary.dds"/>
        <AlertIcon value="Assets\Textures\btn-unit-terran-marinemercenary.dds"/>
        <DefaultButtonLayout Column="4"/>
    </CButton>
    <CButton id="InfantryMercenaries5">
        <Icon value="Assets\Textures\btn-unit-terran-marinemercenary.dds"/>
        <AlertIcon value="Assets\Textures\btn-unit-terran-marinemercenary.dds"/>
        <DefaultButtonLayout Row="1"/>
    </CButton>
    <CButton id="InfantryMercenaries6">
        <Icon value="Assets\Textures\btn-unit-terran-marinemercenary.dds"/>
        <AlertIcon value="Assets\Textures\btn-unit-terran-marinemercenary.dds"/>
        <DefaultButtonLayout Row="1" Column="1"/>
    </CButton>
    <CButton id="InfantryMercenaries7">
        <Icon value="Assets\Textures\btn-unit-terran-marinemercenary.dds"/>
        <AlertIcon value="Assets\Textures\btn-unit-terran-marinemercenary.dds"/>
        <DefaultButtonLayout Row="1" Column="2"/>
    </CButton>
    <CButton id="InfantryMercenaries8">
        <Icon value="Assets\Textures\btn-unit-terran-marinemercenary.dds"/>
        <AlertIcon value="Assets\Textures\btn-unit-terran-marinemercenary.dds"/>
        <DefaultButtonLayout Row="1" Column="3"/>
    </CButton>
    <CButton id="InfantryMercenaries9">
        <Icon value="Assets\Textures\btn-unit-terran-marinemercenary.dds"/>
        <AlertIcon value="Assets\Textures\btn-unit-terran-marinemercenary.dds"/>
        <DefaultButtonLayout Row="1" Column="4"/>
    </CButton>
    <CButton id="InfantryMercenaries10">
        <Icon value="Assets\Textures\btn-unit-terran-marinemercenary.dds"/>
        <AlertIcon value="Assets\Textures\btn-unit-terran-marinemercenary.dds"/>
        <DefaultButtonLayout Row="2"/>
    </CButton>
    <CButton id="InfantryMercenaries11">
        <Icon value="Assets\Textures\btn-unit-terran-marinemercenary.dds"/>
        <AlertIcon value="Assets\Textures\btn-unit-terran-marinemercenary.dds"/>
        <DefaultButtonLayout Row="2" Column="1"/>
    </CButton>
    <CButton id="InfantryMercenaries12">
        <Icon value="Assets\Textures\btn-unit-terran-marinemercenary.dds"/>
        <AlertIcon value="Assets\Textures\btn-unit-terran-marinemercenary.dds"/>
        <DefaultButtonLayout Row="2" Column="2"/>
    </CButton>
    <CButton id="InfantryMercenaries13">
        <Icon value="Assets\Textures\btn-unit-terran-marinemercenary.dds"/>
        <AlertIcon value="Assets\Textures\btn-unit-terran-marinemercenary.dds"/>
        <DefaultButtonLayout Row="2" Column="3"/>
    </CButton>
    <CButton id="InfantryMercenaries14">
        <Icon value="Assets\Textures\btn-unit-terran-marinemercenary.dds"/>
        <AlertIcon value="Assets\Textures\btn-unit-terran-marinemercenary.dds"/>
        <DefaultButtonLayout Row="2" Column="4"/>
    </CButton>
    <CButton id="VehicleMercenaries3">
        <Icon value="Assets\Textures\btn-unit-terran-siegetankmercenary-tank.dds"/>
        <AlertIcon value="Assets\Textures\btn-unit-terran-siegetankmercenary-tank.dds"/>
        <DefaultButtonLayout Column="3"/>
    </CButton>
    <CButton id="VehicleMercenaries4">
        <Icon value="Assets\Textures\btn-unit-terran-siegetankmercenary-tank.dds"/>
        <AlertIcon value="Assets\Textures\btn-unit-terran-siegetankmercenary-tank.dds"/>
        <DefaultButtonLayout Column="4"/>
    </CButton>
    <CButton id="VehicleMercenaries5">
        <Icon value="Assets\Textures\btn-unit-terran-siegetankmercenary-tank.dds"/>
        <AlertIcon value="Assets\Textures\btn-unit-terran-siegetankmercenary-tank.dds"/>
        <DefaultButtonLayout Row="1"/>
    </CButton>
    <CButton id="VehicleMercenaries6">
        <Icon value="Assets\Textures\btn-unit-terran-siegetankmercenary-tank.dds"/>
        <AlertIcon value="Assets\Textures\btn-unit-terran-siegetankmercenary-tank.dds"/>
        <DefaultButtonLayout Row="1" Column="1"/>
    </CButton>
    <CButton id="VehicleMercenaries7">
        <Icon value="Assets\Textures\btn-unit-terran-siegetankmercenary-tank.dds"/>
        <AlertIcon value="Assets\Textures\btn-unit-terran-siegetankmercenary-tank.dds"/>
        <DefaultButtonLayout Row="1" Column="2"/>
    </CButton>
    <CButton id="VehicleMercenaries8">
        <Icon value="Assets\Textures\btn-unit-terran-siegetankmercenary-tank.dds"/>
        <AlertIcon value="Assets\Textures\btn-unit-terran-siegetankmercenary-tank.dds"/>
        <DefaultButtonLayout Row="1" Column="3"/>
    </CButton>
    <CButton id="VehicleMercenaries9">
        <Icon value="Assets\Textures\btn-unit-terran-siegetankmercenary-tank.dds"/>
        <AlertIcon value="Assets\Textures\btn-unit-terran-siegetankmercenary-tank.dds"/>
        <DefaultButtonLayout Row="1" Column="4"/>
    </CButton>
    <CButton id="VehicleMercenaries10">
        <Icon value="Assets\Textures\btn-unit-terran-siegetankmercenary-tank.dds"/>
        <AlertIcon value="Assets\Textures\btn-unit-terran-siegetankmercenary-tank.dds"/>
        <DefaultButtonLayout Row="2"/>
    </CButton>
    <CButton id="VehicleMercenaries11">
        <Icon value="Assets\Textures\btn-unit-terran-siegetankmercenary-tank.dds"/>
        <AlertIcon value="Assets\Textures\btn-unit-terran-siegetankmercenary-tank.dds"/>
        <DefaultButtonLayout Row="2" Column="1"/>
    </CButton>
    <CButton id="VehicleMercenaries12">
        <Icon value="Assets\Textures\btn-unit-terran-siegetankmercenary-tank.dds"/>
        <AlertIcon value="Assets\Textures\btn-unit-terran-siegetankmercenary-tank.dds"/>
        <DefaultButtonLayout Row="2" Column="2"/>
    </CButton>
    <CButton id="VehicleMercenaries13">
        <Icon value="Assets\Textures\btn-unit-terran-siegetankmercenary-tank.dds"/>
        <AlertIcon value="Assets\Textures\btn-unit-terran-siegetankmercenary-tank.dds"/>
        <DefaultButtonLayout Row="2" Column="3"/>
    </CButton>
    <CButton id="VehicleMercenaries14">
        <Icon value="Assets\Textures\btn-unit-terran-siegetankmercenary-tank.dds"/>
        <AlertIcon value="Assets\Textures\btn-unit-terran-siegetankmercenary-tank.dds"/>
        <DefaultButtonLayout Row="2" Column="4"/>
    </CButton>
    <CButton id="NukeCalldown3">
        <Icon value="Assets\Textures\btn-ability-terran-nuclearstrike-color.dds"/>
        <AlertIcon value="Assets\Textures\btn-ability-terran-nuclearstrike-color.dds"/>
        <DefaultButtonLayout Column="3"/>
    </CButton>
    <CButton id="NukeCalldown4">
        <Icon value="Assets\Textures\btn-ability-terran-nuclearstrike-color.dds"/>
        <AlertIcon value="Assets\Textures\btn-ability-terran-nuclearstrike-color.dds"/>
        <DefaultButtonLayout Column="4"/>
    </CButton>
    <CButton id="NukeCalldown5">
        <Icon value="Assets\Textures\btn-ability-terran-nuclearstrike-color.dds"/>
        <AlertIcon value="Assets\Textures\btn-ability-terran-nuclearstrike-color.dds"/>
        <DefaultButtonLayout Row="1"/>
    </CButton>
    <CButton id="NukeCalldown6">
        <Icon value="Assets\Textures\btn-ability-terran-nuclearstrike-color.dds"/>
        <AlertIcon value="Assets\Textures\btn-ability-terran-nuclearstrike-color.dds"/>
        <DefaultButtonLayout Row="1" Column="1"/>
    </CButton>
    <CButton id="NukeCalldown7">
        <Icon value="Assets\Textures\btn-ability-terran-nuclearstrike-color.dds"/>
        <AlertIcon value="Assets\Textures\btn-ability-terran-nuclearstrike-color.dds"/>
        <DefaultButtonLayout Row="1" Column="2"/>
    </CButton>
    <CButton id="NukeCalldown8">
        <Icon value="Assets\Textures\btn-ability-terran-nuclearstrike-color.dds"/>
        <AlertIcon value="Assets\Textures\btn-ability-terran-nuclearstrike-color.dds"/>
        <DefaultButtonLayout Row="1" Column="3"/>
    </CButton>
    <CButton id="NukeCalldown9">
        <Icon value="Assets\Textures\btn-ability-terran-nuclearstrike-color.dds"/>
        <AlertIcon value="Assets\Textures\btn-ability-terran-nuclearstrike-color.dds"/>
        <DefaultButtonLayout Row="1" Column="4"/>
    </CButton>
    <CButton id="NukeCalldown10">
        <Icon value="Assets\Textures\btn-ability-terran-nuclearstrike-color.dds"/>
        <AlertIcon value="Assets\Textures\btn-ability-terran-nuclearstrike-color.dds"/>
        <DefaultButtonLayout Row="2"/>
    </CButton>
    <CButton id="NukeCalldown11">
        <Icon value="Assets\Textures\btn-ability-terran-nuclearstrike-color.dds"/>
        <AlertIcon value="Assets\Textures\btn-ability-terran-nuclearstrike-color.dds"/>
        <DefaultButtonLayout Row="2" Column="1"/>
    </CButton>
    <CButton id="NukeCalldown12">
        <Icon value="Assets\Textures\btn-ability-terran-nuclearstrike-color.dds"/>
        <AlertIcon value="Assets\Textures\btn-ability-terran-nuclearstrike-color.dds"/>
        <DefaultButtonLayout Row="2" Column="2"/>
    </CButton>
    <CButton id="NukeCalldown13">
        <Icon value="Assets\Textures\btn-ability-terran-nuclearstrike-color.dds"/>
        <AlertIcon value="Assets\Textures\btn-ability-terran-nuclearstrike-color.dds"/>
        <DefaultButtonLayout Row="2" Column="3"/>
    </CButton>
    <CButton id="NukeCalldown14">
        <Icon value="Assets\Textures\btn-ability-terran-nuclearstrike-color.dds"/>
        <AlertIcon value="Assets\Textures\btn-ability-terran-nuclearstrike-color.dds"/>
        <DefaultButtonLayout Row="2" Column="4"/>
    </CButton>
    <CButton id="ScannerSweepTopbar3">
        <Icon value="Assets\Textures\btn-ability-terran-scannersweep-color.dds"/>
        <AlertIcon value="Assets\Textures\btn-ability-terran-scannersweep-color.dds"/>
        <DefaultButtonLayout Column="3"/>
    </CButton>
    <CButton id="ScannerSweepTopbar4">
        <Icon value="Assets\Textures\btn-ability-terran-scannersweep-color.dds"/>
        <AlertIcon value="Assets\Textures\btn-ability-terran-scannersweep-color.dds"/>
        <DefaultButtonLayout Column="4"/>
    </CButton>
    <CButton id="ScannerSweepTopbar5">
        <Icon value="Assets\Textures\btn-ability-terran-scannersweep-color.dds"/>
        <AlertIcon value="Assets\Textures\btn-ability-terran-scannersweep-color.dds"/>
        <DefaultButtonLayout Row="1"/>
    </CButton>
    <CButton id="ScannerSweepTopbar6">
        <Icon value="Assets\Textures\btn-ability-terran-scannersweep-color.dds"/>
        <AlertIcon value="Assets\Textures\btn-ability-terran-scannersweep-color.dds"/>
        <DefaultButtonLayout Row="1" Column="1"/>
    </CButton>
    <CButton id="ScannerSweepTopbar7">
        <Icon value="Assets\Textures\btn-ability-terran-scannersweep-color.dds"/>
        <AlertIcon value="Assets\Textures\btn-ability-terran-scannersweep-color.dds"/>
        <DefaultButtonLayout Row="1" Column="2"/>
    </CButton>
    <CButton id="ScannerSweepTopbar8">
        <Icon value="Assets\Textures\btn-ability-terran-scannersweep-color.dds"/>
        <AlertIcon value="Assets\Textures\btn-ability-terran-scannersweep-color.dds"/>
        <DefaultButtonLayout Row="1" Column="3"/>
    </CButton>
    <CButton id="ScannerSweepTopbar9">
        <Icon value="Assets\Textures\btn-ability-terran-scannersweep-color.dds"/>
        <AlertIcon value="Assets\Textures\btn-ability-terran-scannersweep-color.dds"/>
        <DefaultButtonLayout Row="1" Column="4"/>
    </CButton>
    <CButton id="ScannerSweepTopbar10">
        <Icon value="Assets\Textures\btn-ability-terran-scannersweep-color.dds"/>
        <AlertIcon value="Assets\Textures\btn-ability-terran-scannersweep-color.dds"/>
        <DefaultButtonLayout Row="2"/>
    </CButton>
    <CButton id="ScannerSweepTopbar11">
        <Icon value="Assets\Textures\btn-ability-terran-scannersweep-color.dds"/>
        <AlertIcon value="Assets\Textures\btn-ability-terran-scannersweep-color.dds"/>
        <DefaultButtonLayout Row="2" Column="1"/>
    </CButton>
    <CButton id="ScannerSweepTopbar12">
        <Icon value="Assets\Textures\btn-ability-terran-scannersweep-color.dds"/>
        <AlertIcon value="Assets\Textures\btn-ability-terran-scannersweep-color.dds"/>
        <DefaultButtonLayout Row="2" Column="2"/>
    </CButton>
    <CButton id="ScannerSweepTopbar13">
        <Icon value="Assets\Textures\btn-ability-terran-scannersweep-color.dds"/>
        <AlertIcon value="Assets\Textures\btn-ability-terran-scannersweep-color.dds"/>
        <DefaultButtonLayout Row="2" Column="3"/>
    </CButton>
    <CButton id="ScannerSweepTopbar14">
        <Icon value="Assets\Textures\btn-ability-terran-scannersweep-color.dds"/>
        <AlertIcon value="Assets\Textures\btn-ability-terran-scannersweep-color.dds"/>
        <DefaultButtonLayout Row="2" Column="4"/>
    </CButton>
    <CButton id="StarshipMercenaries3">
        <Icon value="Assets\Textures\btn-unit-terran-vikingmercenary-fighter.dds"/>
        <AlertIcon value="Assets\Textures\btn-unit-terran-vikingmercenary-fighter.dds"/>
        <DefaultButtonLayout Column="3"/>
    </CButton>
    <CButton id="StarshipMercenaries4">
        <Icon value="Assets\Textures\btn-unit-terran-vikingmercenary-fighter.dds"/>
        <AlertIcon value="Assets\Textures\btn-unit-terran-vikingmercenary-fighter.dds"/>
        <DefaultButtonLayout Column="4"/>
    </CButton>
    <CButton id="StarshipMercenaries5">
        <Icon value="Assets\Textures\btn-unit-terran-vikingmercenary-fighter.dds"/>
        <AlertIcon value="Assets\Textures\btn-unit-terran-vikingmercenary-fighter.dds"/>
        <DefaultButtonLayout Row="1"/>
    </CButton>
    <CButton id="StarshipMercenaries6">
        <Icon value="Assets\Textures\btn-unit-terran-vikingmercenary-fighter.dds"/>
        <AlertIcon value="Assets\Textures\btn-unit-terran-vikingmercenary-fighter.dds"/>
        <DefaultButtonLayout Row="1" Column="1"/>
    </CButton>
    <CButton id="StarshipMercenaries7">
        <Icon value="Assets\Textures\btn-unit-terran-vikingmercenary-fighter.dds"/>
        <AlertIcon value="Assets\Textures\btn-unit-terran-vikingmercenary-fighter.dds"/>
        <DefaultButtonLayout Row="1" Column="2"/>
    </CButton>
    <CButton id="StarshipMercenaries8">
        <Icon value="Assets\Textures\btn-unit-terran-vikingmercenary-fighter.dds"/>
        <AlertIcon value="Assets\Textures\btn-unit-terran-vikingmercenary-fighter.dds"/>
        <DefaultButtonLayout Row="1" Column="3"/>
    </CButton>
    <CButton id="StarshipMercenaries9">
        <Icon value="Assets\Textures\btn-unit-terran-vikingmercenary-fighter.dds"/>
        <AlertIcon value="Assets\Textures\btn-unit-terran-vikingmercenary-fighter.dds"/>
        <DefaultButtonLayout Row="1" Column="4"/>
    </CButton>
    <CButton id="StarshipMercenaries10">
        <Icon value="Assets\Textures\btn-unit-terran-vikingmercenary-fighter.dds"/>
        <AlertIcon value="Assets\Textures\btn-unit-terran-vikingmercenary-fighter.dds"/>
        <DefaultButtonLayout Row="2"/>
    </CButton>
    <CButton id="StarshipMercenaries11">
        <Icon value="Assets\Textures\btn-unit-terran-vikingmercenary-fighter.dds"/>
        <AlertIcon value="Assets\Textures\btn-unit-terran-vikingmercenary-fighter.dds"/>
        <DefaultButtonLayout Row="2" Column="1"/>
    </CButton>
    <CButton id="StarshipMercenaries12">
        <Icon value="Assets\Textures\btn-unit-terran-vikingmercenary-fighter.dds"/>
        <AlertIcon value="Assets\Textures\btn-unit-terran-vikingmercenary-fighter.dds"/>
        <DefaultButtonLayout Row="2" Column="2"/>
    </CButton>
    <CButton id="StarshipMercenaries13">
        <Icon value="Assets\Textures\btn-unit-terran-vikingmercenary-fighter.dds"/>
        <AlertIcon value="Assets\Textures\btn-unit-terran-vikingmercenary-fighter.dds"/>
        <DefaultButtonLayout Row="2" Column="3"/>
    </CButton>
    <CButton id="StarshipMercenaries14">
        <Icon value="Assets\Textures\btn-unit-terran-vikingmercenary-fighter.dds"/>
        <AlertIcon value="Assets\Textures\btn-unit-terran-vikingmercenary-fighter.dds"/>
        <DefaultButtonLayout Row="2" Column="4"/>
    </CButton>
</Catalog>
