<?xml version="1.0" encoding="utf-8"?>
<Catalog>
    <CButton id="AresClassWeaponsSystem">
        <Icon value="Assets\Textures\btn-upgrade-terran-buildingarmor.dds"/>
    </CButton>
    <!--
Find: ^'(.+?) (.+)
Replace: \t<CButton id="\13">\r\n\t\t<Icon value="\2"/>\r\n\t\t<AlertIcon value="\2"/>\r\n\t\t<DefaultButtonLayout Column="3"/>\r\n\t</CButton>\r\n\t<CButton id="\14">\r\n\t\t<Icon value="\2"/>\r\n\t\t<AlertIcon value="\2"/>\r\n\t\t<DefaultButtonLayout Column="4"/>\r\n\t</CButton>\r\n\t<CButton id="\15">\r\n\t\t<Icon value="\2"/>\r\n\t\t<AlertIcon value="\2"/>\r\n\t\t<DefaultButtonLayout Row="1"/>\r\n\t</CButton>\r\n\t<CButton id="\16">\r\n\t\t<Icon value="\2"/>\r\n\t\t<AlertIcon value="\2"/>\r\n\t\t<DefaultButtonLayout Row="1"/>\r\n\t\t<DefaultButtonLayout Column="1"/>\r\n\t</CButton>\r\n\t<CButton id="\17">\r\n\t\t<Icon value="\2"/>\r\n\t\t<AlertIcon value="\2"/>\r\n\t\t<DefaultButtonLayout Row="1"/>\r\n\t\t<DefaultButtonLayout Column="2"/>\r\n\t</CButton>\r\n\t<CButton id="\18">\r\n\t\t<Icon value="\2"/>\r\n\t\t<AlertIcon value="\2"/>\r\n\t\t<DefaultButtonLayout Row="1"/>\r\n\t\t<DefaultButtonLayout Column="3"/>\r\n\t</CButton>\r\n\t<CButton id="\19">\r\n\t\t<Icon value="\2"/>\r\n\t\t<AlertIcon value="\2"/>\r\n\t\t<DefaultButtonLayout Row="1"/>\r\n\t\t<DefaultButtonLayout Column="4"/>\r\n\t</CButton>\r\n\t<CButton id="\110">\r\n\t\t<Icon value="\2"/>\r\n\t\t<AlertIcon value="\2"/>\r\n\t\t<DefaultButtonLayout Row="2"/>\r\n\t</CButton>\r\n\t<CButton id="\111">\r\n\t\t<Icon value="\2"/>\r\n\t\t<AlertIcon value="\2"/>\r\n\t\t<DefaultButtonLayout Row="2"/>\r\n\t\t<DefaultButtonLayout Column="1"/>\r\n\t</CButton>\r\n\t<CButton id="\112">\r\n\t\t<Icon value="\2"/>\r\n\t\t<AlertIcon value="\2"/>\r\n\t\t<DefaultButtonLayout Row="2"/>\r\n\t\t<DefaultButtonLayout Column="2"/>\r\n\t</CButton>\r\n\t<CButton id="\113">\r\n\t\t<Icon value="\2"/>\r\n\t\t<AlertIcon value="\2"/>\r\n\t\t<DefaultButtonLayout Row="2"/>\r\n\t\t<DefaultButtonLayout Column="3"/>\r\n\t</CButton>\r\n\t<CButton id="\114">\r\n\t\t<Icon value="\2"/>\r\n\t\t<AlertIcon value="\2"/>\r\n\t\t<DefaultButtonLayout Row="2"/>\r\n\t\t<DefaultButtonLayout Column="4"/>\r\n\t</CButton>
-->
    <CButton id="AstralProjection">
        <Icon value="Assets\Textures\btn-ability-protoss-hallucination-color.dds"/>
        <AlertIcon value="Assets\Textures\btn-ability-protoss-hallucination-color.dds"/>
        <EditorCategories value="Race:Protoss"/>
        <HotkeyAlias value="Hallucination"/>
        <DefaultButtonLayout Row="1" Column="1"/>
    </CButton>
    <CButton id="BioSpeed">
        <Icon value="Assets\Textures\btn-ability-protoss-charge-color.dds"/>
        <AlertIcon value="Assets\Textures\btn-ability-protoss-charge-color.dds"/>
    </CButton>
    <CButton id="CallInGoldenArmada3">
        <Icon value="Assets\Textures\btn-top-hornerhan-fleetcalldown.dds"/>
        <AlertIcon value="Assets\Textures\btn-top-hornerhan-fleetcalldown.dds"/>
        <DefaultButtonLayout Column="3"/>
    </CButton>
    <CButton id="CallInGoldenArmada4">
        <Icon value="Assets\Textures\btn-top-hornerhan-fleetcalldown.dds"/>
        <AlertIcon value="Assets\Textures\btn-top-hornerhan-fleetcalldown.dds"/>
        <DefaultButtonLayout Column="4"/>
    </CButton>
    <CButton id="CallInGoldenArmada5">
        <Icon value="Assets\Textures\btn-top-hornerhan-fleetcalldown.dds"/>
        <AlertIcon value="Assets\Textures\btn-top-hornerhan-fleetcalldown.dds"/>
        <DefaultButtonLayout Row="1"/>
    </CButton>
    <CButton id="CallInGoldenArmada6">
        <Icon value="Assets\Textures\btn-top-hornerhan-fleetcalldown.dds"/>
        <AlertIcon value="Assets\Textures\btn-top-hornerhan-fleetcalldown.dds"/>
        <DefaultButtonLayout Row="1" Column="1"/>
    </CButton>
    <CButton id="CallInGoldenArmada7">
        <Icon value="Assets\Textures\btn-top-hornerhan-fleetcalldown.dds"/>
        <AlertIcon value="Assets\Textures\btn-top-hornerhan-fleetcalldown.dds"/>
        <DefaultButtonLayout Row="1" Column="2"/>
    </CButton>
    <CButton id="CallInGoldenArmada8">
        <Icon value="Assets\Textures\btn-top-hornerhan-fleetcalldown.dds"/>
        <AlertIcon value="Assets\Textures\btn-top-hornerhan-fleetcalldown.dds"/>
        <DefaultButtonLayout Row="1" Column="3"/>
    </CButton>
    <CButton id="CallInGoldenArmada9">
        <Icon value="Assets\Textures\btn-top-hornerhan-fleetcalldown.dds"/>
        <AlertIcon value="Assets\Textures\btn-top-hornerhan-fleetcalldown.dds"/>
        <DefaultButtonLayout Row="1" Column="4"/>
    </CButton>
    <CButton id="CallInGoldenArmada10">
        <Icon value="Assets\Textures\btn-top-hornerhan-fleetcalldown.dds"/>
        <AlertIcon value="Assets\Textures\btn-top-hornerhan-fleetcalldown.dds"/>
        <DefaultButtonLayout Row="2"/>
    </CButton>
    <CButton id="CallInGoldenArmada11">
        <Icon value="Assets\Textures\btn-top-hornerhan-fleetcalldown.dds"/>
        <AlertIcon value="Assets\Textures\btn-top-hornerhan-fleetcalldown.dds"/>
        <DefaultButtonLayout Row="2" Column="1"/>
    </CButton>
    <CButton id="CallInGoldenArmada12">
        <Icon value="Assets\Textures\btn-top-hornerhan-fleetcalldown.dds"/>
        <AlertIcon value="Assets\Textures\btn-top-hornerhan-fleetcalldown.dds"/>
        <DefaultButtonLayout Row="2" Column="2"/>
    </CButton>
    <CButton id="CallInGoldenArmada13">
        <Icon value="Assets\Textures\btn-top-hornerhan-fleetcalldown.dds"/>
        <AlertIcon value="Assets\Textures\btn-top-hornerhan-fleetcalldown.dds"/>
        <DefaultButtonLayout Row="2" Column="3"/>
    </CButton>
    <CButton id="CallInGoldenArmada14">
        <Icon value="Assets\Textures\btn-top-hornerhan-fleetcalldown.dds"/>
        <AlertIcon value="Assets\Textures\btn-top-hornerhan-fleetcalldown.dds"/>
        <DefaultButtonLayout Row="2" Column="4"/>
    </CButton>
    <CButton id="CausticSpray">
        <Icon value="Assets\Textures\btn-ability-zerg-causticspray.dds"/>
        <AlertIcon value="Assets\Textures\btn-ability-zerg-causticspray.dds"/>
        <EditorCategories value="Race:Zerg"/>
    </CButton>
    <CButton id="Decal_Terran_0047_01">
        <Tooltip value="Button/Tooltip/Decal_Terran_0047_01"/>
        <AlertTooltip value="Button/Tooltip/Decal_Terran_0047_01"/>
        <AlertIcon value="Assets\Textures\Decal_Terran_0047_01.dds"/>
    </CButton>
    <CButton id="DevastationAOE">
        <Icon value="Assets\Textures\btn-ability-terran-unstablepayload.dds"/>
        <AlertIcon value="Assets\Textures\btn-ability-terran-unstablepayload.dds"/>
    </CButton>
    <CButton id="EMPSpectre">
        <Icon value="Assets\Textures\btn-ability-terran-emp-color.dds"/>
        <AlertIcon value="Assets\Textures\btn-ability-terran-emp-color.dds"/>
        <EditorCategories value="Race:Terran"/>
        <HotkeyAlias value="EMP"/>
        <DefaultButtonLayout Row="2" Column="1"/>
    </CButton>
    <CButton id="FenixDragoonAirBomb">
        <TooltipAppender Validator="HaveChargeBuster" Text="Button/Tooltip/FenixDragoonAirBombCharged"/>
        <Icon value="Assets\Textures\btn-upgrade-protoss-fenix-dragoonsolariteflare.dds"/>
        <AlertIcon value="Assets\Textures\btn-upgrade-protoss-fenix-dragoonsolariteflare.dds"/>
        <EditorCategories value="Race:Protoss"/>
    </CButton>
    <CButton id="Firebat">
        <AlertIcon value="Assets\Textures\btn-squad-terran-firebat.dds"/>
        <Icon value="Assets\Textures\btn-squad-terran-firebat.dds"/>
    </CButton>
    <CButton id="FirebatSquad">
        <Icon value="Assets\Textures\btn-squad-terran-firebat.dds"/>
        <AlertIcon value="Assets\Textures\btn-squad-terran-firebat.dds"/>
        <EditorCategories value="Race:Terran"/>
        <HotkeyAlias value="Firebat"/>
    </CButton>
    <CButton id="FirebatSquad2">
        <Icon value="Assets\Textures\btn-squad-terran-firebatmercenary.dds"/>
        <AlertIcon value="Assets\Textures\btn-squad-terran-firebatmercenary.dds"/>
        <EditorCategories value="Race:Terran"/>
        <HotkeyAlias value="Firebat"/>
    </CButton>
    <CButton id="ForgottenParaphernalia">
        <Icon value="Assets\Textures\btn-upgrade-protoss-groundweaponslevel3.dds"/>
        <AlertIcon value="Assets\Textures\btn-upgrade-protoss-groundweaponslevel3.dds"/>
    </CButton>
    <CButton id="GravityRift">
        <Icon value="Assets\Textures\BTN-Ability-Protoss-Blackhole-color.dds"/>
        <AlertIcon value="Assets\Textures\BTN-Ability-Protoss-Blackhole-color.dds"/>
        <EditorCategories value="Race:Terran"/>
    </CButton>
    <CButton id="HiveMindEmulator10">
        <Icon value="Assets\Textures\btn-research-zerg-hivemindemulator.dds"/>
        <AlertIcon value="Assets\Textures\btn-research-zerg-hivemindemulator.dds"/>
        <EditorCategories value="Race:Terran"/>
        <HotkeyAlias value="HiveMindEmulator3"/>
        <DefaultButtonLayout Row="2"/>
    </CButton>
    <CButton id="HiveMindEmulator11">
        <Icon value="Assets\Textures\btn-research-zerg-hivemindemulator.dds"/>
        <AlertIcon value="Assets\Textures\btn-research-zerg-hivemindemulator.dds"/>
        <EditorCategories value="Race:Terran"/>
        <HotkeyAlias value="HiveMindEmulator3"/>
        <DefaultButtonLayout Row="2" Column="1"/>
    </CButton>
    <CButton id="HiveMindEmulator12">
        <Icon value="Assets\Textures\btn-research-zerg-hivemindemulator.dds"/>
        <AlertIcon value="Assets\Textures\btn-research-zerg-hivemindemulator.dds"/>
        <EditorCategories value="Race:Terran"/>
        <HotkeyAlias value="HiveMindEmulator3"/>
        <DefaultButtonLayout Row="2" Column="2"/>
    </CButton>
    <CButton id="HiveMindEmulator13">
        <Icon value="Assets\Textures\btn-research-zerg-hivemindemulator.dds"/>
        <AlertIcon value="Assets\Textures\btn-research-zerg-hivemindemulator.dds"/>
        <EditorCategories value="Race:Terran"/>
        <HotkeyAlias value="HiveMindEmulator3"/>
        <DefaultButtonLayout Row="2" Column="3"/>
    </CButton>
    <CButton id="HiveMindEmulator14">
        <Icon value="Assets\Textures\btn-research-zerg-hivemindemulator.dds"/>
        <AlertIcon value="Assets\Textures\btn-research-zerg-hivemindemulator.dds"/>
        <EditorCategories value="Race:Terran"/>
        <HotkeyAlias value="HiveMindEmulator3"/>
        <DefaultButtonLayout Row="2" Column="4"/>
    </CButton>
    <CButton id="HiveMindEmulator3">
        <Icon value="Assets\Textures\btn-research-zerg-hivemindemulator.dds"/>
        <AlertIcon value="Assets\Textures\btn-research-zerg-hivemindemulator.dds"/>
        <EditorCategories value="Race:Terran"/>
        <DefaultButtonLayout Column="3"/>
    </CButton>
    <CButton id="InfantryMercenariesPassive">
        <Icon value="Assets\Textures\btn-unit-terran-marinemercenary.dds"/>
        <AlertIcon value="Assets\Textures\btn-unit-terran-marinemercenary.dds"/>
        <HotkeyAlias value="InfantryMercenaries3"/>
        <DefaultButtonLayout Column="3"/>
    </CButton>
    <CButton id="MaelstromRounds">
        <Icon value="Assets\Textures\btn-upgrade-terran-transformationservos.dds"/>
    </CButton>
    <CButton id="Marauder">
        <Icon value="Assets\Textures\btn-squad-terran-marauder.dds"/>
    </CButton>
    <CButton id="MarauderSquad">
        <Icon value="Assets\Textures\btn-squad-terran-marauder.dds"/>
        <AlertIcon value="Assets\Textures\btn-squad-terran-marauder.dds"/>
        <EditorCategories value="Race:Terran"/>
        <HotkeyAlias value="Marauder"/>
    </CButton>
    <CButton id="MarauderSquad2">
        <Icon value="Assets\Textures\btn-squad-terran-maraudermercenary.dds"/>
        <AlertIcon value="Assets\Textures\btn-squad-terran-maraudermercenary.dds"/>
        <EditorCategories value="Race:Terran"/>
        <HotkeyAlias value="Marauder"/>
    </CButton>
    <CButton id="Marine">
        <Icon value="Assets\Textures\btn-squad-terran-marine.dds"/>
    </CButton>
    <CButton id="MarineSquad">
        <Icon value="Assets\Textures\btn-squad-terran-marine.dds"/>
        <AlertIcon value="Assets\Textures\btn-squad-terran-marine.dds"/>
        <EditorCategories value="Race:Terran"/>
        <HotkeyAlias value="Marine"/>
    </CButton>
    <CButton id="MarineSquad2">
        <Icon value="Assets\Textures\btn-squad-terran-marinemercenary.dds"/>
        <AlertIcon value="Assets\Textures\btn-squad-terran-marinemercenary.dds"/>
        <EditorCategories value="Race:Terran"/>
        <HotkeyAlias value="Marine"/>
    </CButton>
    <CButton id="Medic">
        <Icon value="Assets\Textures\btn-squad-terran-medic.dds"/>
    </CButton>
    <CButton id="MedicSquad">
        <Icon value="Assets\Textures\btn-squad-terran-medic.dds"/>
        <AlertIcon value="Assets\Textures\btn-squad-terran-medic.dds"/>
        <EditorCategories value="Race:Terran"/>
        <HotkeyAlias value="Medic"/>
    </CButton>
    <CButton id="MedicCapturePassive">
        <Icon value="Assets\Textures\captureability.dds"/>
        <AlertIcon value="Assets\Textures\captureability.dds"/>
    </CButton>
    <CButton id="NeutralStructurePassive"/>
    <CButton id="RallySCV">
        <Icon value="Assets\Textures\btn-ability-terran-setworkerrallypoint.dds"/>
        <AlertIcon value="Assets\Textures\btn-ability-zerg-setworkerrallypoint.dds"/>
        <EditorCategories value="Race:Neutral"/>
        <TintRacially value="1"/>
        <HotkeyAlias value="RallyEgg"/>
        <Universal value="1"/>
    </CButton>
    <CButton id="RavenRepairDrone">
        <Icon value="Assets\Textures\btn-upgrade-terran-nova-defensivedrone.dds"/>
        <AlertIcon value="Assets\Textures\btn-upgrade-terran-nova-defensivedrone.dds"/>
    </CButton>
    <CButton id="RavenScramblerMissile">
        <Icon value="Assets\Textures\btn-upgrade-terran-interferencematrix.dds"/>
        <AlertIcon value="Assets\Textures\btn-upgrade-terran-interferencematrix.dds"/>
        <EditorCategories value="Race:Terran"/>
    </CButton>
    <CButton id="Reaper">
        <AlertIcon value="Assets\Textures\btn-squad-terran-reaper.dds"/>
        <Icon value="Assets\Textures\btn-squad-terran-reaper.dds"/>
    </CButton>
    <CButton id="ReaperBombBuildings">
        <Icon value="Assets\Textures\btn-upgrade-terran-kd8chargeex3.dds"/>
        <AlertIcon value="Assets\Textures\btn-upgrade-terran-kd8chargeex3.dds"/>
    </CButton>
    <CButton id="ReaperNotBombBuildings">
        <Icon value="Assets\Textures\btn-upgrade-terran-infantryweaponslevel0.dds"/>
        <AlertIcon value="Assets\Textures\btn-upgrade-terran-infantryweaponslevel0.dds"/>
    </CButton>
    <CButton id="ReaperSquad">
        <Icon value="Assets\Textures\btn-squad-terran-reaper.dds"/>
        <AlertIcon value="Assets\Textures\btn-squad-terran-reaper.dds"/>
        <EditorCategories value="Race:Terran"/>
        <HotkeyAlias value="Reaper"/>
    </CButton>
    <CButton id="ResearchScannerPacks">
        <Icon value="Assets\Textures\btn-ability-terran-scannersweep-color.dds"/>
        <AlertIcon value="Assets\Textures\btn-ability-terran-scannersweep-color.dds"/>
        <DefaultButtonLayout Row="1"/>
    </CButton>
    <CButton id="ResearchTitanEngines">
        <Icon value="Assets\Textures\btn-ability-terran-emergencythrusters.dds"/>
        <AlertIcon value="Assets\Textures\btn-ability-terran-emergencythrusters.dds"/>
        <DefaultButtonLayout Row="1" Column="1"/>
    </CButton>
    <CButton id="SOAMothershipLineAttack">
        <Icon value="Assets\Textures\btn-ability-protoss-thermallance.dds"/>
        <AlertIcon value="Assets\Textures\btn-ability-protoss-thermallance.dds"/>
        <EditorCategories value="Race:Protoss"/>
    </CButton>
    <CButton id="StarshipMercenariesPassive">
        <Icon value="Assets\Textures\btn-unit-terran-vikingmercenary-fighter.dds"/>
        <AlertIcon value="Assets\Textures\btn-unit-terran-vikingmercenary-fighter.dds"/>
        <HotkeyAlias value="StarshipMercenaries3"/>
        <DefaultButtonLayout Column="3"/>
    </CButton>
    <CButton id="TakeParts">
        <Icon value="Assets\Textures\btn-techupgrade-terran-immortalityprotocol.dds"/>
        <AlertIcon value="Assets\Textures\btn-techupgrade-terran-immortalityprotocol.dds"/>
        <DefaultButtonLayout Row="2" Column="1"/>
    </CButton>
    <CButton id="ChronoDevice3">
        <Icon value="Assets\Textures\btn-ability-terran-chronoriftdevice.dds"/>
        <AlertIcon value="Assets\Textures\btn-ability-terran-chronoriftdevice.dds"/>
        <DefaultButtonLayout Column="3"/>
    </CButton>
    <CButton id="ChronoDevice4">
        <Icon value="Assets\Textures\btn-ability-terran-chronoriftdevice.dds"/>
        <AlertIcon value="Assets\Textures\btn-ability-terran-chronoriftdevice.dds"/>
        <DefaultButtonLayout Column="4"/>
    </CButton>
    <CButton id="ChronoDevice5">
        <Icon value="Assets\Textures\btn-ability-terran-chronoriftdevice.dds"/>
        <AlertIcon value="Assets\Textures\btn-ability-terran-chronoriftdevice.dds"/>
        <DefaultButtonLayout Row="1"/>
    </CButton>
    <CButton id="ChronoDevice6">
        <Icon value="Assets\Textures\btn-ability-terran-chronoriftdevice.dds"/>
        <AlertIcon value="Assets\Textures\btn-ability-terran-chronoriftdevice.dds"/>
        <DefaultButtonLayout Row="1" Column="1"/>
    </CButton>
    <CButton id="ChronoDevice7">
        <Icon value="Assets\Textures\btn-ability-terran-chronoriftdevice.dds"/>
        <AlertIcon value="Assets\Textures\btn-ability-terran-chronoriftdevice.dds"/>
        <DefaultButtonLayout Row="1" Column="2"/>
    </CButton>
    <CButton id="ChronoDevice8">
        <Icon value="Assets\Textures\btn-ability-terran-chronoriftdevice.dds"/>
        <AlertIcon value="Assets\Textures\btn-ability-terran-chronoriftdevice.dds"/>
        <DefaultButtonLayout Row="1" Column="3"/>
    </CButton>
    <CButton id="ChronoDevice9">
        <Icon value="Assets\Textures\btn-ability-terran-chronoriftdevice.dds"/>
        <AlertIcon value="Assets\Textures\btn-ability-terran-chronoriftdevice.dds"/>
        <DefaultButtonLayout Row="1" Column="4"/>
    </CButton>
    <CButton id="ChronoDevice10">
        <Icon value="Assets\Textures\btn-ability-terran-chronoriftdevice.dds"/>
        <AlertIcon value="Assets\Textures\btn-ability-terran-chronoriftdevice.dds"/>
        <DefaultButtonLayout Row="2"/>
    </CButton>
    <CButton id="ChronoDevice11">
        <Icon value="Assets\Textures\btn-ability-terran-chronoriftdevice.dds"/>
        <AlertIcon value="Assets\Textures\btn-ability-terran-chronoriftdevice.dds"/>
        <DefaultButtonLayout Row="2" Column="1"/>
    </CButton>
    <CButton id="ChronoDevice12">
        <Icon value="Assets\Textures\btn-ability-terran-chronoriftdevice.dds"/>
        <AlertIcon value="Assets\Textures\btn-ability-terran-chronoriftdevice.dds"/>
        <DefaultButtonLayout Row="2" Column="2"/>
    </CButton>
    <CButton id="ChronoDevice13">
        <Icon value="Assets\Textures\btn-ability-terran-chronoriftdevice.dds"/>
        <AlertIcon value="Assets\Textures\btn-ability-terran-chronoriftdevice.dds"/>
        <DefaultButtonLayout Row="2" Column="3"/>
    </CButton>
    <CButton id="ChronoDevice14">
        <Icon value="Assets\Textures\btn-ability-terran-chronoriftdevice.dds"/>
        <AlertIcon value="Assets\Textures\btn-ability-terran-chronoriftdevice.dds"/>
        <DefaultButtonLayout Row="2" Column="4"/>
    </CButton>
    <CButton id="TakeTheDrill2">
        <Icon value="Assets\Textures\btn-tips-laserdrillcontrol.dds"/>
        <AlertIcon value="Assets\Textures\btn-tips-laserdrillcontrol.dds"/>
        <HotkeyAlias value="TakeTheDrill"/>
    </CButton>
    <CButton id="TerranVehicleWeaponsUltraCapacitorsLevel2"/>
    <CButton id="VehicleMercenariesPassive">
        <Icon value="Assets\Textures\btn-unit-terran-siegetankmercenary-tank.dds"/>
        <AlertIcon value="Assets\Textures\btn-unit-terran-siegetankmercenary-tank.dds"/>
        <HotkeyAlias value="VehicleMercenaries10"/>
        <DefaultButtonLayout Row="2"/>
    </CButton>
    <CButton id="Veterancy">
        <Icon value="Assets\Textures\btn-upgrade-mengsk-veterancy.dds"/>
        <AlertIcon value="Assets\Textures\btn-upgrade-mengsk-veterancy.dds"/>
    </CButton>
    <CButton id="VultureEMPPassive">
        <Icon value="Assets\Textures\btn-ability-terran-emp-color.dds"/>
        <AlertIcon value="Assets\Textures\btn-ability-terran-emp-color.dds"/>
    </CButton>
    <CButton id="ZergHypervirus3">
        <Icon value="Assets\Textures\btn-ability-zerg-neuralparasite-color.dds"/>
        <AlertIcon value="Assets\Textures\btn-ability-zerg-neuralparasite-color.dds"/>
        <DefaultButtonLayout Column="3"/>
        <Hotkey value="Button/Hotkey/ZergHypervirus10"/>
    </CButton>
    <CButton id="CallDarkTemplar3">
        <Icon value="Assets\Textures\btn-upgrade-vorazun-summonshadowguard.dds"/>
        <AlertIcon value="Assets\Textures\btn-upgrade-vorazun-summonshadowguard.dds"/>
        <DefaultButtonLayout Column="3"/>
    </CButton>
    <CButton id="CallDarkTemplar4">
        <Icon value="Assets\Textures\btn-upgrade-vorazun-summonshadowguard.dds"/>
        <AlertIcon value="Assets\Textures\btn-upgrade-vorazun-summonshadowguard.dds"/>
        <DefaultButtonLayout Column="4"/>
    </CButton>
    <CButton id="CallDarkTemplar5">
        <Icon value="Assets\Textures\btn-upgrade-vorazun-summonshadowguard.dds"/>
        <AlertIcon value="Assets\Textures\btn-upgrade-vorazun-summonshadowguard.dds"/>
        <DefaultButtonLayout Row="1"/>
    </CButton>
    <CButton id="CallDarkTemplar6">
        <Icon value="Assets\Textures\btn-upgrade-vorazun-summonshadowguard.dds"/>
        <AlertIcon value="Assets\Textures\btn-upgrade-vorazun-summonshadowguard.dds"/>
        <DefaultButtonLayout Row="1" Column="1"/>
    </CButton>
    <CButton id="CallDarkTemplar7">
        <Icon value="Assets\Textures\btn-upgrade-vorazun-summonshadowguard.dds"/>
        <AlertIcon value="Assets\Textures\btn-upgrade-vorazun-summonshadowguard.dds"/>
        <DefaultButtonLayout Row="1" Column="2"/>
    </CButton>
    <CButton id="CallDarkTemplar8">
        <Icon value="Assets\Textures\btn-upgrade-vorazun-summonshadowguard.dds"/>
        <AlertIcon value="Assets\Textures\btn-upgrade-vorazun-summonshadowguard.dds"/>
        <DefaultButtonLayout Row="1" Column="3"/>
    </CButton>
    <CButton id="CallDarkTemplar9">
        <Icon value="Assets\Textures\btn-upgrade-vorazun-summonshadowguard.dds"/>
        <AlertIcon value="Assets\Textures\btn-upgrade-vorazun-summonshadowguard.dds"/>
        <DefaultButtonLayout Row="1" Column="4"/>
    </CButton>
    <CButton id="CallDarkTemplar10">
        <Icon value="Assets\Textures\btn-upgrade-vorazun-summonshadowguard.dds"/>
        <AlertIcon value="Assets\Textures\btn-upgrade-vorazun-summonshadowguard.dds"/>
        <DefaultButtonLayout Row="2"/>
    </CButton>
    <CButton id="CallDarkTemplar11">
        <Icon value="Assets\Textures\btn-upgrade-vorazun-summonshadowguard.dds"/>
        <AlertIcon value="Assets\Textures\btn-upgrade-vorazun-summonshadowguard.dds"/>
        <DefaultButtonLayout Row="2" Column="1"/>
    </CButton>
    <CButton id="CallDarkTemplar12">
        <Icon value="Assets\Textures\btn-upgrade-vorazun-summonshadowguard.dds"/>
        <AlertIcon value="Assets\Textures\btn-upgrade-vorazun-summonshadowguard.dds"/>
        <DefaultButtonLayout Row="2" Column="2"/>
    </CButton>
    <CButton id="CallDarkTemplar13">
        <Icon value="Assets\Textures\btn-upgrade-vorazun-summonshadowguard.dds"/>
        <AlertIcon value="Assets\Textures\btn-upgrade-vorazun-summonshadowguard.dds"/>
        <DefaultButtonLayout Row="2" Column="3"/>
    </CButton>
    <CButton id="CallDarkTemplar14">
        <Icon value="Assets\Textures\btn-upgrade-vorazun-summonshadowguard.dds"/>
        <AlertIcon value="Assets\Textures\btn-upgrade-vorazun-summonshadowguard.dds"/>
        <DefaultButtonLayout Row="2" Column="4"/>
    </CButton>
    <CButton id="ZergHypervirus4">
        <Icon value="Assets\Textures\btn-ability-zerg-neuralparasite-color.dds"/>
        <AlertIcon value="Assets\Textures\btn-ability-zerg-neuralparasite-color.dds"/>
        <DefaultButtonLayout Column="4"/>
    </CButton>
    <CButton id="ZergHypervirus5">
        <Icon value="Assets\Textures\btn-ability-zerg-neuralparasite-color.dds"/>
        <AlertIcon value="Assets\Textures\btn-ability-zerg-neuralparasite-color.dds"/>
        <DefaultButtonLayout Row="1"/>
    </CButton>
    <CButton id="ZergHypervirus6">
        <Icon value="Assets\Textures\btn-ability-zerg-neuralparasite-color.dds"/>
        <AlertIcon value="Assets\Textures\btn-ability-zerg-neuralparasite-color.dds"/>
        <DefaultButtonLayout Row="1" Column="1"/>
    </CButton>
    <CButton id="ZergHypervirus7">
        <Icon value="Assets\Textures\btn-ability-zerg-neuralparasite-color.dds"/>
        <AlertIcon value="Assets\Textures\btn-ability-zerg-neuralparasite-color.dds"/>
        <DefaultButtonLayout Row="1" Column="2"/>
    </CButton>
    <CButton id="ZergHypervirus8">
        <Icon value="Assets\Textures\btn-ability-zerg-neuralparasite-color.dds"/>
        <AlertIcon value="Assets\Textures\btn-ability-zerg-neuralparasite-color.dds"/>
        <DefaultButtonLayout Row="1" Column="3"/>
    </CButton>
    <CButton id="ZergHypervirus9">
        <Icon value="Assets\Textures\btn-ability-zerg-neuralparasite-color.dds"/>
        <AlertIcon value="Assets\Textures\btn-ability-zerg-neuralparasite-color.dds"/>
        <DefaultButtonLayout Row="1" Column="4"/>
    </CButton>
    <CButton id="ZergHypervirus10">
        <Icon value="Assets\Textures\btn-ability-zerg-neuralparasite-color.dds"/>
        <AlertIcon value="Assets\Textures\btn-ability-zerg-neuralparasite-color.dds"/>
        <DefaultButtonLayout Row="2"/>
    </CButton>
    <CButton id="ZergHypervirus11">
        <Icon value="Assets\Textures\btn-ability-zerg-neuralparasite-color.dds"/>
        <AlertIcon value="Assets\Textures\btn-ability-zerg-neuralparasite-color.dds"/>
        <DefaultButtonLayout Row="2" Column="1"/>
    </CButton>
    <CButton id="ZergHypervirus12">
        <Icon value="Assets\Textures\btn-ability-zerg-neuralparasite-color.dds"/>
        <AlertIcon value="Assets\Textures\btn-ability-zerg-neuralparasite-color.dds"/>
        <DefaultButtonLayout Row="2" Column="2"/>
    </CButton>
    <CButton id="ZergHypervirus13">
        <Icon value="Assets\Textures\btn-ability-zerg-neuralparasite-color.dds"/>
        <AlertIcon value="Assets\Textures\btn-ability-zerg-neuralparasite-color.dds"/>
        <DefaultButtonLayout Row="2" Column="3"/>
    </CButton>
    <CButton id="ZergHypervirus14">
        <Icon value="Assets\Textures\btn-ability-zerg-neuralparasite-color.dds"/>
        <AlertIcon value="Assets\Textures\btn-ability-zerg-neuralparasite-color.dds"/>
        <DefaultButtonLayout Row="2" Column="4"/>
    </CButton>
    <CButton id="HiveMindEmulator4">
        <Icon value="Assets\Textures\btn-research-zerg-hivemindemulator.dds"/>
        <AlertIcon value="Assets\Textures\btn-research-zerg-hivemindemulator.dds"/>
        <EditorCategories value="Race:Terran"/>
        <HotkeyAlias value="HiveMindEmulator3"/>
        <DefaultButtonLayout Column="4"/>
    </CButton>
    <CButton id="HiveMindEmulator5">
        <Icon value="Assets\Textures\btn-research-zerg-hivemindemulator.dds"/>
        <AlertIcon value="Assets\Textures\btn-research-zerg-hivemindemulator.dds"/>
        <EditorCategories value="Race:Terran"/>
        <HotkeyAlias value="HiveMindEmulator3"/>
        <DefaultButtonLayout Row="1"/>
    </CButton>
    <CButton id="HiveMindEmulator6">
        <Icon value="Assets\Textures\btn-research-zerg-hivemindemulator.dds"/>
        <AlertIcon value="Assets\Textures\btn-research-zerg-hivemindemulator.dds"/>
        <EditorCategories value="Race:Terran"/>
        <HotkeyAlias value="HiveMindEmulator3"/>
        <DefaultButtonLayout Row="1" Column="1"/>
    </CButton>
    <CButton id="HiveMindEmulator7">
        <Icon value="Assets\Textures\btn-research-zerg-hivemindemulator.dds"/>
        <AlertIcon value="Assets\Textures\btn-research-zerg-hivemindemulator.dds"/>
        <EditorCategories value="Race:Terran"/>
        <HotkeyAlias value="HiveMindEmulator3"/>
        <DefaultButtonLayout Row="1" Column="2"/>
    </CButton>
    <CButton id="HiveMindEmulator8">
        <Icon value="Assets\Textures\btn-research-zerg-hivemindemulator.dds"/>
        <AlertIcon value="Assets\Textures\btn-research-zerg-hivemindemulator.dds"/>
        <EditorCategories value="Race:Terran"/>
        <HotkeyAlias value="HiveMindEmulator3"/>
        <DefaultButtonLayout Row="1" Column="3"/>
    </CButton>
    <CButton id="HiveMindEmulator9">
        <Icon value="Assets\Textures\btn-research-zerg-hivemindemulator.dds"/>
        <AlertIcon value="Assets\Textures\btn-research-zerg-hivemindemulator.dds"/>
        <EditorCategories value="Race:Terran"/>
        <HotkeyAlias value="HiveMindEmulator3"/>
        <DefaultButtonLayout Row="1" Column="4"/>
    </CButton>
    <CButton id="HyperflightRotors">
        <Icon value="Assets\Textures\btn-upgrade-terran-hyperflightrotors.dds"/>
        <AlertIcon value="Assets\Textures\btn-upgrade-terran-hyperflightrotors.dds"/>
        <DefaultButtonLayout Row="1"/>
    </CButton>
    <CButton id="LongRangeMassRecall">
        <Icon value="Assets\Textures\btn-ability-spearofadun-massrecall.dds"/>
        <AlertIcon value="Assets\Textures\btn-ability-spearofadun-massrecall.dds"/>
        <DefaultButtonLayout Row="1"/>
    </CButton>
    <CButton id="MedivacLoadNearby">
        <Icon value="Assets\Textures\btn-ability-terran-load.dds"/>
        <AlertIcon value="Assets\Textures\btn-ability-terran-load.dds"/>
        <Hotkey value="Button/Hotkey/CommandCenterLoad"/>
        <EditorCategories value="Race:Terran"/>
        <TintRacially value="1"/>
        <HotkeyAlias value="CommandCenterLoad"/>
        <Universal value="1"/>
        <DefaultButtonLayout Row="1" Column="2"/>
    </CButton>
    <!--<c val="f078ff">Heals <d ref="Effect,NovaHeal,RechargeVitalRate"/> life per second for <d ref="Effect,NovaHeal,RechargeVitalRate * Effect,NovaHeal,DrainVitalCostFactor"/> energy.</c>-->
    <CButton id="NovaHeal">
        <Icon value="Assets\Textures\btn-upgrade-zerg-abathur-improvedmend.dds"/>
        <AlertIcon value="Assets\Textures\btn-upgrade-zerg-abathur-improvedmend.dds"/>
        <DefaultButtonLayout Row="1" Column="2"/>
    </CButton>
    <CButton id="PsiDisruptor10">
        <Icon value="Assets\Textures\btn-research-zerg-psidisruptor.dds"/>
        <AlertIcon value="Assets\Textures\btn-research-zerg-psidisruptor.dds"/>
        <EditorCategories value="Race:Terran"/>
        <HotkeyAlias value="PsiDisruptor3"/>
        <DefaultButtonLayout Row="2"/>
    </CButton>
    <CButton id="PsiDisruptor11">
        <Icon value="Assets\Textures\btn-research-zerg-psidisruptor.dds"/>
        <AlertIcon value="Assets\Textures\btn-research-zerg-psidisruptor.dds"/>
        <EditorCategories value="Race:Terran"/>
        <HotkeyAlias value="PsiDisruptor3"/>
        <DefaultButtonLayout Row="2" Column="1"/>
    </CButton>
    <CButton id="PsiDisruptor12">
        <Icon value="Assets\Textures\btn-research-zerg-psidisruptor.dds"/>
        <AlertIcon value="Assets\Textures\btn-research-zerg-psidisruptor.dds"/>
        <EditorCategories value="Race:Terran"/>
        <HotkeyAlias value="PsiDisruptor3"/>
        <DefaultButtonLayout Row="2" Column="2"/>
    </CButton>
    <CButton id="PsiDisruptor13">
        <Icon value="Assets\Textures\btn-research-zerg-psidisruptor.dds"/>
        <AlertIcon value="Assets\Textures\btn-research-zerg-psidisruptor.dds"/>
        <EditorCategories value="Race:Terran"/>
        <HotkeyAlias value="PsiDisruptor3"/>
        <DefaultButtonLayout Row="2" Column="3"/>
    </CButton>
    <CButton id="PsiDisruptor14">
        <Icon value="Assets\Textures\btn-research-zerg-psidisruptor.dds"/>
        <AlertIcon value="Assets\Textures\btn-research-zerg-psidisruptor.dds"/>
        <EditorCategories value="Race:Terran"/>
        <HotkeyAlias value="PsiDisruptor3"/>
        <DefaultButtonLayout Row="2" Column="4"/>
    </CButton>
    <CButton id="PsiDisruptor3">
        <Icon value="Assets\Textures\btn-research-zerg-psidisruptor.dds"/>
        <AlertIcon value="Assets\Textures\btn-research-zerg-psidisruptor.dds"/>
        <EditorCategories value="Race:Terran"/>
        <DefaultButtonLayout Column="3"/>
    </CButton>
    <CButton id="PsiDisruptor4">
        <Icon value="Assets\Textures\btn-research-zerg-psidisruptor.dds"/>
        <AlertIcon value="Assets\Textures\btn-research-zerg-psidisruptor.dds"/>
        <EditorCategories value="Race:Terran"/>
        <HotkeyAlias value="PsiDisruptor3"/>
        <DefaultButtonLayout Column="4"/>
    </CButton>
    <CButton id="PsiDisruptor5">
        <Icon value="Assets\Textures\btn-research-zerg-psidisruptor.dds"/>
        <AlertIcon value="Assets\Textures\btn-research-zerg-psidisruptor.dds"/>
        <EditorCategories value="Race:Terran"/>
        <HotkeyAlias value="PsiDisruptor3"/>
        <DefaultButtonLayout Row="1"/>
    </CButton>
    <CButton id="PsiDisruptor6">
        <Icon value="Assets\Textures\btn-research-zerg-psidisruptor.dds"/>
        <AlertIcon value="Assets\Textures\btn-research-zerg-psidisruptor.dds"/>
        <EditorCategories value="Race:Terran"/>
        <HotkeyAlias value="PsiDisruptor3"/>
        <DefaultButtonLayout Row="1" Column="1"/>
    </CButton>
    <CButton id="PsiDisruptor7">
        <Icon value="Assets\Textures\btn-research-zerg-psidisruptor.dds"/>
        <AlertIcon value="Assets\Textures\btn-research-zerg-psidisruptor.dds"/>
        <EditorCategories value="Race:Terran"/>
        <HotkeyAlias value="PsiDisruptor3"/>
        <DefaultButtonLayout Row="1" Column="2"/>
    </CButton>
    <CButton id="PsiDisruptor8">
        <Icon value="Assets\Textures\btn-research-zerg-psidisruptor.dds"/>
        <AlertIcon value="Assets\Textures\btn-research-zerg-psidisruptor.dds"/>
        <EditorCategories value="Race:Terran"/>
        <HotkeyAlias value="PsiDisruptor3"/>
        <DefaultButtonLayout Row="1" Column="3"/>
    </CButton>
    <CButton id="PsiDisruptor9">
        <Icon value="Assets\Textures\btn-research-zerg-psidisruptor.dds"/>
        <AlertIcon value="Assets\Textures\btn-research-zerg-psidisruptor.dds"/>
        <EditorCategories value="Race:Terran"/>
        <HotkeyAlias value="PsiDisruptor3"/>
        <DefaultButtonLayout Row="1" Column="4"/>
    </CButton>
    <CButton id="RepairOrder">
        <Icon value="Assets\Textures\btn-ability-terran-repair.dds"/>
        <AlertIcon value="Assets\Textures\btn-ability-terran-repair.dds"/>
        <EditorCategories value="Race:Neutral"/>
        <TintRacially value="1"/>
        <Universal value="1"/>
        <DefaultButtonLayout Row="2" Column="1"/>
        <Hotkey value="Button/Hotkey/Repair"/>
    </CButton>
    <CButton id="ResearchHighEnergyCapacitors">
        <Icon value="Assets\Textures\btn-upgrade-swann-improvedburstlaser.dds"/>
        <AlertIcon value="Assets\Textures\btn-upgrade-swann-improvedburstlaser.dds"/>
        <DefaultButtonLayout Column="3"/>
    </CButton>
    <CButton id="ResearchEnhancedExplosives">
        <Icon value="Assets\Textures\btn-upgrade-terran-explosiveshrapnelshells.dds"/>
        <AlertIcon value="Assets\Textures\btn-upgrade-terran-explosiveshrapnelshells.dds"/>
        <DefaultButtonLayout Column="2"/>
    </CButton>
    <CButton id="FeedbackGhost">
        <Icon value="Assets\Textures\btn-ability-protoss-feedback-color.dds"/>
        <AlertIcon value="Assets\Textures\btn-ability-protoss-feedback-color.dds"/>
        <EditorCategories value="Race:Terran"/>
        <HotkeyAlias value="Feedback"/>
        <DefaultButtonLayout Row="2" Column="1"/>
    </CButton>
    <CButton id="HideInTheShadows">
        <Icon value="Assets\Textures\BTN-ability-Protoss-permanentlycloaked-darktemplar-color.dds"/>
        <EditorCategories value="Race:Protoss"/>
        <HotkeyAlias value="PermanentlyCloaked"/>
        <DefaultButtonLayout Row="2" Column="2"/>
    </CButton>
    <CButton id="HyperionYamato3">
        <Icon value="Assets\Textures\btn-ability-terran-yamatogun-color.dds"/>
        <AlertIcon value="Assets\Textures\btn-ability-terran-yamatogun-color.dds"/>
        <EditorCategories value="Race:Terran"/>
        <HotkeyAlias value="HyperionYamato5"/>
        <DefaultButtonLayout Column="3"/>
    </CButton>
    <CButton id="HyperionYamato4">
        <Icon value="Assets\Textures\btn-ability-terran-yamatogun-color.dds"/>
        <AlertIcon value="Assets\Textures\btn-ability-terran-yamatogun-color.dds"/>
        <EditorCategories value="Race:Terran"/>
        <HotkeyAlias value="HyperionYamato5"/>
        <DefaultButtonLayout Column="4"/>
    </CButton>
    <CButton id="HyperionYamato5">
        <Icon value="Assets\Textures\btn-ability-terran-yamatogun-color.dds"/>
        <AlertIcon value="Assets\Textures\btn-ability-terran-yamatogun-color.dds"/>
        <EditorCategories value="Race:Terran"/>
        <DefaultButtonLayout Row="1"/>
    </CButton>
    <CButton id="HyperionYamato6">
        <Icon value="Assets\Textures\btn-ability-terran-yamatogun-color.dds"/>
        <AlertIcon value="Assets\Textures\btn-ability-terran-yamatogun-color.dds"/>
        <EditorCategories value="Race:Terran"/>
        <DefaultButtonLayout Row="1" Column="1"/>
    </CButton>
    <CButton id="HyperionYamato7">
        <Icon value="Assets\Textures\btn-ability-terran-yamatogun-color.dds"/>
        <AlertIcon value="Assets\Textures\btn-ability-terran-yamatogun-color.dds"/>
        <EditorCategories value="Race:Terran"/>
        <DefaultButtonLayout Row="1" Column="2"/>
    </CButton>
    <CButton id="HyperionYamato8">
        <Icon value="Assets\Textures\btn-ability-terran-yamatogun-color.dds"/>
        <AlertIcon value="Assets\Textures\btn-ability-terran-yamatogun-color.dds"/>
        <EditorCategories value="Race:Terran"/>
        <DefaultButtonLayout Row="1" Column="3"/>
    </CButton>
    <CButton id="HyperionYamato9">
        <Icon value="Assets\Textures\btn-ability-terran-yamatogun-color.dds"/>
        <AlertIcon value="Assets\Textures\btn-ability-terran-yamatogun-color.dds"/>
        <EditorCategories value="Race:Terran"/>
        <DefaultButtonLayout Row="1" Column="4"/>
    </CButton>
    <CButton id="HyperionYamato10">
        <Icon value="Assets\Textures\btn-ability-terran-yamatogun-color.dds"/>
        <AlertIcon value="Assets\Textures\btn-ability-terran-yamatogun-color.dds"/>
        <EditorCategories value="Race:Terran"/>
        <DefaultButtonLayout Row="2"/>
    </CButton>
    <CButton id="HyperionYamato11">
        <Icon value="Assets\Textures\btn-ability-terran-yamatogun-color.dds"/>
        <AlertIcon value="Assets\Textures\btn-ability-terran-yamatogun-color.dds"/>
        <EditorCategories value="Race:Terran"/>
        <DefaultButtonLayout Row="2" Column="1"/>
    </CButton>
    <CButton id="HyperionYamato12">
        <Icon value="Assets\Textures\btn-ability-terran-yamatogun-color.dds"/>
        <AlertIcon value="Assets\Textures\btn-ability-terran-yamatogun-color.dds"/>
        <EditorCategories value="Race:Terran"/>
        <DefaultButtonLayout Row="2" Column="2"/>
    </CButton>
    <CButton id="HyperionYamato13">
        <Icon value="Assets\Textures\btn-ability-terran-yamatogun-color.dds"/>
        <AlertIcon value="Assets\Textures\btn-ability-terran-yamatogun-color.dds"/>
        <EditorCategories value="Race:Terran"/>
        <DefaultButtonLayout Row="2" Column="3"/>
    </CButton>
    <CButton id="HyperionYamato14">
        <Icon value="Assets\Textures\btn-ability-terran-yamatogun-color.dds"/>
        <AlertIcon value="Assets\Textures\btn-ability-terran-yamatogun-color.dds"/>
        <EditorCategories value="Race:Terran"/>
        <DefaultButtonLayout Row="2" Column="4"/>
    </CButton>
    <CButton id="ResearchImprovedPlasmaShields">
        <Icon value="Assets\Textures\btn-upgrade-protoss-shieldslevel3.dds"/>
        <AlertIcon value="Assets\Textures\btn-upgrade-protoss-shieldslevel3.dds"/>
        <DefaultButtonLayout Row="1" Column="2"/>
        <HotkeyAlias value="ProtossShieldsLevel1"/>
    </CButton>
    <CButton id="ResearchImprovedRailguns">
        <Icon value="Assets\Textures\btn-upgrade-mengsk-engineeringbay-dominionweaponslevel2.dds"/>
        <AlertIcon value="Assets\Textures\btn-upgrade-mengsk-engineeringbay-dominionweaponslevel2.dds"/>
        <DefaultButtonLayout Column="2"/>
    </CButton>
    <CButton id="SendWave">
        <Icon value="Assets\Textures\inspiration_coop.dds"/>
        <AlertIcon value="Assets\Textures\inspiration_coop.dds"/>
        <DefaultButtonLayout Row="1" Column="2"/>
    </CButton>
    <CButton id="Stone">
        <Icon value="Assets\Textures\wireframe-terran-cargotruck01.dds"/>
        <AlertIcon value="Assets\Textures\wireframe-terran-cargotruck01.dds"/>
        <EditorCategories value="Race:Terran"/>
    </CButton>
    <CButton id="PowerStructure">
        <Icon value="Assets\Textures\btn-upgrade-artanis-pylonpower.dds"/>
        <DefaultButtonLayout Row="1"/>
    </CButton>
    <CButton id="DeathRecall">
        <Icon value="Assets\Textures\btn-ability-protoss-recallondeath.dds"/>
        <AlertIcon value="Assets\Textures\btn-ability-protoss-recallondeath.dds"/>
        <DefaultButtonLayout Row="2" Column="3"/>
    </CButton>
    <CButton id="HailstormLaunchers">
        <Icon value="Assets\Textures\btn-techupgrade-terran-multilocktargetingsystem.dds"/>
        <AlertIcon value="Assets\Textures\btn-techupgrade-terran-multilocktargetingsystem.dds"/>
        <EditorCategories value="Race:Terran"/>
        <TintRacially value="1"/>
        <DefaultButtonLayout Column="2"/>
    </CButton>
    <CButton id="BuildDevastatorTurret">
        <Icon value="Assets\Textures\btn-tips-flamingbetty.dds"/>
        <AlertIcon value="Assets\Textures\btn-tips-flamingbetty.dds"/>
        <EditorCategories value="Race:Terran"/>
    </CButton>
    <CButton id="BuildingRepair">
        <Icon value="Assets\Textures\btn-ability-terran-repair.dds"/>
        <AlertIcon value="Assets\Textures\btn-ability-terran-repair.dds"/>
        <EditorCategories value="Race:Neutral"/>
        <TintRacially value="1"/>
        <Universal value="1"/>
    </CButton>
    <CButton id="CombatDrugs">
        <Icon value="Assets\Textures\btn-upgrade-terran-reapercombatdrugs.dds"/>
        <AlertIcon value="Assets\Textures\btn-upgrade-terran-reapercombatdrugs.dds"/>
        <EditorCategories value="Race:Terran"/>
    </CButton>
    <CButton id="Depower">
        <Icon value="Assets\Textures\btn-ability-protoss-psistorm.dds"/>
        <EditorCategories value="Race:Neutral"/>
        <AlertIcon value="Assets\Textures\btn-ability-protoss-psistorm.dds"/>
        <TintRacially value="1"/>
        <Universal value="1"/>
    </CButton>
    <CButton id="ResetRally">
        <Icon value="Assets\Textures\btn-ability-terran-setworkerrallypoint.dds"/>
        <AlertIcon value="Assets\Textures\btn-ability-terran-setworkerrallypoint.dds"/>
        <EditorCategories value="Race:Neutral"/>
        <TintRacially value="1"/>
        <Universal value="1"/>
        <DefaultButtonLayout Column="4"/>
    </CButton>
    <CButton id="TakeTheDrill">
        <Icon value="Assets\Textures\btn-tips-laserdrillcontrol.dds"/>
        <AlertIcon value="Assets\Textures\btn-tips-laserdrillcontrol.dds"/>
    </CButton>
    <CButton id="InfantryUltraCapacitors">
        <Icon value="Assets\Textures\btn-upgrade-terran-infantryweaponslevel2.dds"/>
        <AlertIcon value="Assets\Textures\btn-upgrade-terran-infantryweaponslevel2.dds"/>
        <EditorCategories value="Race:Terran"/>
    </CButton>
    <CButton id="ResearchThermiteFilaments">
        <Icon value="Assets\Textures\btn-upgrade-terran-infernalpreigniter.dds"/>
        <AlertIcon value="Assets\Textures\btn-upgrade-terran-infernalpreigniter.dds"/>
        <EditorCategories value="Race:Terran"/>
        <DefaultButtonLayout Column="3"/>
    </CButton>
    <CButton id="VehicleUltraCapacitors">
        <Icon value="Assets\Textures\btn-upgrade-terran-vehicleweaponslevel2.dds"/>
        <AlertIcon value="Assets\Textures\btn-upgrade-terran-vehicleweaponslevel2.dds"/>
        <EditorCategories value="Race:Terran"/>
        <HotkeyAlias value="InfantryUltraCapacitors"/>
    </CButton>
    <CButton id="InfantryVanadiumPlating">
        <Icon value="Assets\Textures\btn-upgrade-terran-infantryarmorlevel2.dds"/>
        <AlertIcon value="Assets\Textures\btn-upgrade-terran-infantryarmorlevel2.dds"/>
        <EditorCategories value="Race:Terran"/>
        <DefaultButtonLayout Column="1"/>
    </CButton>
    <CButton id="StarshipUltraCapacitors">
        <Icon value="Assets\Textures\btn-upgrade-terran-shipweaponslevel2.dds"/>
        <AlertIcon value="Assets\Textures\btn-upgrade-terran-shipweaponslevel2.dds"/>
        <EditorCategories value="Race:Terran"/>
        <HotkeyAlias value="InfantryUltraCapacitors"/>
    </CButton>
    <CButton id="VehicleVanadiumPlating">
        <Icon value="Assets\Textures\btn-upgrade-terran-vehicleplatinglevel2.dds"/>
        <AlertIcon value="Assets\Textures\btn-upgrade-terran-vehicleplatinglevel2.dds"/>
        <EditorCategories value="Race:Terran"/>
        <HotkeyAlias value="InfantryVanadiumPlating"/>
        <DefaultButtonLayout Column="1"/>
    </CButton>
    <CButton id="PauseQueue">
        <Icon value="EditorData\Images\CutSceneEditor\Playhead\Control_Pause.tga"/>
        <HotkeyAlias value="Cancel"/>
        <DefaultButtonLayout Row="2" Column="4"/>
    </CButton>
    <CButton id="ResumeQueue">
        <Icon value="Assets\Textures\sc2_ui_newplayerxp_playmovie.dds"/>
        <DefaultButtonLayout Row="2" Column="3"/>
    </CButton>
    <CButton id="Sell">
        <Icon value="Assets\Textures\btn-tips-credit.dds"/>
        <AlertIcon value="Assets\Textures\btn-tips-credit.dds"/>
        <EditorCategories value="Race:Neutral"/>
        <TintRacially value="1"/>
        <Universal value="1"/>
    </CButton>
    <CButton id="StarshipVanadiumPlating">
        <Icon value="Assets\Textures\btn-upgrade-terran-shipplatinglevel2.dds"/>
        <AlertIcon value="Assets\Textures\btn-upgrade-terran-shipplatinglevel2.dds"/>
        <EditorCategories value="Race:Terran"/>
        <HotkeyAlias value="InfantryVanadiumPlating"/>
        <DefaultButtonLayout Column="1"/>
    </CButton>
    <CButton id="DeployLaserDrill3">
        <Icon value="Assets\Textures\btn-tips-laserdrillcontrol.dds"/>
        <AlertIcon value="Assets\Textures\btn-tips-laserdrillcontrol.dds"/>
        <DefaultButtonLayout Column="3"/>
    </CButton>
    <CButton id="DeployLaserDrill4">
        <Icon value="Assets\Textures\btn-tips-laserdrillcontrol.dds"/>
        <AlertIcon value="Assets\Textures\btn-tips-laserdrillcontrol.dds"/>
        <DefaultButtonLayout Column="4"/>
    </CButton>
    <CButton id="DeployLaserDrill5">
        <Icon value="Assets\Textures\btn-tips-laserdrillcontrol.dds"/>
        <AlertIcon value="Assets\Textures\btn-tips-laserdrillcontrol.dds"/>
        <DefaultButtonLayout Row="1"/>
    </CButton>
    <CButton id="DeployLaserDrill6">
        <Icon value="Assets\Textures\btn-tips-laserdrillcontrol.dds"/>
        <AlertIcon value="Assets\Textures\btn-tips-laserdrillcontrol.dds"/>
        <DefaultButtonLayout Row="1" Column="1"/>
    </CButton>
    <CButton id="DeployLaserDrill7">
        <Icon value="Assets\Textures\btn-tips-laserdrillcontrol.dds"/>
        <AlertIcon value="Assets\Textures\btn-tips-laserdrillcontrol.dds"/>
        <DefaultButtonLayout Row="1" Column="2"/>
    </CButton>
    <CButton id="DeployLaserDrill8">
        <Icon value="Assets\Textures\btn-tips-laserdrillcontrol.dds"/>
        <AlertIcon value="Assets\Textures\btn-tips-laserdrillcontrol.dds"/>
        <DefaultButtonLayout Row="1" Column="3"/>
    </CButton>
    <CButton id="DeployLaserDrill9">
        <Icon value="Assets\Textures\btn-tips-laserdrillcontrol.dds"/>
        <AlertIcon value="Assets\Textures\btn-tips-laserdrillcontrol.dds"/>
        <DefaultButtonLayout Row="1" Column="4"/>
    </CButton>
    <CButton id="DeployLaserDrill10">
        <Icon value="Assets\Textures\btn-tips-laserdrillcontrol.dds"/>
        <AlertIcon value="Assets\Textures\btn-tips-laserdrillcontrol.dds"/>
        <DefaultButtonLayout Row="2"/>
    </CButton>
    <CButton id="DeployLaserDrill11">
        <Icon value="Assets\Textures\btn-tips-laserdrillcontrol.dds"/>
        <AlertIcon value="Assets\Textures\btn-tips-laserdrillcontrol.dds"/>
        <DefaultButtonLayout Row="2" Column="1"/>
    </CButton>
    <CButton id="DeployLaserDrill12">
        <Icon value="Assets\Textures\btn-tips-laserdrillcontrol.dds"/>
        <AlertIcon value="Assets\Textures\btn-tips-laserdrillcontrol.dds"/>
        <DefaultButtonLayout Row="2" Column="2"/>
    </CButton>
    <CButton id="DeployLaserDrill13">
        <Icon value="Assets\Textures\btn-tips-laserdrillcontrol.dds"/>
        <AlertIcon value="Assets\Textures\btn-tips-laserdrillcontrol.dds"/>
        <DefaultButtonLayout Row="2" Column="3"/>
    </CButton>
    <CButton id="DeployLaserDrill14">
        <Icon value="Assets\Textures\btn-tips-laserdrillcontrol.dds"/>
        <AlertIcon value="Assets\Textures\btn-tips-laserdrillcontrol.dds"/>
        <DefaultButtonLayout Row="2" Column="4"/>
    </CButton>
    <CButton id="TacticalMissileStrike3">
        <Icon value="Assets\Textures\btn-ability-mengsk-ghost-tacticalmissilestrike.dds"/>
        <AlertIcon value="Assets\Textures\btn-ability-mengsk-ghost-tacticalmissilestrike.dds"/>
        <DefaultButtonLayout Column="3"/>
    </CButton>
    <CButton id="TacticalMissileStrike4">
        <Icon value="Assets\Textures\btn-ability-mengsk-ghost-tacticalmissilestrike.dds"/>
        <AlertIcon value="Assets\Textures\btn-ability-mengsk-ghost-tacticalmissilestrike.dds"/>
        <DefaultButtonLayout Column="4"/>
    </CButton>
    <CButton id="TacticalMissileStrike5">
        <Icon value="Assets\Textures\btn-ability-mengsk-ghost-tacticalmissilestrike.dds"/>
        <AlertIcon value="Assets\Textures\btn-ability-mengsk-ghost-tacticalmissilestrike.dds"/>
        <DefaultButtonLayout Row="1"/>
    </CButton>
    <CButton id="TacticalMissileStrike6">
        <Icon value="Assets\Textures\btn-ability-mengsk-ghost-tacticalmissilestrike.dds"/>
        <AlertIcon value="Assets\Textures\btn-ability-mengsk-ghost-tacticalmissilestrike.dds"/>
        <DefaultButtonLayout Row="1" Column="1"/>
    </CButton>
    <CButton id="TacticalMissileStrike7">
        <Icon value="Assets\Textures\btn-ability-mengsk-ghost-tacticalmissilestrike.dds"/>
        <AlertIcon value="Assets\Textures\btn-ability-mengsk-ghost-tacticalmissilestrike.dds"/>
        <DefaultButtonLayout Row="1" Column="2"/>
    </CButton>
    <CButton id="TacticalMissileStrike8">
        <Icon value="Assets\Textures\btn-ability-mengsk-ghost-tacticalmissilestrike.dds"/>
        <AlertIcon value="Assets\Textures\btn-ability-mengsk-ghost-tacticalmissilestrike.dds"/>
        <DefaultButtonLayout Row="1" Column="3"/>
    </CButton>
    <CButton id="TacticalMissileStrike9">
        <Icon value="Assets\Textures\btn-ability-mengsk-ghost-tacticalmissilestrike.dds"/>
        <AlertIcon value="Assets\Textures\btn-ability-mengsk-ghost-tacticalmissilestrike.dds"/>
        <DefaultButtonLayout Row="1" Column="4"/>
    </CButton>
    <CButton id="TacticalMissileStrike10">
        <Icon value="Assets\Textures\btn-ability-mengsk-ghost-tacticalmissilestrike.dds"/>
        <AlertIcon value="Assets\Textures\btn-ability-mengsk-ghost-tacticalmissilestrike.dds"/>
        <DefaultButtonLayout Row="2"/>
    </CButton>
    <CButton id="TacticalMissileStrike11">
        <Icon value="Assets\Textures\btn-ability-mengsk-ghost-tacticalmissilestrike.dds"/>
        <AlertIcon value="Assets\Textures\btn-ability-mengsk-ghost-tacticalmissilestrike.dds"/>
        <DefaultButtonLayout Row="2" Column="1"/>
    </CButton>
    <CButton id="TacticalMissileStrike12">
        <Icon value="Assets\Textures\btn-ability-mengsk-ghost-tacticalmissilestrike.dds"/>
        <AlertIcon value="Assets\Textures\btn-ability-mengsk-ghost-tacticalmissilestrike.dds"/>
        <DefaultButtonLayout Row="2" Column="2"/>
    </CButton>
    <CButton id="TacticalMissileStrike13">
        <Icon value="Assets\Textures\btn-ability-mengsk-ghost-tacticalmissilestrike.dds"/>
        <AlertIcon value="Assets\Textures\btn-ability-mengsk-ghost-tacticalmissilestrike.dds"/>
        <DefaultButtonLayout Row="2" Column="3"/>
    </CButton>
    <CButton id="TacticalMissileStrike14">
        <Icon value="Assets\Textures\btn-ability-mengsk-ghost-tacticalmissilestrike.dds"/>
        <AlertIcon value="Assets\Textures\btn-ability-mengsk-ghost-tacticalmissilestrike.dds"/>
        <DefaultButtonLayout Row="2" Column="4"/>
    </CButton>
    <CButton id="InfantryMercenaries3">
        <Icon value="Assets\Textures\btn-unit-terran-marinemercenary.dds"/>
        <AlertIcon value="Assets\Textures\btn-unit-terran-marinemercenary.dds"/>
        <DefaultButtonLayout Column="3"/>
    </CButton>
    <CButton id="InfantryMercenaries4">
        <Icon value="Assets\Textures\btn-unit-terran-marinemercenary.dds"/>
        <AlertIcon value="Assets\Textures\btn-unit-terran-marinemercenary.dds"/>
        <DefaultButtonLayout Column="4"/>
    </CButton>
    <CButton id="InfantryMercenaries5">
        <Icon value="Assets\Textures\btn-unit-terran-marinemercenary.dds"/>
        <AlertIcon value="Assets\Textures\btn-unit-terran-marinemercenary.dds"/>
        <DefaultButtonLayout Row="1"/>
    </CButton>
    <CButton id="InfantryMercenaries6">
        <Icon value="Assets\Textures\btn-unit-terran-marinemercenary.dds"/>
        <AlertIcon value="Assets\Textures\btn-unit-terran-marinemercenary.dds"/>
        <DefaultButtonLayout Row="1" Column="1"/>
    </CButton>
    <CButton id="InfantryMercenaries7">
        <Icon value="Assets\Textures\btn-unit-terran-marinemercenary.dds"/>
        <AlertIcon value="Assets\Textures\btn-unit-terran-marinemercenary.dds"/>
        <DefaultButtonLayout Row="1" Column="2"/>
    </CButton>
    <CButton id="InfantryMercenaries8">
        <Icon value="Assets\Textures\btn-unit-terran-marinemercenary.dds"/>
        <AlertIcon value="Assets\Textures\btn-unit-terran-marinemercenary.dds"/>
        <DefaultButtonLayout Row="1" Column="3"/>
    </CButton>
    <CButton id="InfantryMercenaries9">
        <Icon value="Assets\Textures\btn-unit-terran-marinemercenary.dds"/>
        <AlertIcon value="Assets\Textures\btn-unit-terran-marinemercenary.dds"/>
        <DefaultButtonLayout Row="1" Column="4"/>
    </CButton>
    <CButton id="InfantryMercenaries10">
        <Icon value="Assets\Textures\btn-unit-terran-marinemercenary.dds"/>
        <AlertIcon value="Assets\Textures\btn-unit-terran-marinemercenary.dds"/>
        <DefaultButtonLayout Row="2"/>
    </CButton>
    <CButton id="InfantryMercenaries11">
        <Icon value="Assets\Textures\btn-unit-terran-marinemercenary.dds"/>
        <AlertIcon value="Assets\Textures\btn-unit-terran-marinemercenary.dds"/>
        <DefaultButtonLayout Row="2" Column="1"/>
    </CButton>
    <CButton id="InfantryMercenaries12">
        <Icon value="Assets\Textures\btn-unit-terran-marinemercenary.dds"/>
        <AlertIcon value="Assets\Textures\btn-unit-terran-marinemercenary.dds"/>
        <DefaultButtonLayout Row="2" Column="2"/>
    </CButton>
    <CButton id="InfantryMercenaries13">
        <Icon value="Assets\Textures\btn-unit-terran-marinemercenary.dds"/>
        <AlertIcon value="Assets\Textures\btn-unit-terran-marinemercenary.dds"/>
        <DefaultButtonLayout Row="2" Column="3"/>
    </CButton>
    <CButton id="InfantryMercenaries14">
        <Icon value="Assets\Textures\btn-unit-terran-marinemercenary.dds"/>
        <AlertIcon value="Assets\Textures\btn-unit-terran-marinemercenary.dds"/>
        <DefaultButtonLayout Row="2" Column="4"/>
    </CButton>
    <CButton id="VehicleMercenaries3">
        <Icon value="Assets\Textures\btn-unit-terran-siegetankmercenary-tank.dds"/>
        <AlertIcon value="Assets\Textures\btn-unit-terran-siegetankmercenary-tank.dds"/>
        <DefaultButtonLayout Column="3"/>
    </CButton>
    <CButton id="VehicleMercenaries4">
        <Icon value="Assets\Textures\btn-unit-terran-siegetankmercenary-tank.dds"/>
        <AlertIcon value="Assets\Textures\btn-unit-terran-siegetankmercenary-tank.dds"/>
        <DefaultButtonLayout Column="4"/>
    </CButton>
    <CButton id="VehicleMercenaries5">
        <Icon value="Assets\Textures\btn-unit-terran-siegetankmercenary-tank.dds"/>
        <AlertIcon value="Assets\Textures\btn-unit-terran-siegetankmercenary-tank.dds"/>
        <DefaultButtonLayout Row="1"/>
    </CButton>
    <CButton id="VehicleMercenaries6">
        <Icon value="Assets\Textures\btn-unit-terran-siegetankmercenary-tank.dds"/>
        <AlertIcon value="Assets\Textures\btn-unit-terran-siegetankmercenary-tank.dds"/>
        <DefaultButtonLayout Row="1" Column="1"/>
    </CButton>
    <CButton id="VehicleMercenaries7">
        <Icon value="Assets\Textures\btn-unit-terran-siegetankmercenary-tank.dds"/>
        <AlertIcon value="Assets\Textures\btn-unit-terran-siegetankmercenary-tank.dds"/>
        <DefaultButtonLayout Row="1" Column="2"/>
    </CButton>
    <CButton id="VehicleMercenaries8">
        <Icon value="Assets\Textures\btn-unit-terran-siegetankmercenary-tank.dds"/>
        <AlertIcon value="Assets\Textures\btn-unit-terran-siegetankmercenary-tank.dds"/>
        <DefaultButtonLayout Row="1" Column="3"/>
    </CButton>
    <CButton id="VehicleMercenaries9">
        <Icon value="Assets\Textures\btn-unit-terran-siegetankmercenary-tank.dds"/>
        <AlertIcon value="Assets\Textures\btn-unit-terran-siegetankmercenary-tank.dds"/>
        <DefaultButtonLayout Row="1" Column="4"/>
    </CButton>
    <CButton id="VehicleMercenaries10">
        <Icon value="Assets\Textures\btn-unit-terran-siegetankmercenary-tank.dds"/>
        <AlertIcon value="Assets\Textures\btn-unit-terran-siegetankmercenary-tank.dds"/>
        <DefaultButtonLayout Row="2"/>
    </CButton>
    <CButton id="VehicleMercenaries11">
        <Icon value="Assets\Textures\btn-unit-terran-siegetankmercenary-tank.dds"/>
        <AlertIcon value="Assets\Textures\btn-unit-terran-siegetankmercenary-tank.dds"/>
        <DefaultButtonLayout Row="2" Column="1"/>
    </CButton>
    <CButton id="VehicleMercenaries12">
        <Icon value="Assets\Textures\btn-unit-terran-siegetankmercenary-tank.dds"/>
        <AlertIcon value="Assets\Textures\btn-unit-terran-siegetankmercenary-tank.dds"/>
        <DefaultButtonLayout Row="2" Column="2"/>
    </CButton>
    <CButton id="VehicleMercenaries13">
        <Icon value="Assets\Textures\btn-unit-terran-siegetankmercenary-tank.dds"/>
        <AlertIcon value="Assets\Textures\btn-unit-terran-siegetankmercenary-tank.dds"/>
        <DefaultButtonLayout Row="2" Column="3"/>
    </CButton>
    <CButton id="VehicleMercenaries14">
        <Icon value="Assets\Textures\btn-unit-terran-siegetankmercenary-tank.dds"/>
        <AlertIcon value="Assets\Textures\btn-unit-terran-siegetankmercenary-tank.dds"/>
        <DefaultButtonLayout Row="2" Column="4"/>
    </CButton>
    <CButton id="NukeCalldown3">
        <Icon value="Assets\Textures\btn-ability-terran-nuclearstrike-color.dds"/>
        <AlertIcon value="Assets\Textures\btn-ability-terran-nuclearstrike-color.dds"/>
        <DefaultButtonLayout Column="3"/>
    </CButton>
    <CButton id="NukeCalldown4">
        <Icon value="Assets\Textures\btn-ability-terran-nuclearstrike-color.dds"/>
        <AlertIcon value="Assets\Textures\btn-ability-terran-nuclearstrike-color.dds"/>
        <DefaultButtonLayout Column="4"/>
    </CButton>
    <CButton id="NukeCalldown5">
        <Icon value="Assets\Textures\btn-ability-terran-nuclearstrike-color.dds"/>
        <AlertIcon value="Assets\Textures\btn-ability-terran-nuclearstrike-color.dds"/>
        <DefaultButtonLayout Row="1"/>
    </CButton>
    <CButton id="NukeCalldown6">
        <Icon value="Assets\Textures\btn-ability-terran-nuclearstrike-color.dds"/>
        <AlertIcon value="Assets\Textures\btn-ability-terran-nuclearstrike-color.dds"/>
        <DefaultButtonLayout Row="1" Column="1"/>
    </CButton>
    <CButton id="NukeCalldown7">
        <Icon value="Assets\Textures\btn-ability-terran-nuclearstrike-color.dds"/>
        <AlertIcon value="Assets\Textures\btn-ability-terran-nuclearstrike-color.dds"/>
        <DefaultButtonLayout Row="1" Column="2"/>
    </CButton>
    <CButton id="NukeCalldown8">
        <Icon value="Assets\Textures\btn-ability-terran-nuclearstrike-color.dds"/>
        <AlertIcon value="Assets\Textures\btn-ability-terran-nuclearstrike-color.dds"/>
        <DefaultButtonLayout Row="1" Column="3"/>
    </CButton>
    <CButton id="NukeCalldown9">
        <Icon value="Assets\Textures\btn-ability-terran-nuclearstrike-color.dds"/>
        <AlertIcon value="Assets\Textures\btn-ability-terran-nuclearstrike-color.dds"/>
        <DefaultButtonLayout Row="1" Column="4"/>
    </CButton>
    <CButton id="NukeCalldown10">
        <Icon value="Assets\Textures\btn-ability-terran-nuclearstrike-color.dds"/>
        <AlertIcon value="Assets\Textures\btn-ability-terran-nuclearstrike-color.dds"/>
        <DefaultButtonLayout Row="2"/>
    </CButton>
    <CButton id="NukeCalldown11">
        <Icon value="Assets\Textures\btn-ability-terran-nuclearstrike-color.dds"/>
        <AlertIcon value="Assets\Textures\btn-ability-terran-nuclearstrike-color.dds"/>
        <DefaultButtonLayout Row="2" Column="1"/>
    </CButton>
    <CButton id="NukeCalldown12">
        <Icon value="Assets\Textures\btn-ability-terran-nuclearstrike-color.dds"/>
        <AlertIcon value="Assets\Textures\btn-ability-terran-nuclearstrike-color.dds"/>
        <DefaultButtonLayout Row="2" Column="2"/>
    </CButton>
    <CButton id="NukeCalldown13">
        <Icon value="Assets\Textures\btn-ability-terran-nuclearstrike-color.dds"/>
        <AlertIcon value="Assets\Textures\btn-ability-terran-nuclearstrike-color.dds"/>
        <DefaultButtonLayout Row="2" Column="3"/>
    </CButton>
    <CButton id="NukeCalldown14">
        <Icon value="Assets\Textures\btn-ability-terran-nuclearstrike-color.dds"/>
        <AlertIcon value="Assets\Textures\btn-ability-terran-nuclearstrike-color.dds"/>
        <DefaultButtonLayout Row="2" Column="4"/>
    </CButton>
    <CButton id="ScannerSweepTopbar3">
        <Icon value="Assets\Textures\btn-ability-terran-scannersweep-color.dds"/>
        <AlertIcon value="Assets\Textures\btn-ability-terran-scannersweep-color.dds"/>
        <DefaultButtonLayout Column="3"/>
    </CButton>
    <CButton id="ScannerSweepTopbar4">
        <Icon value="Assets\Textures\btn-ability-terran-scannersweep-color.dds"/>
        <AlertIcon value="Assets\Textures\btn-ability-terran-scannersweep-color.dds"/>
        <DefaultButtonLayout Column="4"/>
    </CButton>
    <CButton id="ScannerSweepTopbar5">
        <Icon value="Assets\Textures\btn-ability-terran-scannersweep-color.dds"/>
        <AlertIcon value="Assets\Textures\btn-ability-terran-scannersweep-color.dds"/>
        <DefaultButtonLayout Row="1"/>
    </CButton>
    <CButton id="ScannerSweepTopbar6">
        <Icon value="Assets\Textures\btn-ability-terran-scannersweep-color.dds"/>
        <AlertIcon value="Assets\Textures\btn-ability-terran-scannersweep-color.dds"/>
        <DefaultButtonLayout Row="1" Column="1"/>
    </CButton>
    <CButton id="ScannerSweepTopbar7">
        <Icon value="Assets\Textures\btn-ability-terran-scannersweep-color.dds"/>
        <AlertIcon value="Assets\Textures\btn-ability-terran-scannersweep-color.dds"/>
        <DefaultButtonLayout Row="1" Column="2"/>
    </CButton>
    <CButton id="ScannerSweepTopbar8">
        <Icon value="Assets\Textures\btn-ability-terran-scannersweep-color.dds"/>
        <AlertIcon value="Assets\Textures\btn-ability-terran-scannersweep-color.dds"/>
        <DefaultButtonLayout Row="1" Column="3"/>
    </CButton>
    <CButton id="ScannerSweepTopbar9">
        <Icon value="Assets\Textures\btn-ability-terran-scannersweep-color.dds"/>
        <AlertIcon value="Assets\Textures\btn-ability-terran-scannersweep-color.dds"/>
        <DefaultButtonLayout Row="1" Column="4"/>
    </CButton>
    <CButton id="ScannerSweepTopbar10">
        <Icon value="Assets\Textures\btn-ability-terran-scannersweep-color.dds"/>
        <AlertIcon value="Assets\Textures\btn-ability-terran-scannersweep-color.dds"/>
        <DefaultButtonLayout Row="2"/>
    </CButton>
    <CButton id="ScannerSweepTopbar11">
        <Icon value="Assets\Textures\btn-ability-terran-scannersweep-color.dds"/>
        <AlertIcon value="Assets\Textures\btn-ability-terran-scannersweep-color.dds"/>
        <DefaultButtonLayout Row="2" Column="1"/>
    </CButton>
    <CButton id="ScannerSweepTopbar12">
        <Icon value="Assets\Textures\btn-ability-terran-scannersweep-color.dds"/>
        <AlertIcon value="Assets\Textures\btn-ability-terran-scannersweep-color.dds"/>
        <DefaultButtonLayout Row="2" Column="2"/>
    </CButton>
    <CButton id="ScannerSweepTopbar13">
        <Icon value="Assets\Textures\btn-ability-terran-scannersweep-color.dds"/>
        <AlertIcon value="Assets\Textures\btn-ability-terran-scannersweep-color.dds"/>
        <DefaultButtonLayout Row="2" Column="3"/>
    </CButton>
    <CButton id="ScannerSweepTopbar14">
        <Icon value="Assets\Textures\btn-ability-terran-scannersweep-color.dds"/>
        <AlertIcon value="Assets\Textures\btn-ability-terran-scannersweep-color.dds"/>
        <DefaultButtonLayout Row="2" Column="4"/>
    </CButton>
    <CButton id="StarshipMercenaries3">
        <Icon value="Assets\Textures\btn-unit-terran-vikingmercenary-fighter.dds"/>
        <AlertIcon value="Assets\Textures\btn-unit-terran-vikingmercenary-fighter.dds"/>
        <DefaultButtonLayout Column="3"/>
    </CButton>
    <CButton id="StarshipMercenaries4">
        <Icon value="Assets\Textures\btn-unit-terran-vikingmercenary-fighter.dds"/>
        <AlertIcon value="Assets\Textures\btn-unit-terran-vikingmercenary-fighter.dds"/>
        <DefaultButtonLayout Column="4"/>
    </CButton>
    <CButton id="StarshipMercenaries5">
        <Icon value="Assets\Textures\btn-unit-terran-vikingmercenary-fighter.dds"/>
        <AlertIcon value="Assets\Textures\btn-unit-terran-vikingmercenary-fighter.dds"/>
        <DefaultButtonLayout Row="1"/>
    </CButton>
    <CButton id="StarshipMercenaries6">
        <Icon value="Assets\Textures\btn-unit-terran-vikingmercenary-fighter.dds"/>
        <AlertIcon value="Assets\Textures\btn-unit-terran-vikingmercenary-fighter.dds"/>
        <DefaultButtonLayout Row="1" Column="1"/>
    </CButton>
    <CButton id="StarshipMercenaries7">
        <Icon value="Assets\Textures\btn-unit-terran-vikingmercenary-fighter.dds"/>
        <AlertIcon value="Assets\Textures\btn-unit-terran-vikingmercenary-fighter.dds"/>
        <DefaultButtonLayout Row="1" Column="2"/>
    </CButton>
    <CButton id="StarshipMercenaries8">
        <Icon value="Assets\Textures\btn-unit-terran-vikingmercenary-fighter.dds"/>
        <AlertIcon value="Assets\Textures\btn-unit-terran-vikingmercenary-fighter.dds"/>
        <DefaultButtonLayout Row="1" Column="3"/>
    </CButton>
    <CButton id="StarshipMercenaries9">
        <Icon value="Assets\Textures\btn-unit-terran-vikingmercenary-fighter.dds"/>
        <AlertIcon value="Assets\Textures\btn-unit-terran-vikingmercenary-fighter.dds"/>
        <DefaultButtonLayout Row="1" Column="4"/>
    </CButton>
    <CButton id="StarshipMercenaries10">
        <Icon value="Assets\Textures\btn-unit-terran-vikingmercenary-fighter.dds"/>
        <AlertIcon value="Assets\Textures\btn-unit-terran-vikingmercenary-fighter.dds"/>
        <DefaultButtonLayout Row="2"/>
    </CButton>
    <CButton id="StarshipMercenaries11">
        <Icon value="Assets\Textures\btn-unit-terran-vikingmercenary-fighter.dds"/>
        <AlertIcon value="Assets\Textures\btn-unit-terran-vikingmercenary-fighter.dds"/>
        <DefaultButtonLayout Row="2" Column="1"/>
    </CButton>
    <CButton id="StarshipMercenaries12">
        <Icon value="Assets\Textures\btn-unit-terran-vikingmercenary-fighter.dds"/>
        <AlertIcon value="Assets\Textures\btn-unit-terran-vikingmercenary-fighter.dds"/>
        <DefaultButtonLayout Row="2" Column="2"/>
    </CButton>
    <CButton id="StarshipMercenaries13">
        <Icon value="Assets\Textures\btn-unit-terran-vikingmercenary-fighter.dds"/>
        <AlertIcon value="Assets\Textures\btn-unit-terran-vikingmercenary-fighter.dds"/>
        <DefaultButtonLayout Row="2" Column="3"/>
    </CButton>
    <CButton id="StarshipMercenaries14">
        <Icon value="Assets\Textures\btn-unit-terran-vikingmercenary-fighter.dds"/>
        <AlertIcon value="Assets\Textures\btn-unit-terran-vikingmercenary-fighter.dds"/>
        <DefaultButtonLayout Row="2" Column="4"/>
    </CButton>
    <CButton id="VoidSentryShieldRepair">
        <Icon value="Assets\Textures\BTN-Ability-Protoss-ShieldRecharge.dds"/>
        <AlertIcon value="Assets\Textures\BTN-Ability-Protoss-ShieldRecharge.dds"/>
        <EditorCategories value="Race:Protoss"/>
    </CButton>
</Catalog>
