<?xml version="1.0" encoding="utf-8"?>
<Catalog>
    <CButton id="BuildDevastatorTurret">
        <Icon value="Assets\Textures\btn-tips-flamingbetty.dds"/>
        <AlertIcon value="Assets\Textures\btn-tips-flamingbetty.dds"/>
        <EditorCategories value="Race:Terran"/>
    </CButton>
    <CButton id="BuildingRepair">
        <Icon value="Assets\Textures\btn-ability-terran-repair.dds"/>
        <AlertIcon value="Assets\Textures\btn-ability-terran-repair.dds"/>
        <EditorCategories value="Race:Neutral"/>
        <TintRacially value="1"/>
        <Universal value="1"/>
    </CButton>
    <CButton id="CombatDrugs">
        <Icon value="Assets\Textures\btn-upgrade-terran-reapercombatdrugs.dds"/>
        <AlertIcon value="Assets\Textures\btn-upgrade-terran-reapercombatdrugs.dds"/>
        <EditorCategories value="Race:Terran"/>
    </CButton>
    <CButton id="Depower">
        <Icon value="Assets\Textures\btn-ability-protoss-psistorm.dds"/>
        <EditorCategories value="Race:Neutral"/>
        <AlertIcon value="Assets\Textures\btn-ability-protoss-psistorm.dds"/>
        <TintRacially value="1"/>
        <Universal value="1"/>
    </CButton>
    <CButton id="InfantryUltraCapacitors">
        <Icon value="Assets\Textures\btn-research-terran-ultracapacitors.dds"/>
        <AlertIcon value="Assets\Textures\btn-research-terran-ultracapacitors.dds"/>
        <EditorCategories value="Race:Terran"/>
    </CButton>
    <CButton id="InfantryVanadiumPlating">
        <Icon value="Assets\Textures\btn-research-terran-vanadiumplating.dds"/>
        <AlertIcon value="Assets\Textures\btn-research-terran-vanadiumplating.dds"/>
        <EditorCategories value="Race:Terran"/>
    </CButton>
    <CButton id="PauseQueue">
        <Icon value="EditorData\Images\CutSceneEditor\Playhead\Control_Pause.tga"/>
        <HotkeyAlias value="Cancel"/>
        <DefaultButtonLayout Row="2" Column="4"/>
    </CButton>
    <CButton id="ResumeQueue">
        <Icon value="Assets\Textures\sc2_ui_newplayerxp_playmovie.dds"/>
        <DefaultButtonLayout Row="2" Column="3"/>
    </CButton>
    <CButton id="Sell">
        <Icon value="Assets\Textures\btn-tips-credit.dds"/>
        <AlertIcon value="Assets\Textures\btn-tips-credit.dds"/>
        <EditorCategories value="Race:Neutral"/>
        <TintRacially value="1"/>
        <Universal value="1"/>
    </CButton>
</Catalog>
