<?xml version="1.0" encoding="utf-8"?>
<Catalog>
    <CDataCollectionUnit id="Armory">
        <DataRecord Entry="Abil,ArmoryResearch"/>
        <DataRecord Entry="Actor,Armory"/>
        <DataRecord Entry="Actor,ArmorySplat"/>
        <DataRecord Entry="Unit,Armory"/>
    </CDataCollectionUnit>
    <CDataCollectionUnit id="Armory2">
        <DataRecord Entry="Abil,Armory2Research"/>
        <DataRecord Entry="Actor,Armory2"/>
        <DataRecord Entry="Actor,Armory2Splat"/>
        <DataRecord Entry="Unit,Armory2"/>
        <Button value="Armory"/>
        <TechInfoUpgradeUsed value="TerranBuildingArmor"/>
    </CDataCollectionUnit>
    <CDataCollectionUnit id="Barracks">
        <DataRecord Entry="Abil,BarracksAddOns"/>
        <DataRecord Entry="Abil,BarracksLand"/>
        <DataRecord Entry="Abil,BarracksLiftOff"/>
        <DataRecord Entry="Abil,BarracksTrain"/>
        <DataRecord Entry="Unit,Barracks"/>
        <DataRecord Entry="Unit,BarracksFlying"/>
        <DataRecord Entry="Actor,Barracks"/>
    </CDataCollectionUnit>
    <CDataCollectionUnit id="Barracks2">
        <DataRecord Entry="Abil,Barracks2AddOns"/>
        <DataRecord Entry="Abil,Barracks2Land"/>
        <DataRecord Entry="Abil,Barracks2LiftOff"/>
        <DataRecord Entry="Abil,Barracks2Train"/>
        <DataRecord Entry="Unit,Barracks2"/>
        <DataRecord Entry="Unit,Barracks2Flying"/>
        <DataRecord Entry="Actor,Barracks2"/>
        <Button value="Barracks"/>
        <TechInfoUpgradeUsed value="TerranBuildingArmor"/>
    </CDataCollectionUnit>
    <CDataCollectionUnit id="Bunker2">
        <EditorCategories value=""/>
        <DataRecord Entry="Unit,Bunker2"/>
        <DataRecord Entry="Actor,Bunker2"/>
        <DataRecord Entry="Actor,Bunker2Splat"/>
        <Button value="Bunker"/>
        <TechInfoUnit value="BunkerSQ"/>
    </CDataCollectionUnit>
    <CDataCollectionUnit id="CommandCenter">
        <DataRecord Entry="Abil,CommandCenterLand"/>
        <DataRecord Entry="Abil,CommandCenterLiftOff"/>
        <DataRecord Entry="Abil,UpgradeToPlanetaryFortress"/>
        <DataRecord Entry="Abil,OrbitalLiftOff"/>
        <DataRecord Entry="Abil,OrbitalCommandLand"/>
        <DataRecord Entry="Actor,CommandCenter"/>
        <DataRecord Entry="Actor,CommandCenterSplat"/>
        <DataRecord Entry="Actor,OrbitalCommand"/>
        <DataRecord Entry="Actor,OrbitalCommandSplat"/>
        <DataRecord Entry="Actor,PlanetaryFortress"/>
        <DataRecord Entry="Actor,PlanetaryFortressSplat"/>
        <DataRecord Entry="Unit,CommandCenter"/>
        <DataRecord Entry="Unit,CommandCenterFlying"/>
        <DataRecord Entry="Unit,OrbitalCommand"/>
        <DataRecord Entry="Unit,OrbitalCommandFlying"/>
        <DataRecord Entry="Unit,PlanetaryFortress"/>
    </CDataCollectionUnit>
    <CDataCollectionUnit id="CommandCenter2">
        <DataRecord Entry="Abil,CommandCenter2Land"/>
        <DataRecord Entry="Abil,CommandCenter2LiftOff"/>
        <DataRecord Entry="Abil,UpgradeToPlanetaryFortress2"/>
        <DataRecord Entry="Abil,OrbitalLiftOff2"/>
        <DataRecord Entry="Abil,OrbitalCommandLand2"/>
        <DataRecord Entry="Actor,CommandCenter2"/>
        <DataRecord Entry="Actor,CommandCenter2Splat"/>
        <DataRecord Entry="Actor,OrbitalCommand2"/>
        <DataRecord Entry="Actor,OrbitalCommandSplat2"/>
        <DataRecord Entry="Actor,PlanetaryFortress2"/>
        <DataRecord Entry="Actor,PlanetaryFortressSplat2"/>
        <DataRecord Entry="Unit,CommandCenter2"/>
        <DataRecord Entry="Unit,CommandCenter2Flying"/>
        <DataRecord Entry="Unit,OrbitalCommand2"/>
        <DataRecord Entry="Unit,OrbitalCommandFlying2"/>
        <DataRecord Entry="Unit,PlanetaryFortress2"/>
        <Button value="CommandCenter"/>
        <TechInfoUpgradeUsed value="TerranBuildingArmor"/>
    </CDataCollectionUnit>
    <CDataCollectionUnit id="Crane">
        <DataRecord Entry="Actor,Crane"/>
        <DataRecord Entry="Unit,Crane"/>
        <TechInfoUpgradeUsed value="TerranBuildingArmor"/>
    </CDataCollectionUnit>
    <CDataCollectionUnit id="DevastationTurret">
        <DataRecord Entry="Actor,DevastationTurret"/>
        <DataRecord Entry="Unit,DevastationTurret"/>
        <Button value="MissileTurret"/>
        <TechInfoUpgradeUsed value="TerranBuildingArmor"/>
    </CDataCollectionUnit>
    <CDataCollectionUnit id="EngineeringBay">
        <DataRecord Entry="Abil,EngineeringBayResearch"/>
        <DataRecord Entry="Actor,EngineeringBay"/>
        <DataRecord Entry="Actor,EngineeringBaySplat"/>
        <DataRecord Entry="Unit,EngineeringBay"/>
    </CDataCollectionUnit>
    <CDataCollectionUnit id="EngineeringBay2">
        <DataRecord Entry="Abil,EngineeringBay2Research"/>
        <DataRecord Entry="Actor,EngineeringBay2"/>
        <DataRecord Entry="Actor,EngineeringBay2Splat"/>
        <DataRecord Entry="Unit,EngineeringBay2"/>
        <Button value="EngineeringBay"/>
        <TechInfoUpgradeUsed value="TerranBuildingArmor"/>
    </CDataCollectionUnit>
    <CDataCollectionUnit id="Factory">
        <DataRecord Entry="Abil,FactoryLand"/>
        <DataRecord Entry="Abil,FactoryLiftOff"/>
        <DataRecord Entry="Abil,FactoryTrain"/>
        <DataRecord Entry="Abil,FactoryAddOns"/>
        <DataRecord Entry="Actor,Factory"/>
        <DataRecord Entry="Unit,Factory"/>
        <DataRecord Entry="Unit,FactoryFlying"/>
    </CDataCollectionUnit>
    <CDataCollectionUnit id="Factory2">
        <DataRecord Entry="Abil,Factory2Land"/>
        <DataRecord Entry="Abil,Factory2LiftOff"/>
        <DataRecord Entry="Abil,Factory2Train"/>
        <DataRecord Entry="Abil,Factory2AddOns"/>
        <DataRecord Entry="Actor,Factory2"/>
        <DataRecord Entry="Unit,Factory2"/>
        <DataRecord Entry="Unit,Factory2Flying"/>
        <Button value="Factory"/>
        <TechInfoUpgradeUsed value="TerranBuildingArmor"/>
    </CDataCollectionUnit>
    <CDataCollectionUnit id="DevilDogSquad">
        <DataRecord Entry="Abil,DevilDogSquad"/>
        <DataRecord Entry="Weapon,DevilDogSquad"/>
        <DataRecord Entry="Actor,DevilDogSquad"/>
        <DataRecord Entry="Unit,DevilDogSquad"/>
        <TechInfoUnit value="MarineSquad"/>
        <TechInfoUpgradeUsed value="TerranInfantryUltraCapacitors"/>
    </CDataCollectionUnit>
    <CDataCollectionUnit id="FusionCore">
        <DataRecord Entry="Abil,FusionCoreResearch"/>
        <DataRecord Entry="Actor,FusionCore"/>
        <DataRecord Entry="Actor,FusionCoreSplat"/>
        <DataRecord Entry="Unit,FusionCore"/>
    </CDataCollectionUnit>
    <CDataCollectionUnit id="FusionCore2">
        <DataRecord Entry="Abil,FusionCore2Research"/>
        <DataRecord Entry="Actor,FusionCore2"/>
        <DataRecord Entry="Actor,FusionCore2Splat"/>
        <DataRecord Entry="Unit,FusionCore2"/>
        <Button value="FusionCore"/>
        <TechInfoUpgradeUsed value="TerranBuildingArmor"/>
    </CDataCollectionUnit>
    <CDataCollectionUnit id="GhostAcademy">
        <DataRecord Entry="Abil,ArmSiloWithNuke"/>
        <DataRecord Entry="Abil,GhostAcademyResearch"/>
        <DataRecord Entry="Actor,GhostAcademy"/>
        <DataRecord Entry="Actor,GhostAcademySplat"/>
        <DataRecord Entry="Unit,GhostAcademy"/>
    </CDataCollectionUnit>
    <CDataCollectionUnit id="GhostAcademy2">
        <DataRecord Entry="Abil,ArmSiloWithNuke2"/>
        <DataRecord Entry="Abil,GhostAcademy2Research"/>
        <DataRecord Entry="Actor,GhostAcademy2"/>
        <DataRecord Entry="Actor,GhostAcademy2Splat"/>
        <DataRecord Entry="Unit,GhostAcademy2"/>
        <Button value="GhostAcademy"/>
        <TechInfoUpgradeUsed value="TerranBuildingArmor"/>
    </CDataCollectionUnit>
    <CDataCollectionUnit id="GhostSquad">
        <DataRecord Entry="Abil,GhostSquad"/>
        <DataRecord Entry="Weapon,GhostSquad"/>
        <DataRecord Entry="Actor,GhostSquad"/>
        <DataRecord Entry="Unit,GhostSquad"/>
        <TechInfoUnit value="MarineSquad"/>
        <TechInfoUpgradeUsed value="TerranInfantryUltraCapacitors"/>
    </CDataCollectionUnit>
    <CDataCollectionUnit id="MarauderSquad">
        <DataRecord Entry="Abil,MarauderSquad"/>
        <DataRecord Entry="Weapon,MarauderSquad"/>
        <DataRecord Entry="Actor,MarauderSquad"/>
        <DataRecord Entry="Unit,MarauderSquad"/>
        <TechInfoUnit value="MarineSquad"/>
        <TechInfoUpgradeUsed value="TerranInfantryUltraCapacitors"/>
    </CDataCollectionUnit>
    <CDataCollectionUnit id="FirebatSquad">
        <DataRecord Entry="Abil,FirebatSquad"/>
        <DataRecord Entry="Weapon,FirebatSquad"/>
        <DataRecord Entry="Actor,FirebatSquad"/>
        <DataRecord Entry="Unit,FirebatSquad"/>
        <TechInfoUnit value="MarineSquad"/>
        <TechInfoUpgradeUsed value="TerranInfantryUltraCapacitors"/>
    </CDataCollectionUnit>
    <CDataCollectionUnit id="HammerSecuritiesSquad">
        <DataRecord Entry="Abil,HammerSecuritiesSquad"/>
        <DataRecord Entry="Weapon,HammerSecuritiesSquad"/>
        <DataRecord Entry="Actor,HammerSecuritiesSquad"/>
        <DataRecord Entry="Unit,HammerSecuritiesSquad"/>
        <TechInfoUnit value="MarineSquad"/>
        <TechInfoUpgradeUsed value="TerranInfantryUltraCapacitors"/>
    </CDataCollectionUnit>
    <CDataCollectionUnit id="MarineSquad">
        <DataRecord Entry="Abil,MarineSquad"/>
        <DataRecord Entry="Weapon,MarineSquad"/>
        <DataRecord Entry="Actor,MarineSquad"/>
        <DataRecord Entry="Unit,MarineSquad"/>
        <TechInfoUpgradeUsed value="TerranInfantryUltraCapacitors"/>
    </CDataCollectionUnit>
    <CDataCollectionUnit id="MedicSquad">
        <DataRecord Entry="Abil,MedicSquad"/>
        <DataRecord Entry="Weapon,MedicSquad"/>
        <DataRecord Entry="Actor,MedicSquad"/>
        <DataRecord Entry="Unit,MedicSquad"/>
        <TechInfoUpgradeUsed value="TerranInfantryUltraCapacitors"/>
    </CDataCollectionUnit>
    <CDataCollectionUnit id="MineralField">
        <DataRecord Entry="Actor,MineralField"/>
        <DataRecord Entry="Actor,MineralFieldSplat"/>
        <DataRecord Entry="Actor,MineralFieldSplatSmall"/>
        <DataRecord Entry="Behavior,MineralFieldMinerals"/>
        <DataRecord Entry="Unit,MineralField"/>
    </CDataCollectionUnit>
    <CDataCollectionUnit id="MissileTurret">
        <DataRecord Entry="Actor,MissileTurret"/>
        <DataRecord Entry="Unit,MissileTurret"/>
    </CDataCollectionUnit>
    <CDataCollectionUnit id="MissileTurret2">
        <DataRecord Entry="Actor,MissileTurret2"/>
        <DataRecord Entry="Unit,MissileTurret2"/>
        <Button value="MissileTurret"/>
        <TechInfoUpgradeUsed value="TerranBuildingArmor"/>
    </CDataCollectionUnit>
    <CDataCollectionUnit id="PlanetaryFortress2">
        <DataRecord Entry="Actor,PlanetaryFortress2"/>
        <DataRecord Entry="Actor,PlanetaryFortressSplat2"/>
        <DataRecord Entry="Unit,PlanetaryFortress2"/>
        <Button value="UpgradeToPlanetaryFortress"/>
        <UpgradeInfoUnitLifeArmorPerLevel value="1"/>
        <TechInfoUpgradeUsed value="TerranBuildingArmor"/>
    </CDataCollectionUnit>
    <CDataCollectionUnit id="ReaperSquad">
        <DataRecord Entry="Abil,ReaperSquad"/>
        <DataRecord Entry="Weapon,ReaperSquad"/>
        <DataRecord Entry="Actor,ReaperSquad"/>
        <DataRecord Entry="Unit,ReaperSquad"/>
        <TechInfoUpgradeUsed value="TerranInfantryUltraCapacitors"/>
    </CDataCollectionUnit>
    <CDataCollectionUnit id="Refinery2">
        <DataRecord Entry="Unit,Refinery2"/>
        <DataRecord Entry="Actor,Refinery2"/>
        <TechInfoUpgradeUsed value="TerranBuildingArmor"/>
    </CDataCollectionUnit>
    <CDataCollectionUnit id="SensorTower">
        <DataRecord Entry="Actor,SensorTower"/>
        <DataRecord Entry="Unit,SensorTower"/>
    </CDataCollectionUnit>
    <CDataCollectionUnit id="SensorTower2">
        <DataRecord Entry="Actor,SensorTower2"/>
        <DataRecord Entry="Unit,SensorTower2"/>
        <Button value="SensorTower"/>
        <TechInfoUpgradeUsed value="TerranBuildingArmor"/>
    </CDataCollectionUnit>
    <CDataCollectionUnit id="Starport">
        <DataRecord Entry="Abil,StarportAddOns"/>
        <DataRecord Entry="Abil,StarportLand"/>
        <DataRecord Entry="Abil,StarportLiftOff"/>
        <DataRecord Entry="Abil,StarportTrain"/>
        <DataRecord Entry="Actor,Starport"/>
        <DataRecord Entry="Unit,Starport"/>
        <DataRecord Entry="Unit,StarportFlying"/>
    </CDataCollectionUnit>
    <CDataCollectionUnit id="Starport2">
        <DataRecord Entry="Abil,Starport2AddOns"/>
        <DataRecord Entry="Abil,Starport2Land"/>
        <DataRecord Entry="Abil,Starport2LiftOff"/>
        <DataRecord Entry="Abil,Starport2Train"/>
        <DataRecord Entry="Actor,Starport2"/>
        <DataRecord Entry="Unit,Starport2"/>
        <DataRecord Entry="Unit,Starport2Flying"/>
        <Button value="Starport"/>
        <TechInfoUpgradeUsed value="TerranBuildingArmor"/>
    </CDataCollectionUnit>
    <CDataCollectionUnit id="Stone">
        <DataRecord Entry="Unit,Stone"/>
        <DataRecord Entry="Actor,Stone"/>
        <TechInfoUpgradeUsed value="TerranVehicleVanadiumPlating"/>
    </CDataCollectionUnit>
    <CDataCollectionUnit id="SupplyDepot">
        <DataRecord Entry="Unit,SupplyDepotLowered"/>
        <DataRecord Entry="Abil,SupplyDepotRaise"/>
        <DataRecord Entry="Abil,SupplyDepotLower"/>
        <DataRecord Entry="Actor,SupplyDepot"/>
        <DataRecord Entry="Actor,SupplyDepotLowered"/>
        <DataRecord Entry="Actor,SupplyDepotSplat"/>
        <DataRecord Entry="Unit,SupplyDepot"/>
    </CDataCollectionUnit>
    <CDataCollectionUnit id="SupplyDepot2">
        <DataRecord Entry="Unit,SupplyDepot2Lowered"/>
        <DataRecord Entry="Abil,SupplyDepot2Raise"/>
        <DataRecord Entry="Abil,SupplyDepot2Lower"/>
        <DataRecord Entry="Actor,SupplyDepot2"/>
        <DataRecord Entry="Actor,SupplyDepot2Lowered"/>
        <DataRecord Entry="Actor,SupplyDepot2Splat"/>
        <DataRecord Entry="Unit,SupplyDepot2"/>
        <DataRecord Entry="DataCollection,SupplyDepot2Lowered"/>
        <Button value="SupplyDepot"/>
        <TechInfoUpgradeUsed value="TerranBuildingArmor"/>
    </CDataCollectionUnit>
    <CDataCollectionUnit id="SupplyDepot2Lowered">
        <TechInfoUpgradeUsed value="TerranBuildingArmor"/>
    </CDataCollectionUnit>
    <CDataCollectionUnit id="TibNodeLarge">
        <DataRecord Entry="Actor,TibNodeLarge"/>
        <DataRecord Entry="Actor,TibNodeLargeSplat"/>
        <DataRecord Entry="Unit,TibNodeLarge"/>
        <DataRecord Entry="Behavior,TibNodeLarge"/>
        <DataRecord Entry="Effect,TibNodeLargeStarter"/>
        <DataRecord Entry="Effect,TibNodeLarge"/>
        <DataRecord Entry="Effect,TibNodeLargeSearchLarge"/>
        <DataRecord Entry="Effect,TibNodeLargeSearchSet"/>
        <DataRecord Entry="Effect,TibNodeLargeSearch"/>
        <DataRecord Entry="Effect,TibNodeLargeGrow"/>
    </CDataCollectionUnit>
    <CDataCollectionUnit id="TibNodeMedium">
        <DataRecord Entry="Actor,TibNodeMedium"/>
        <DataRecord Entry="Actor,TibNodeMediumSplat"/>
        <DataRecord Entry="Unit,TibNodeMedium"/>
        <DataRecord Entry="Behavior,TibNodeMedium"/>
        <DataRecord Entry="Effect,TibNodeMediumStarter"/>
        <DataRecord Entry="Effect,TibNodeMedium"/>
        <DataRecord Entry="Effect,TibNodeMediumSearch"/>
        <DataRecord Entry="Effect,TibNodeMediumSearchSet"/>
        <DataRecord Entry="Effect,TibNodeMediumSearchSmall"/>
        <DataRecord Entry="Effect,TibNodeMediumGrow"/>
    </CDataCollectionUnit>
    <CDataCollectionUnit id="TibNodeSmall">
        <DataRecord Entry="Actor,TibNodeSmall"/>
        <DataRecord Entry="Actor,TibNodeSmallSplat"/>
        <DataRecord Entry="Unit,TibNodeSmall"/>
        <DataRecord Entry="Behavior,TibNodeSmall"/>
        <DataRecord Entry="Effect,TibNodeSmallStarter"/>
        <DataRecord Entry="Effect,TibNodeSmall"/>
        <DataRecord Entry="Effect,TibNodeSmallSearch"/>
        <DataRecord Entry="Effect,TibNodeSmallSearchSet"/>
        <DataRecord Entry="Effect,TibNodeSmallSearchSmall"/>
        <DataRecord Entry="Effect,TibNodeSmallGrow"/>
    </CDataCollectionUnit>
    <CDataCollectionUnit id="TibVein">
        <DataRecord Entry="Actor,TibVein"/>
        <DataRecord Entry="Actor,TibVeinSplat"/>
        <DataRecord Entry="Actor,TibVeinSplatSmall"/>
        <DataRecord Entry="Behavior,TibVeinMinerals"/>
        <DataRecord Entry="Unit,TibVein"/>
    </CDataCollectionUnit>
    <CDataCollectionUnit id="Bunker">
        <EditorCategories value=""/>
        <DataRecord Entry="Unit,Bunker"/>
        <DataRecord Entry="Actor,Bunker"/>
        <DataRecord Entry="Actor,BunkerSplat"/>
    </CDataCollectionUnit>
    <CDataCollectionUnit id="VespeneGeyser">
        <DataRecord Entry="Actor,VespeneGeyser"/>
        <DataRecord Entry="Actor,VespeneGeyserSplat"/>
        <DataRecord Entry="Unit,VespeneGeyser"/>
    </CDataCollectionUnit>
    <CDataCollectionUnit id="WarPigSquad">
        <DataRecord Entry="Abil,WarPigSquad"/>
        <DataRecord Entry="Weapon,WarPigSquad"/>
        <DataRecord Entry="Actor,WarPigSquad"/>
        <DataRecord Entry="Unit,WarPigSquad"/>
        <TechInfoUpgradeUsed value="TerranInfantryUltraCapacitors"/>
    </CDataCollectionUnit>
</Catalog>
