<?xml version="1.0" encoding="utf-8"?>
<Catalog>
    <CDataCollectionUnit default="1" id="PlasmaShieldBase">
        <Name value="DataCollection/Name/PlasmaShieldBase"/>
        <EditorCategories value="DataGroup:Unit"/>
        <TechInfoUpgradeUsed value="TechReactor"/>
        <TechInfoUpgradeUsed value="ImprovedPlasmaShields"/>
    </CDataCollectionUnit>
    <CDataCollectionUnit id="Armory">
        <DataRecord Entry="Abil,ArmoryResearch"/>
        <DataRecord Entry="Actor,Armory"/>
        <DataRecord Entry="Actor,ArmorySplat"/>
        <DataRecord Entry="Unit,Armory"/>
    </CDataCollectionUnit>
    <CDataCollectionUnit id="Armory2">
        <DataRecord Entry="Abil,Armory2Research"/>
        <DataRecord Entry="Actor,Armory2"/>
        <DataRecord Entry="Actor,Armory2Splat"/>
        <DataRecord Entry="Unit,Armory2"/>
        <Button value="Armory"/>
        <TechInfoUpgradeUsed value="TerranBuildingArmor"/>
    </CDataCollectionUnit>
    <CDataCollectionUnit id="Barracks">
        <DataRecord Entry="Abil,BarracksAddOns"/>
        <DataRecord Entry="Abil,BarracksLand"/>
        <DataRecord Entry="Abil,BarracksLiftOff"/>
        <DataRecord Entry="Abil,BarracksTrain"/>
        <DataRecord Entry="Unit,Barracks"/>
        <DataRecord Entry="Unit,BarracksFlying"/>
        <DataRecord Entry="Actor,Barracks"/>
    </CDataCollectionUnit>
    <CDataCollectionUnit id="Barracks2">
        <DataRecord Entry="Abil,Barracks2AddOns"/>
        <DataRecord Entry="Abil,Barracks2Land"/>
        <DataRecord Entry="Abil,Barracks2LiftOff"/>
        <DataRecord Entry="Abil,Barracks2Train"/>
        <DataRecord Entry="Unit,Barracks2"/>
        <DataRecord Entry="Unit,Barracks2Flying"/>
        <DataRecord Entry="Actor,Barracks2"/>
        <Button value="Barracks"/>
        <TechInfoUpgradeUsed value="TerranBuildingArmor"/>
    </CDataCollectionUnit>
    <CDataCollectionUnit id="Bunker2">
        <DataRecord Entry="Unit,Bunker2"/>
        <DataRecord Entry="Actor,Bunker2"/>
        <DataRecord Entry="Actor,Bunker2Splat"/>
        <Button value="Bunker"/>
        <TechInfoUnit value="BunkerSQ"/>
        <TechInfoUpgradeUsed value="TerranBuildingArmor"/>
    </CDataCollectionUnit>
    <CDataCollectionUnit id="CallDarkTemplar">
        <EditorCategories value="DataGroup:Ability"/>
        <DataRecord Entry="Abil,CallDarkTemplar"/>
        <Button value=""/>
        <TechInfoUpgradeUsed value="OrbitalStrike"/>
    </CDataCollectionUnit>
    <CDataCollectionUnit id="CallInGoldenArmada">
        <EditorCategories value="DataGroup:Ability"/>
        <DataRecord Entry="Abil,CallInGoldenArmada"/>
        <Button value=""/>
        <TechInfoUpgradeUsed value="OrbitalStrike"/>
    </CDataCollectionUnit>
    <CDataCollectionUnit id="ChronoDevice">
        <EditorCategories value="DataGroup:Ability"/>
        <DataRecord Entry="Abil,ChronoDevice"/>
        <Button value=""/>
        <TechInfoUpgradeUsed value="OrbitalStrike"/>
    </CDataCollectionUnit>
    <CDataCollectionUnit id="CommandCenter">
        <DataRecord Entry="Abil,CommandCenterLand"/>
        <DataRecord Entry="Abil,CommandCenterLiftOff"/>
        <DataRecord Entry="Abil,UpgradeToPlanetaryFortress"/>
        <DataRecord Entry="Abil,OrbitalLiftOff"/>
        <DataRecord Entry="Abil,OrbitalCommandLand"/>
        <DataRecord Entry="Actor,CommandCenter"/>
        <DataRecord Entry="Actor,CommandCenterSplat"/>
        <DataRecord Entry="Actor,OrbitalCommand"/>
        <DataRecord Entry="Actor,OrbitalCommandSplat"/>
        <DataRecord Entry="Actor,PlanetaryFortress"/>
        <DataRecord Entry="Actor,PlanetaryFortressSplat"/>
        <DataRecord Entry="Unit,CommandCenter"/>
        <DataRecord Entry="Unit,CommandCenterFlying"/>
        <DataRecord Entry="Unit,OrbitalCommand"/>
        <DataRecord Entry="Unit,OrbitalCommandFlying"/>
        <DataRecord Entry="Unit,PlanetaryFortress"/>
    </CDataCollectionUnit>
    <CDataCollectionUnit id="CommandCenter2">
        <DataRecord Entry="Abil,CommandCenter2Land"/>
        <DataRecord Entry="Abil,CommandCenter2LiftOff"/>
        <DataRecord Entry="Abil,UpgradeToPlanetaryFortress2"/>
        <DataRecord Entry="Abil,OrbitalLiftOff2"/>
        <DataRecord Entry="Abil,OrbitalCommandLand2"/>
        <DataRecord Entry="Actor,CommandCenter2"/>
        <DataRecord Entry="Actor,CommandCenter2Splat"/>
        <DataRecord Entry="Actor,OrbitalCommand2"/>
        <DataRecord Entry="Actor,OrbitalCommandSplat2"/>
        <DataRecord Entry="Actor,PlanetaryFortress2"/>
        <DataRecord Entry="Actor,PlanetaryFortressSplat2"/>
        <DataRecord Entry="Unit,CommandCenter2"/>
        <DataRecord Entry="Unit,CommandCenter2Flying"/>
        <DataRecord Entry="Unit,OrbitalCommand2"/>
        <DataRecord Entry="Unit,OrbitalCommandFlying2"/>
        <DataRecord Entry="Unit,PlanetaryFortress2"/>
        <Button value="CommandCenter"/>
        <TechInfoUpgradeUsed value="TerranBuildingArmor"/>
    </CDataCollectionUnit>
    <CDataCollectionUnit id="Crane">
        <DataRecord Entry="Actor,Crane"/>
        <DataRecord Entry="Unit,Crane"/>
        <TechInfoUpgradeUsed value="TerranBuildingArmor"/>
    </CDataCollectionUnit>
    <CDataCollectionUnit id="DeployLaserDrill">
        <EditorCategories value="DataGroup:Ability"/>
        <DataRecord Entry="Abil,DeployLaserDrill"/>
        <Button value=""/>
        <TechInfoUpgradeUsed value="OrbitalStrike"/>
    </CDataCollectionUnit>
    <CDataCollectionUnit id="DevastationTurret">
        <DataRecord Entry="Actor,DevastationTurret"/>
        <DataRecord Entry="Unit,DevastationTurret"/>
        <Button value="MissileTurret"/>
        <TechInfoUpgradeUsed value="TerranBuildingArmor"/>
    </CDataCollectionUnit>
    <CDataCollectionUnit id="EngineeringBay">
        <DataRecord Entry="Abil,EngineeringBayResearch"/>
        <DataRecord Entry="Actor,EngineeringBay"/>
        <DataRecord Entry="Actor,EngineeringBaySplat"/>
        <DataRecord Entry="Unit,EngineeringBay"/>
    </CDataCollectionUnit>
    <CDataCollectionUnit id="EngineeringBay2">
        <DataRecord Entry="Abil,EngineeringBay2Research"/>
        <DataRecord Entry="Actor,EngineeringBay2"/>
        <DataRecord Entry="Actor,EngineeringBay2Splat"/>
        <DataRecord Entry="Unit,EngineeringBay2"/>
        <Button value="EngineeringBay"/>
        <TechInfoUpgradeUsed value="TerranBuildingArmor"/>
    </CDataCollectionUnit>
    <CDataCollectionUnit id="Factory">
        <DataRecord Entry="Abil,FactoryLand"/>
        <DataRecord Entry="Abil,FactoryLiftOff"/>
        <DataRecord Entry="Abil,FactoryTrain"/>
        <DataRecord Entry="Abil,FactoryAddOns"/>
        <DataRecord Entry="Actor,Factory"/>
        <DataRecord Entry="Unit,Factory"/>
        <DataRecord Entry="Unit,FactoryFlying"/>
    </CDataCollectionUnit>
    <CDataCollectionUnit id="Factory2">
        <DataRecord Entry="Abil,Factory2Land"/>
        <DataRecord Entry="Abil,Factory2LiftOff"/>
        <DataRecord Entry="Abil,Factory2Train"/>
        <DataRecord Entry="Abil,Factory2AddOns"/>
        <DataRecord Entry="Actor,Factory2"/>
        <DataRecord Entry="Unit,Factory2"/>
        <DataRecord Entry="Unit,Factory2Flying"/>
        <Button value="Factory"/>
        <TechInfoUpgradeUsed value="TerranBuildingArmor"/>
    </CDataCollectionUnit>
    <CDataCollectionUnit id="DevilDogSquad">
        <DataRecord Entry="Abil,DevilDogSquad"/>
        <DataRecord Entry="Weapon,DevilDogSquad"/>
        <DataRecord Entry="Actor,DevilDogSquad"/>
        <DataRecord Entry="Unit,DevilDogSquad"/>
        <TechInfoUnit value="MarineSquad"/>
        <TechInfoUpgradeUsed value="TerranInfantryUltraCapacitors"/>
        <TechInfoUpgradeUsed value="TerranInfantryVanadiumPlating"/>
        <TechInfoUpgradeUsed value="TechReactor"/>
        <TechInfoUpgradeUsed value="ImprovedPlasmaShields"/>
    </CDataCollectionUnit>
    <CDataCollectionUnit id="FusionCore">
        <DataRecord Entry="Abil,FusionCoreResearch"/>
        <DataRecord Entry="Actor,FusionCore"/>
        <DataRecord Entry="Actor,FusionCoreSplat"/>
        <DataRecord Entry="Unit,FusionCore"/>
    </CDataCollectionUnit>
    <CDataCollectionUnit id="FusionCore2">
        <DataRecord Entry="Abil,FusionCore2Research"/>
        <DataRecord Entry="Actor,FusionCore2"/>
        <DataRecord Entry="Actor,FusionCore2Splat"/>
        <DataRecord Entry="Unit,FusionCore2"/>
        <Button value="FusionCore"/>
        <TechInfoUpgradeUsed value="TerranBuildingArmor"/>
    </CDataCollectionUnit>
    <CDataCollectionUnit id="GhostAcademy">
        <DataRecord Entry="Abil,ArmSiloWithNuke"/>
        <DataRecord Entry="Abil,GhostAcademyResearch"/>
        <DataRecord Entry="Actor,GhostAcademy"/>
        <DataRecord Entry="Actor,GhostAcademySplat"/>
        <DataRecord Entry="Unit,GhostAcademy"/>
    </CDataCollectionUnit>
    <CDataCollectionUnit id="GhostAcademy2">
        <DataRecord Entry="Abil,ArmSiloWithNuke2"/>
        <DataRecord Entry="Abil,GhostAcademy2Research"/>
        <DataRecord Entry="Actor,GhostAcademy2"/>
        <DataRecord Entry="Actor,GhostAcademy2Splat"/>
        <DataRecord Entry="Unit,GhostAcademy2"/>
        <Button value="GhostAcademy"/>
        <TechInfoUpgradeUsed value="TerranBuildingArmor"/>
    </CDataCollectionUnit>
    <CDataCollectionUnit id="HiveMindEmulator">
        <EditorCategories value="DataGroup:Ability"/>
        <DataRecord Entry="Abil,HiveMindEmulator"/>
        <DataRecord Entry="Button,HiveMindEmulator3"/>
        <DataRecord Entry="Button,HiveMindEmulator4"/>
        <DataRecord Entry="Button,HiveMindEmulator5"/>
        <DataRecord Entry="Button,HiveMindEmulator6"/>
        <DataRecord Entry="Button,HiveMindEmulator7"/>
        <DataRecord Entry="Button,HiveMindEmulator8"/>
        <DataRecord Entry="Button,HiveMindEmulator9"/>
        <DataRecord Entry="Button,HiveMindEmulator10"/>
        <DataRecord Entry="Button,HiveMindEmulator11"/>
        <DataRecord Entry="Button,HiveMindEmulator12"/>
        <DataRecord Entry="Button,HiveMindEmulator13"/>
        <DataRecord Entry="Button,HiveMindEmulator14"/>
        <DataRecord Entry="Skin,HiveMindEmulator3"/>
        <DataRecord Entry="Skin,HiveMindEmulator4"/>
        <DataRecord Entry="Skin,HiveMindEmulator5"/>
        <DataRecord Entry="Skin,HiveMindEmulator6"/>
        <DataRecord Entry="Skin,HiveMindEmulator7"/>
        <DataRecord Entry="Skin,HiveMindEmulator8"/>
        <DataRecord Entry="Skin,HiveMindEmulator9"/>
        <DataRecord Entry="Skin,HiveMindEmulator10"/>
        <DataRecord Entry="Skin,HiveMindEmulator11"/>
        <DataRecord Entry="Skin,HiveMindEmulator12"/>
        <DataRecord Entry="Skin,HiveMindEmulator13"/>
        <DataRecord Entry="Skin,HiveMindEmulator14"/>
        <Button value=""/>
        <TechInfoUpgradeUsed value="OrbitalStrike"/>
    </CDataCollectionUnit>
    <CDataCollectionUnit id="HyperionYamato">
        <EditorCategories value="DataGroup:Ability"/>
        <DataRecord Entry="Abil,HyperionYamato"/>
        <Button value=""/>
        <TechInfoUpgradeUsed value="OrbitalStrike"/>
    </CDataCollectionUnit>
    <CDataCollectionUnit id="InfantryMercenaries">
        <EditorCategories value="DataGroup:Ability"/>
        <DataRecord Entry="Abil,InfantryMercenaries"/>
        <Button value=""/>
        <TechInfoUpgradeUsed value="OrbitalStrike"/>
    </CDataCollectionUnit>
    <CDataCollectionUnit id="MarauderSquad">
        <DataRecord Entry="Abil,MarauderSquad"/>
        <DataRecord Entry="Weapon,MarauderSquad"/>
        <DataRecord Entry="Actor,MarauderSquad"/>
        <DataRecord Entry="Unit,MarauderSquad"/>
        <TechInfoUnit value="MarineSquad"/>
        <TechInfoUpgradeUsed value="TerranInfantryUltraCapacitors"/>
        <TechInfoUpgradeUsed value="TerranInfantryVanadiumPlating"/>
        <TechInfoUpgradeUsed value="TechReactor"/>
        <TechInfoUpgradeUsed value="ImprovedPlasmaShields"/>
    </CDataCollectionUnit>
    <CDataCollectionUnit id="FirebatSquad">
        <DataRecord Entry="Abil,FirebatSquad"/>
        <DataRecord Entry="Weapon,FirebatSquad"/>
        <DataRecord Entry="Actor,FirebatSquad"/>
        <DataRecord Entry="Unit,FirebatSquad"/>
        <TechInfoUnit value="MarineSquad"/>
        <TechInfoUpgradeUsed value="TerranInfantryUltraCapacitors"/>
        <TechInfoUpgradeUsed value="TerranInfantryVanadiumPlating"/>
        <TechInfoUpgradeUsed value="TechReactor"/>
        <TechInfoUpgradeUsed value="ImprovedPlasmaShields"/>
    </CDataCollectionUnit>
    <CDataCollectionUnit id="HammerSecuritiesSquad">
        <DataRecord Entry="Abil,HammerSecuritiesSquad"/>
        <DataRecord Entry="Weapon,HammerSecuritiesSquad"/>
        <DataRecord Entry="Actor,HammerSecuritiesSquad"/>
        <DataRecord Entry="Unit,HammerSecuritiesSquad"/>
        <TechInfoUnit value="MarineSquad"/>
        <TechInfoUpgradeUsed value="TerranInfantryUltraCapacitors"/>
        <TechInfoUpgradeUsed value="TerranInfantryVanadiumPlating"/>
        <TechInfoUpgradeUsed value="TechReactor"/>
        <TechInfoUpgradeUsed value="ImprovedPlasmaShields"/>
    </CDataCollectionUnit>
    <CDataCollectionUnit id="MarineSquad">
        <DataRecord Entry="Abil,MarineSquad"/>
        <DataRecord Entry="Weapon,MarineSquad"/>
        <DataRecord Entry="Actor,MarineSquad"/>
        <DataRecord Entry="Unit,MarineSquad"/>
        <TechInfoUpgradeUsed value="TerranInfantryUltraCapacitors"/>
        <TechInfoUpgradeUsed value="TerranInfantryVanadiumPlating"/>
        <TechInfoUpgradeUsed value="TechReactor"/>
        <TechInfoUpgradeUsed value="ImprovedPlasmaShields"/>
    </CDataCollectionUnit>
    <CDataCollectionUnit id="MedicSquad">
        <DataRecord Entry="Abil,MedicSquad"/>
        <DataRecord Entry="Weapon,MedicSquad"/>
        <DataRecord Entry="Actor,MedicSquad"/>
        <DataRecord Entry="Unit,MedicSquad"/>
        <TechInfoUpgradeUsed value="TerranInfantryUltraCapacitors"/>
        <TechInfoUpgradeUsed value="TerranInfantryVanadiumPlating"/>
        <TechInfoUpgradeUsed value="TechReactor"/>
        <TechInfoUpgradeUsed value="ImprovedPlasmaShields"/>
    </CDataCollectionUnit>
    <CDataCollectionUnit id="MineralField">
        <DataRecord Entry="Actor,MineralField"/>
        <DataRecord Entry="Actor,MineralFieldSplat"/>
        <DataRecord Entry="Actor,MineralFieldSplatSmall"/>
        <DataRecord Entry="Behavior,MineralFieldMinerals"/>
        <DataRecord Entry="Unit,MineralField"/>
    </CDataCollectionUnit>
    <CDataCollectionUnit id="MissileTurret">
        <DataRecord Entry="Actor,MissileTurret"/>
        <DataRecord Entry="Unit,MissileTurret"/>
    </CDataCollectionUnit>
    <CDataCollectionUnit id="MissileTurret2">
        <DataRecord Entry="Actor,MissileTurret2"/>
        <DataRecord Entry="Unit,MissileTurret2"/>
        <Button value="MissileTurret"/>
        <TechInfoUpgradeUsed value="TerranBuildingArmor"/>
    </CDataCollectionUnit>
    <CDataCollectionUnit id="Nova" parent="PlasmaShieldBase">
        <Name value="DataCollection/Name/Nova"/>
    </CDataCollectionUnit>
    <CDataCollectionUnit id="Odin" parent="PlasmaShieldBase">
        <Name value="DataCollection/Name/Odin"/>
    </CDataCollectionUnit>
    <CDataCollectionUnit id="PlanetaryFortress2">
        <DataRecord Entry="Actor,PlanetaryFortress2"/>
        <DataRecord Entry="Actor,PlanetaryFortressSplat2"/>
        <DataRecord Entry="Unit,PlanetaryFortress2"/>
        <Button value="UpgradeToPlanetaryFortress"/>
        <UpgradeInfoUnitLifeArmorPerLevel value="1"/>
        <TechInfoUpgradeUsed value="TerranBuildingArmor"/>
    </CDataCollectionUnit>
    <CDataCollectionUnit id="PsiDisruptor">
        <EditorCategories value="DataGroup:Ability"/>
        <DataRecord Entry="Abil,PsiDisruptor"/>
        <DataRecord Entry="Button,PsiDisruptor3"/>
        <DataRecord Entry="Button,PsiDisruptor4"/>
        <DataRecord Entry="Button,PsiDisruptor5"/>
        <DataRecord Entry="Button,PsiDisruptor6"/>
        <DataRecord Entry="Button,PsiDisruptor7"/>
        <DataRecord Entry="Button,PsiDisruptor8"/>
        <DataRecord Entry="Button,PsiDisruptor9"/>
        <DataRecord Entry="Button,PsiDisruptor10"/>
        <DataRecord Entry="Button,PsiDisruptor11"/>
        <DataRecord Entry="Button,PsiDisruptor12"/>
        <DataRecord Entry="Button,PsiDisruptor13"/>
        <DataRecord Entry="Button,PsiDisruptor14"/>
        <DataRecord Entry="Skin,PsiDisruptor3"/>
        <DataRecord Entry="Skin,PsiDisruptor4"/>
        <DataRecord Entry="Skin,PsiDisruptor5"/>
        <DataRecord Entry="Skin,PsiDisruptor6"/>
        <DataRecord Entry="Skin,PsiDisruptor7"/>
        <DataRecord Entry="Skin,PsiDisruptor8"/>
        <DataRecord Entry="Skin,PsiDisruptor9"/>
        <DataRecord Entry="Skin,PsiDisruptor10"/>
        <DataRecord Entry="Skin,PsiDisruptor11"/>
        <DataRecord Entry="Skin,PsiDisruptor12"/>
        <DataRecord Entry="Skin,PsiDisruptor13"/>
        <DataRecord Entry="Skin,PsiDisruptor14"/>
        <Button value=""/>
        <TechInfoUpgradeUsed value="OrbitalStrike"/>
    </CDataCollectionUnit>
    <CDataCollectionUnit id="Raynor" parent="PlasmaShieldBase">
        <Name value="DataCollection/Name/Raynor"/>
    </CDataCollectionUnit>
    <CDataCollectionUnit id="RaynorCommando" parent="PlasmaShieldBase">
        <Name value="DataCollection/Name/RaynorCommando"/>
    </CDataCollectionUnit>
    <CDataCollectionUnit id="ReaperSquad">
        <DataRecord Entry="Abil,ReaperSquad"/>
        <DataRecord Entry="Weapon,ReaperSquad"/>
        <DataRecord Entry="Actor,ReaperSquad"/>
        <DataRecord Entry="Unit,ReaperSquad"/>
        <TechInfoUpgradeUsed value="TerranInfantryUltraCapacitors"/>
        <TechInfoUpgradeUsed value="TerranInfantryVanadiumPlating"/>
        <TechInfoUpgradeUsed value="TechReactor"/>
        <TechInfoUpgradeUsed value="ImprovedPlasmaShields"/>
    </CDataCollectionUnit>
    <CDataCollectionUnit id="Refinery2">
        <DataRecord Entry="Unit,Refinery2"/>
        <DataRecord Entry="Actor,Refinery2"/>
        <TechInfoUpgradeUsed value="TerranBuildingArmor"/>
    </CDataCollectionUnit>
    <CDataCollectionUnit id="SCV2">
        <TechInfoUpgradeUsed value="TerranVehicleVanadiumPlating"/>
        <TechInfoUpgradeUsed value="TechReactor"/>
        <TechInfoUpgradeUsed value="ImprovedPlasmaShields"/>
    </CDataCollectionUnit>
    <CDataCollectionUnit id="ScannerSweepTopbar">
        <EditorCategories value="DataGroup:Ability"/>
        <DataRecord Entry="Abil,ScannerSweepTopbar"/>
        <Button value=""/>
        <TechInfoUpgradeUsed value="OrbitalStrike"/>
    </CDataCollectionUnit>
    <CDataCollectionUnit id="SensorTower">
        <DataRecord Entry="Actor,SensorTower"/>
        <DataRecord Entry="Unit,SensorTower"/>
    </CDataCollectionUnit>
    <CDataCollectionUnit id="SensorTower2">
        <DataRecord Entry="Actor,SensorTower2"/>
        <DataRecord Entry="Unit,SensorTower2"/>
        <Button value="SensorTower"/>
        <TechInfoUpgradeUsed value="TerranBuildingArmor"/>
    </CDataCollectionUnit>
    <CDataCollectionUnit id="Starport">
        <DataRecord Entry="Abil,StarportAddOns"/>
        <DataRecord Entry="Abil,StarportLand"/>
        <DataRecord Entry="Abil,StarportLiftOff"/>
        <DataRecord Entry="Abil,StarportTrain"/>
        <DataRecord Entry="Actor,Starport"/>
        <DataRecord Entry="Unit,Starport"/>
        <DataRecord Entry="Unit,StarportFlying"/>
    </CDataCollectionUnit>
    <CDataCollectionUnit id="Starport2">
        <DataRecord Entry="Abil,Starport2AddOns"/>
        <DataRecord Entry="Abil,Starport2Land"/>
        <DataRecord Entry="Abil,Starport2LiftOff"/>
        <DataRecord Entry="Abil,Starport2Train"/>
        <DataRecord Entry="Actor,Starport2"/>
        <DataRecord Entry="Unit,Starport2"/>
        <DataRecord Entry="Unit,Starport2Flying"/>
        <Button value="Starport"/>
        <TechInfoUpgradeUsed value="TerranBuildingArmor"/>
    </CDataCollectionUnit>
    <CDataCollectionUnit id="StarshipMercenaries">
        <EditorCategories value="DataGroup:Ability"/>
        <DataRecord Entry="Abil,StarshipMercenaries"/>
        <Button value=""/>
        <TechInfoUpgradeUsed value="OrbitalStrike"/>
    </CDataCollectionUnit>
    <CDataCollectionUnit id="Stetmann" parent="PlasmaShieldBase">
        <Name value="DataCollection/Name/Stetmann"/>
    </CDataCollectionUnit>
    <CDataCollectionUnit id="Stone">
        <DataRecord Entry="Unit,Stone"/>
        <DataRecord Entry="Actor,Stone"/>
        <TechInfoUpgradeUsed value="TerranVehicleVanadiumPlating"/>
        <TechInfoUpgradeUsed value="TechReactor"/>
        <TechInfoUpgradeUsed value="ImprovedPlasmaShields"/>
    </CDataCollectionUnit>
    <CDataCollectionUnit id="SupplyDepot">
        <DataRecord Entry="Unit,SupplyDepotLowered"/>
        <DataRecord Entry="Abil,SupplyDepotRaise"/>
        <DataRecord Entry="Abil,SupplyDepotLower"/>
        <DataRecord Entry="Actor,SupplyDepot"/>
        <DataRecord Entry="Actor,SupplyDepotLowered"/>
        <DataRecord Entry="Actor,SupplyDepotSplat"/>
        <DataRecord Entry="Unit,SupplyDepot"/>
    </CDataCollectionUnit>
    <CDataCollectionUnit id="SupplyDepot2">
        <DataRecord Entry="Unit,SupplyDepot2Lowered"/>
        <DataRecord Entry="Abil,SupplyDepot2Raise"/>
        <DataRecord Entry="Abil,SupplyDepot2Lower"/>
        <DataRecord Entry="Actor,SupplyDepot2"/>
        <DataRecord Entry="Actor,SupplyDepot2Lowered"/>
        <DataRecord Entry="Actor,SupplyDepot2Splat"/>
        <DataRecord Entry="Unit,SupplyDepot2"/>
        <DataRecord Entry="DataCollection,SupplyDepot2Lowered"/>
        <Button value="SupplyDepot"/>
        <TechInfoUpgradeUsed value="TerranBuildingArmor"/>
    </CDataCollectionUnit>
    <CDataCollectionUnit id="SupplyDepot2Lowered">
        <TechInfoUpgradeUsed value="TerranBuildingArmor"/>
    </CDataCollectionUnit>
    <CDataCollectionUnit id="Swann" parent="PlasmaShieldBase">
        <Name value="DataCollection/Name/Swann"/>
    </CDataCollectionUnit>
    <CDataCollectionUnit id="TacNukeStrikeTopbar">
        <EditorCategories value="DataGroup:Ability"/>
        <DataRecord Entry="Abil,TacNukeStrikeTopbar"/>
        <Button value=""/>
        <TechInfoUpgradeUsed value="OrbitalStrike"/>
    </CDataCollectionUnit>
    <CDataCollectionUnit id="TacticalMissileStrike">
        <EditorCategories value="DataGroup:Ability"/>
        <DataRecord Entry="Abil,TacticalMissileStrike"/>
        <Button value=""/>
        <TechInfoUpgradeUsed value="OrbitalStrike"/>
    </CDataCollectionUnit>
    <CDataCollectionUnit id="TibNodeLarge">
        <DataRecord Entry="Actor,TibNodeLarge"/>
        <DataRecord Entry="Actor,TibNodeLargeSplat"/>
        <DataRecord Entry="Unit,TibNodeLarge"/>
        <DataRecord Entry="Behavior,TibNodeLarge"/>
        <DataRecord Entry="Effect,TibNodeLargeStarter"/>
        <DataRecord Entry="Effect,TibNodeLarge"/>
        <DataRecord Entry="Effect,TibNodeLargeSearchLarge"/>
        <DataRecord Entry="Effect,TibNodeLargeSearchSet"/>
        <DataRecord Entry="Effect,TibNodeLargeSearch"/>
        <DataRecord Entry="Effect,TibNodeLargeGrow"/>
    </CDataCollectionUnit>
    <CDataCollectionUnit id="TibNodeMedium">
        <DataRecord Entry="Actor,TibNodeMedium"/>
        <DataRecord Entry="Actor,TibNodeMediumSplat"/>
        <DataRecord Entry="Unit,TibNodeMedium"/>
        <DataRecord Entry="Behavior,TibNodeMedium"/>
        <DataRecord Entry="Effect,TibNodeMediumStarter"/>
        <DataRecord Entry="Effect,TibNodeMedium"/>
        <DataRecord Entry="Effect,TibNodeMediumSearch"/>
        <DataRecord Entry="Effect,TibNodeMediumSearchSet"/>
        <DataRecord Entry="Effect,TibNodeMediumSearchSmall"/>
        <DataRecord Entry="Effect,TibNodeMediumGrow"/>
    </CDataCollectionUnit>
    <CDataCollectionUnit id="TibNodeSmall">
        <DataRecord Entry="Actor,TibNodeSmall"/>
        <DataRecord Entry="Actor,TibNodeSmallSplat"/>
        <DataRecord Entry="Unit,TibNodeSmall"/>
        <DataRecord Entry="Behavior,TibNodeSmall"/>
        <DataRecord Entry="Effect,TibNodeSmallStarter"/>
        <DataRecord Entry="Effect,TibNodeSmall"/>
        <DataRecord Entry="Effect,TibNodeSmallSearch"/>
        <DataRecord Entry="Effect,TibNodeSmallSearchSet"/>
        <DataRecord Entry="Effect,TibNodeSmallSearchSmall"/>
        <DataRecord Entry="Effect,TibNodeSmallGrow"/>
    </CDataCollectionUnit>
    <CDataCollectionUnit id="TibVein">
        <DataRecord Entry="Actor,TibVein"/>
        <DataRecord Entry="Actor,TibVeinSplat"/>
        <DataRecord Entry="Actor,TibVeinSplatSmall"/>
        <DataRecord Entry="Behavior,TibVeinMinerals"/>
        <DataRecord Entry="Unit,TibVein"/>
    </CDataCollectionUnit>
    <CDataCollectionUnit id="Bunker">
        <EditorCategories value=""/>
        <DataRecord Entry="Unit,Bunker"/>
        <DataRecord Entry="Actor,Bunker"/>
        <DataRecord Entry="Actor,BunkerSplat"/>
    </CDataCollectionUnit>
    <CDataCollectionUnit id="Tosh" parent="PlasmaShieldBase">
        <Name value="DataCollection/Name/Tosh"/>
    </CDataCollectionUnit>
    <CDataCollectionUnit id="TychusCommando" parent="PlasmaShieldBase">
        <Name value="DataCollection/Name/TychusCommando"/>
    </CDataCollectionUnit>
    <CDataCollectionUnit id="ZergHypervirus">
        <EditorCategories value="DataGroup:Ability"/>
        <DataRecord Entry="Abil,ZergHypervirus"/>
        <Button value=""/>
        <TechInfoUpgradeUsed value="OrbitalStrike"/>
    </CDataCollectionUnit>
    <CDataCollectionUnit id="VehicleMercenaries">
        <EditorCategories value="DataGroup:Ability"/>
        <DataRecord Entry="Abil,VehicleMercenaries"/>
        <Button value=""/>
        <TechInfoUpgradeUsed value="OrbitalStrike"/>
    </CDataCollectionUnit>
    <CDataCollectionUnit id="VespeneGeyser">
        <DataRecord Entry="Actor,VespeneGeyser"/>
        <DataRecord Entry="Actor,VespeneGeyserSplat"/>
        <DataRecord Entry="Unit,VespeneGeyser"/>
    </CDataCollectionUnit>
    <CDataCollectionUnit id="VikingAssault" parent="PlasmaShieldBase">
        <Name value="DataCollection/Name/VikingAssault"/>
    </CDataCollectionUnit>
    <CDataCollectionUnit id="VikingFighter" parent="PlasmaShieldBase">
        <Name value="DataCollection/Name/VikingFighter"/>
    </CDataCollectionUnit>
    <CDataCollectionUnit id="WarPigSquad">
        <DataRecord Entry="Abil,WarPigSquad"/>
        <DataRecord Entry="Weapon,WarPigSquad"/>
        <DataRecord Entry="Actor,WarPigSquad"/>
        <DataRecord Entry="Unit,WarPigSquad"/>
        <TechInfoUpgradeUsed value="TerranInfantryUltraCapacitors"/>
        <TechInfoUpgradeUsed value="TerranInfantryVanadiumPlating"/>
        <TechInfoUpgradeUsed value="TechReactor"/>
        <TechInfoUpgradeUsed value="ImprovedPlasmaShields"/>
    </CDataCollectionUnit>
    <CDataCollectionUnit id="Marine" parent="PlasmaShieldBase">
        <Name value="DataCollection/Name/Marine"/>
    </CDataCollectionUnit>
    <CDataCollectionUnit id="Reaper" parent="PlasmaShieldBase">
        <Name value="DataCollection/Name/Reaper"/>
    </CDataCollectionUnit>
    <CDataCollectionUnit id="Ghost" parent="PlasmaShieldBase">
        <Name value="DataCollection/Name/Ghost"/>
    </CDataCollectionUnit>
    <CDataCollectionUnit id="Marauder" parent="PlasmaShieldBase">
        <Name value="DataCollection/Name/Marauder"/>
    </CDataCollectionUnit>
    <CDataCollectionUnit id="Medic" parent="PlasmaShieldBase">
        <Name value="DataCollection/Name/Medic"/>
    </CDataCollectionUnit>
    <CDataCollectionUnit id="Firebat" parent="PlasmaShieldBase">
        <Name value="DataCollection/Name/Firebat"/>
    </CDataCollectionUnit>
    <CDataCollectionUnit id="Spectre" parent="PlasmaShieldBase">
        <Name value="DataCollection/Name/Spectre"/>
    </CDataCollectionUnit>
    <CDataCollectionUnit id="SiegeTank" parent="PlasmaShieldBase">
        <Name value="DataCollection/Name/SiegeTank"/>
    </CDataCollectionUnit>
    <CDataCollectionUnit id="SiegeTankSieged" parent="PlasmaShieldBase">
        <Name value="DataCollection/Name/SiegeTankSieged"/>
    </CDataCollectionUnit>
    <CDataCollectionUnit id="Thor" parent="PlasmaShieldBase">
        <Name value="DataCollection/Name/Thor"/>
    </CDataCollectionUnit>
    <CDataCollectionUnit id="Hellion" parent="PlasmaShieldBase">
        <Name value="DataCollection/Name/Hellion"/>
    </CDataCollectionUnit>
    <CDataCollectionUnit id="Goliath" parent="PlasmaShieldBase">
        <Name value="DataCollection/Name/Goliath"/>
    </CDataCollectionUnit>
    <CDataCollectionUnit id="Diamondback" parent="PlasmaShieldBase">
        <Name value="DataCollection/Name/Diamondback"/>
    </CDataCollectionUnit>
    <CDataCollectionUnit id="Vulture" parent="PlasmaShieldBase">
        <Name value="DataCollection/Name/Vulture"/>
    </CDataCollectionUnit>
    <CDataCollectionUnit id="Predator" parent="PlasmaShieldBase">
        <Name value="DataCollection/Name/Predator"/>
    </CDataCollectionUnit>
    <CDataCollectionUnit id="Medivac" parent="PlasmaShieldBase">
        <Name value="DataCollection/Name/Medivac"/>
    </CDataCollectionUnit>
    <CDataCollectionUnit id="Banshee" parent="PlasmaShieldBase">
        <Name value="DataCollection/Name/Banshee"/>
    </CDataCollectionUnit>
    <CDataCollectionUnit id="Raven" parent="PlasmaShieldBase">
        <Name value="DataCollection/Name/Raven"/>
    </CDataCollectionUnit>
    <CDataCollectionUnit id="Battlecruiser" parent="PlasmaShieldBase">
        <Name value="DataCollection/Name/Battlecruiser"/>
    </CDataCollectionUnit>
    <CDataCollectionUnit id="Hercules" parent="PlasmaShieldBase">
        <Name value="DataCollection/Name/Hercules"/>
    </CDataCollectionUnit>
    <CDataCollectionUnit id="ScienceVessel" parent="PlasmaShieldBase">
        <Name value="DataCollection/Name/ScienceVessel"/>
    </CDataCollectionUnit>
    <CDataCollectionUnit id="Wraith" parent="PlasmaShieldBase">
        <Name value="DataCollection/Name/Wraith"/>
    </CDataCollectionUnit>
    <CDataCollectionUnit id="DevilDog" parent="PlasmaShieldBase">
        <Name value="DataCollection/Name/DevilDog"/>
    </CDataCollectionUnit>
    <CDataCollectionUnit id="DuskWing" parent="PlasmaShieldBase">
        <Name value="DataCollection/Name/DuskWing"/>
    </CDataCollectionUnit>
    <CDataCollectionUnit id="HammerSecurity" parent="PlasmaShieldBase">
        <Name value="DataCollection/Name/HammerSecurity"/>
    </CDataCollectionUnit>
    <CDataCollectionUnit id="HelsAngelAssault" parent="PlasmaShieldBase">
        <Name value="DataCollection/Name/HelsAngelAssault"/>
    </CDataCollectionUnit>
    <CDataCollectionUnit id="HelsAngelFighter" parent="PlasmaShieldBase">
        <Name value="DataCollection/Name/HelsAngelFighter"/>
    </CDataCollectionUnit>
    <CDataCollectionUnit id="DukesRevenge" parent="PlasmaShieldBase">
        <Name value="DataCollection/Name/DukesRevenge"/>
    </CDataCollectionUnit>
    <CDataCollectionUnit id="SiegeBreakerSieged" parent="PlasmaShieldBase">
        <Name value="DataCollection/Name/SiegeBreakerSieged"/>
    </CDataCollectionUnit>
    <CDataCollectionUnit id="SiegeBreaker" parent="PlasmaShieldBase">
        <Name value="DataCollection/Name/SiegeBreaker"/>
    </CDataCollectionUnit>
    <CDataCollectionUnit id="SpartanCompany" parent="PlasmaShieldBase">
        <Name value="DataCollection/Name/SpartanCompany"/>
    </CDataCollectionUnit>
    <CDataCollectionUnit id="WarPig" parent="PlasmaShieldBase">
        <Name value="DataCollection/Name/WarPig"/>
    </CDataCollectionUnit>
</Catalog>
