<?xml version="1.0" encoding="utf-8"?>
<Catalog>
    <CEffectEnumMagazine id="AirTransportLoadIterate2">
        <EditorCategories value=""/>
        <WhichUnit Value="Caster"/>
        <EffectInternal value="AirTransportLoadSquad"/>
        <EffectExternal value="AirTransportLoadSquad"/>
    </CEffectEnumMagazine>
    <CEffectEnumMagazine id="AirTransportLoadIterate">
        <EditorCategories value=""/>
        <EffectInternal value="AirTransportLoadIterate2"/>
        <EffectExternal value="AirTransportLoadIterate2"/>
    </CEffectEnumMagazine>
    <CEffectIssueOrder id="AirTransportLoadSquad">
        <EditorCategories value=""/>
        <Abil value="AirTransport"/>
        <Target Effect="AirTransportLoadIterate2" Value="TargetUnit"/>
    </CEffectIssueOrder>
    <CEffectEnumMagazine id="AirTransportUnloadIterate">
        <EditorCategories value=""/>
        <WhichUnit Value="Caster"/>
        <EffectInternal value="AirTransportUnloadSquad"/>
        <EffectExternal value="AirTransportUnloadSquad"/>
    </CEffectEnumMagazine>
    <CEffectApplyBehavior id="BuildingRepairAB">
        <ValidatorArray index="0" value="BuildingNotBeingRepaired"/>
        <Behavior value="BuildingRepair"/>
    </CEffectApplyBehavior>
    <CEffectDestroyHealer id="BuildingRepairStop">
        <WhichLocation Value="TargetUnit"/>
        <Effect value="BuildingRepair"/>
        <Count value="1"/>
    </CEffectDestroyHealer>
    <CEffectSwitch id="BuildingRepairSwitch">
        <ValidatorArray value="NotWarpingIn"/>
        <ValidatorArray value="HiddenCompareBA"/>
        <ValidatorArray value="HiddenCompareAB"/>
        <ValidatorArray value="NotVortexd"/>
        <ValidatorArray value="NotThorWreckage"/>
        <ValidatorArray value="NotOdinWreckage"/>
        <ValidatorArray value="TargetLifeNotFull"/>
        <ValidatorArray value="IsNotConstructing"/>
        <CaseArray Validator="BuildingNotBeingRepaired" Effect="BuildingRepairAB"/>
        <CaseDefault value="BuildingRepairRB"/>
    </CEffectSwitch>
    <CEffectIssueOrder id="BunkerUnloadSquad2">
        <EditorCategories value=""/>
        <Abil value="BunkerTransportSquad"/>
        <AbilCmdIndex value="1"/>
    </CEffectIssueOrder>
    <CEffectApplyBehavior id="DepowerAB">
        <EditorCategories value=""/>
        <Behavior value="Depowered"/>
    </CEffectApplyBehavior>
    <CEffectRemoveBehavior id="DepowerRB">
        <EditorCategories value=""/>
        <BehaviorLink value="Depowered"/>
    </CEffectRemoveBehavior>
    <CEffectSwitch id="DepowerSwitch">
        <ValidatorArray value="NotWarpingIn"/>
        <ValidatorArray value="HiddenCompareBA"/>
        <ValidatorArray value="HiddenCompareAB"/>
        <ValidatorArray value="NotVortexd"/>
        <ValidatorArray value="NotThorWreckage"/>
        <ValidatorArray value="NotOdinWreckage"/>
        <ValidatorArray value="IsNotConstructing"/>
        <EditorCategories value=""/>
        <CaseArray Validator="BuildingNotDepowered" Effect="DepowerAB"/>
        <CaseDefault value="DepowerRB"/>
    </CEffectSwitch>
    <CEffectSet id="DevilDogSet">
        <EffectArray index="1" value="DevilDogSearchArea"/>
    </CEffectSet>
    <CEffectDamage id="EyeBeamsGroundLineDamage">
        <Amount value="20"/>
    </CEffectDamage>
    <CEffectCreatePersistent id="Firebat">
        <OffsetVectorStartLocation Value="SourceUnit"/>
        <PeriodCount value="8"/>
        <PeriodicOffsetArray value="0,-2.5,0"/>
        <PeriodicOffsetArray value="0,-3,0"/>
        <PeriodicOffsetArray value="0,-3.5,0"/>
        <PeriodicOffsetArray value="0,-4,0"/>
        <PeriodicPeriodArray index="0" value="0"/>
        <PeriodicPeriodArray index="1" removed="1"/>
        <PeriodicPeriodArray index="2" removed="1"/>
        <PeriodicPeriodArray index="3" removed="1"/>
    </CEffectCreatePersistent>
    <CEffectEnumArea id="FirebatE">
        <IncludeArray Effect="Firebat" Value="Target"/>
        <AreaArray index="0" Effect="FirebatUFull"/>
    </CEffectEnumArea>
    <CEffectSet id="FirebatSet">
        <EffectArray index="1" value="FirebatE"/>
    </CEffectSet>
    <CEffectDamage id="FirebatUFull">
        <AttributeBonus index="Light" value="0"/>
        <Kind value="Ranged"/>
        <KindSplash value="Splash"/>
        <Amount value="6"/>
    </CEffectDamage>
    <CEffectDamage id="ImpalerTentacleU">
        <AttributeBonus index="Armored" value="0"/>
        <Amount value="30"/>
    </CEffectDamage>
    <CEffectDamage id="InfernalFlameThrower">
        <AttributeBonus index="Light" value="0"/>
        <Amount value="15"/>
    </CEffectDamage>
    <CEffectIssueOrder id="MarineSquadStim">
        <EditorCategories value=""/>
        <Abil value="Stimpack"/>
    </CEffectIssueOrder>
    <CEffectEnumMagazine id="MarineSquadStimIterate">
        <EditorCategories value=""/>
        <WhichUnit Value="Caster"/>
        <EffectExternal value="MarineSquadStim"/>
    </CEffectEnumMagazine>
    <CEffectDamage id="P38ScytheGuassPistol">
        <AttributeBonus index="Light" value="0"/>
        <Amount value="12"/>
    </CEffectDamage>
    <CEffectCreateHealer id="BuildingRepair">
        <Flags index="Channeled" value="0"/>
        <DrainResourceCostFactor index="Minerals" value="1"/>
        <RechargeVitalRate value="1"/>
        <TimeFactor value="1"/>
        <ValidatorArray value="noMarkers"/>
    </CEffectCreateHealer>
    <CEffectDamage id="ParasiteSporeDamage">
        <AttributeBonus index="Massive" value="0"/>
        <Amount value="22"/>
    </CEffectDamage>
    <CEffectDamage id="ParticleDisruptorsU">
        <AttributeBonus index="Armored" value="0"/>
        <Amount value="14"/>
    </CEffectDamage>
    <CEffectModifyPlayer id="PickupGas100">
        <Resources index="Minerals" value="2000"/>
        <Resources index="Vespene" value="0"/>
    </CEffectModifyPlayer>
    <CEffectModifyPlayer id="PickupMinerals100">
        <Resources index="Minerals" value="1000"/>
    </CEffectModifyPlayer>
    <CEffectDamage id="PrismaticBeamMUx1">
        <AttributeBonus index="Armored" value="0"/>
        <Amount value="6"/>
    </CEffectDamage>
    <CEffectDamage id="PrismaticBeamMUx2">
        <AttributeBonus index="Armored" value="0"/>
        <Amount value="12"/>
    </CEffectDamage>
    <CEffectDamage id="PrismaticBeamMUx3">
        <AttributeBonus index="Armored" value="0"/>
        <Amount value="24"/>
    </CEffectDamage>
    <CEffectLaunchMissile id="RailgunLaunch">
        <ValidatorArray index="0" removed="1"/>
        <EditorCategories value=""/>
        <ImpactEffect value="RaynorGaussRifleDamage"/>
        <AmmoUnit value="RailgunWeapon"/>
    </CEffectLaunchMissile>
    <CEffectModifyUnit id="RallyCopy">
        <EditorCategories value=""/>
        <LaunchUnit Value="Caster"/>
        <CopyRallyCount value="32"/>
    </CEffectModifyUnit>
    <CEffectEnumMagazine id="RallyIterate">
        <EditorCategories value=""/>
        <EffectExternal value="RallyCopy"/>
    </CEffectEnumMagazine>
    <CEffectDamage id="RaynorGaussRifleDamage">
        <Amount value="30"/>
    </CEffectDamage>
    <CEffectSet id="BuildingRepairLoop">
        <EditorCategories value=""/>
        <EffectArray value="BuildingRepairStop"/>
        <EffectArray value="BuildingRepair"/>
    </CEffectSet>
    <CEffectModifyUnit id="SalvageShared">
        <SalvageFactor>
            <Resource index="Minerals" value="-2"/>
        </SalvageFactor>
    </CEffectModifyUnit>
    <CEffectCreatePersistent id="ShrikeTurretCP">
        <EditorCategories value="Race:Terran"/>
        <WhichLocation Value="TargetUnit"/>
        <TimeScaleSource Value="Caster"/>
        <Flags index="Channeled" value="1"/>
        <PeriodCount value="2"/>
        <PeriodicEffectArray value="ShrikeTurretDamage"/>
        <PeriodicPeriodArray value="0"/>
        <PeriodicPeriodArray value="0.2"/>
    </CEffectCreatePersistent>
    <CEffectApplyBehavior id="SquadBunkerUnload">
        <EditorCategories value=""/>
    </CEffectApplyBehavior>
    <CEffectDamage id="SquadDeathDamage">
        <EditorCategories value=""/>
        <ImpactLocation Value="CasterUnit"/>
        <Amount value="1"/>
    </CEffectDamage>
    <CEffectEnumMagazine id="BunkerLoadIterate">
        <EditorCategories value=""/>
        <EffectInternal value="BunkerLoadIterate2"/>
        <EffectExternal value="BunkerLoadIterate2"/>
    </CEffectEnumMagazine>
    <CEffectEnumMagazine id="BunkerLoadIterate2">
        <EditorCategories value=""/>
        <WhichUnit Value="Caster"/>
        <EffectInternal value="BunkerLoadSquad"/>
        <EffectExternal value="BunkerLoadSquad"/>
    </CEffectEnumMagazine>
    <CEffectIssueOrder id="BunkerLoadSquad">
        <EditorCategories value=""/>
        <Abil value="BunkerTransportSquad"/>
        <Target Effect="BunkerLoadIterate2" Value="TargetUnit"/>
    </CEffectIssueOrder>
    <CEffectEnumMagazine id="BunkerUnloadIterate">
        <EditorCategories value=""/>
        <WhichUnit Value="Caster"/>
        <EffectInternal value="BunkerUnloadSquad2"/>
        <EffectExternal value="BunkerUnloadSquad2"/>
    </CEffectEnumMagazine>
    <CEffectIssueOrder id="AirTransportUnloadSquad">
        <EditorCategories value=""/>
        <Abil value="AirTransport"/>
        <AbilCmdIndex value="1"/>
    </CEffectIssueOrder>
    <CEffectApplyBehavior id="CraneBuilt">
        <EditorCategories value=""/>
        <WhichUnit Value="Caster"/>
    </CEffectApplyBehavior>
    <CEffectRemoveBehavior id="CranePlace">
        <EditorCategories value=""/>
        <WhichUnit Value="Caster"/>
        <BehaviorLink value="CraneBuilt"/>
    </CEffectRemoveBehavior>
    <CEffectCreateUnit id="CreateSCVHarvester">
        <EditorCategories value=""/>
        <OwningPlayer Value="Caster"/>
        <WhichLocation Value="CasterUnit"/>
        <SpawnEffect value="SCVHarvesterAWAY"/>
        <SpawnUnit value="SCV2"/>
    </CEffectCreateUnit>
    <CEffectDamage id="CrucioShockCannonBlast">
        <Amount value="100"/>
    </CEffectDamage>
    <CEffectDamage id="CrucioShockCannonDirected">
        <Amount value="100"/>
    </CEffectDamage>
    <CEffectDamage id="CrucioShockCannonDummy">
        <Amount value="100"/>
    </CEffectDamage>
    <CEffectDamage id="CrucioShockCannonEnemyDamage">
        <Amount value="100"/>
    </CEffectDamage>
    <CEffectDamage id="CrucioShockCannonFriendlyDamage">
        <Amount value="25"/>
    </CEffectDamage>
    <CEffectApplyBehavior id="DevastatorTurretBuilt">
        <EditorCategories value=""/>
        <WhichUnit Value="Caster"/>
    </CEffectApplyBehavior>
    <CEffectRemoveBehavior id="DevastatorTurretPlace">
        <EditorCategories value=""/>
        <WhichUnit Value="Caster"/>
        <BehaviorLink value="DevastatorTurretBuilt"/>
    </CEffectRemoveBehavior>
    <CEffectCreatePersistent id="DevilDogCreatePersistent">
        <PeriodCount value="8"/>
        <PeriodicOffsetArray value="0,-2.5,0"/>
        <PeriodicOffsetArray value="0,-3,0"/>
        <PeriodicOffsetArray value="0,-3.5,0"/>
        <PeriodicOffsetArray value="0,-4,0"/>
        <PeriodicPeriodArray index="1" removed="1"/>
        <PeriodicPeriodArray index="2" removed="1"/>
        <PeriodicPeriodArray index="3" removed="1"/>
    </CEffectCreatePersistent>
    <CEffectDamage id="DevilDogDamage">
        <AttributeBonus index="Light" value="0"/>
        <Amount value="7.5"/>
        <SearchFilters value="Ground;Player,Ally,Missile,Stasis,Dead,Hidden,Invulnerable"/>
        <ExcludeArray Value="Target"/>
    </CEffectDamage>
    <CEffectApplyBehavior id="DropOffStun">
        <ValidatorArray index="0" value="HoldingResources"/>
        <EditorCategories value=""/>
        <WhichUnit Value="Caster"/>
    </CEffectApplyBehavior>
    <CEffectCreatePersistent id="MedicSquadAcquire">
        <ValidatorArray value="noMarkers"/>
        <ValidatorArray value="NotWarpingIn"/>
        <ValidatorArray value="HiddenCompareAB"/>
        <ValidatorArray value="HiddenCompareBA"/>
        <ValidatorArray value="NotVortexd"/>
        <ValidatorArray value="TargetLifeNotFull"/>
        <EditorCategories value=""/>
        <Flags index="Channeled" value="1"/>
        <PeriodicValidator value="TargetLifeNotFull"/>
    </CEffectCreatePersistent>
    <CEffectLaunchMissile id="ConcussiveGrenadesLM">
        <EditorCategories value="Race:Terran"/>
        <ImpactEffect value="ConcussiveGrenadesSet"/>
        <AmmoUnit value="PunisherGrenadesLMWeapon"/>
        <Movers Link="PunisherGrenadesWeapon"/>
    </CEffectLaunchMissile>
    <CEffectSet id="ConcussiveGrenadesSet">
        <EditorCategories value="Race:Terran"/>
        <EffectArray value="PunisherGrenadesSlow"/>
        <EffectArray value="ConcussiveGrenadesU"/>
        <EffectArray value="MarauderSlowAOE"/>
        <EffectArray value="MarauderSlowAOE"/>
    </CEffectSet>
    <CEffectDamage id="ConcussiveGrenadesU" parent="DU_WEAP">
        <EditorCategories value="Race:Terran"/>
        <Kind value="Ranged"/>
        <Amount value="50"/>
        <Death value="Blast"/>
    </CEffectDamage>
    <CEffectDamage id="PunisherGrenadesU">
        <AttributeBonus index="Armored" value="0"/>
        <Amount value="20"/>
    </CEffectDamage>
    <CEffectIssueOrder id="SCVHarvesterAWAY">
        <EditorCategories value=""/>
        <Abil value="move"/>
        <Player Value="Caster"/>
        <Target Value="CasterUnit"/>
    </CEffectIssueOrder>
    <CEffectTeleport id="SquadUnitTeleport">
        <ValidatorArray value="SquadTooFar"/>
        <PlacementAround Value="CasterUnit"/>
        <SourceLocation Value="TargetUnit"/>
    </CEffectTeleport>
    <CEffectApplyBehavior id="SquadVeterancy1">
        <EditorCategories value=""/>
    </CEffectApplyBehavior>
    <CEffectEnumMagazine id="SquadVeterancy1Iterate">
        <EditorCategories value=""/>
        <WhichUnit Value="Caster"/>
        <EffectInternal value="SquadVeterancy1"/>
        <EffectExternal value="SquadVeterancy1"/>
    </CEffectEnumMagazine>
    <CEffectEnumMagazine id="SquadVeterancy2Iterate">
        <EditorCategories value=""/>
        <WhichUnit Value="Caster"/>
        <EffectInternal value="SquadVeterancy2"/>
        <EffectExternal value="SquadVeterancy2"/>
    </CEffectEnumMagazine>
    <CEffectApplyBehavior id="SquadVeterancy2">
        <EditorCategories value=""/>
    </CEffectApplyBehavior>
    <CEffectCreateUnit id="TibNodeLarge">
        <EditorCategories value=""/>
        <WhichLocation Value="OriginUnit"/>
        <Origin Value="TargetPoint"/>
        <SpawnOwner Value="Source"/>
        <SpawnUnit value="TibVein"/>
        <SpawnRange value="6"/>
    </CEffectCreateUnit>
    <CEffectSet id="RemoveBuiltBehaviors">
        <EditorCategories value=""/>
        <EffectArray value="SupplyDepotPlace"/>
        <EffectArray value="RefineryPlace"/>
        <EffectArray value="BarracksPlace"/>
        <EffectArray value="EngineeringBayPlace"/>
        <EffectArray value="BunkerPlace"/>
        <EffectArray value="MissileTurretPlace"/>
        <EffectArray value="SensorTowerPlace"/>
        <EffectArray value="RemoveBuiltBehaviors2"/>
    </CEffectSet>
    <CEffectSet id="RemoveBuiltBehaviors2">
        <EditorCategories value=""/>
        <EffectArray value="GhostAcademyPlace"/>
        <EffectArray value="FactoryPlace"/>
        <EffectArray value="ArmoryPlace"/>
        <EffectArray value="StarportPlace"/>
        <EffectArray value="FusionCorePlace"/>
        <EffectArray value="CranePlace"/>
        <EffectArray value="DevastatorTurretPlace"/>
    </CEffectSet>
    <CEffectModifyPlayer id="ResourceCost">
        <EditorCategories value=""/>
        <WhichPlayer Value="Caster"/>
        <Resources index="Minerals" value="-10"/>
    </CEffectModifyPlayer>
    <CEffectCreatePersistent id="SquadAttack">
        <EditorCategories value=""/>
        <WhichLocation Value="CasterUnit"/>
        <Flags index="Channeled" value="1"/>
        <InitialEffect value="SquadAttackIterate"/>
        <PeriodicEffectArray value="SquadAttackIterate"/>
        <PeriodicPeriodArray value="0.25"/>
    </CEffectCreatePersistent>
    <CEffectApplyBehavior id="SquadAttackAB">
        <EditorCategories value=""/>
        <Behavior value="SquadAttack"/>
    </CEffectApplyBehavior>
    <CEffectEnumMagazine id="SquadAttackIterate">
        <EditorCategories value=""/>
        <WhichUnit Value="Caster"/>
        <EffectInternal value="SquadAttackAB"/>
        <EffectExternal value="SquadAttackAB"/>
    </CEffectEnumMagazine>
    <CEffectIssueOrder id="SquadStop">
        <EditorCategories value=""/>
        <Abil value="stop"/>
    </CEffectIssueOrder>
    <CEffectEnumMagazine id="SquadStopIterate">
        <EditorCategories value=""/>
        <WhichUnit Value="Caster"/>
        <EffectInternal value="SquadStop"/>
        <EffectExternal value="SquadStop"/>
    </CEffectEnumMagazine>
    <CEffectApplyBehavior id="SquadUnit">
        <EditorCategories value=""/>
    </CEffectApplyBehavior>
    <CEffectCreatePersistent id="TibNodeLargeGrow">
        <EditorCategories value=""/>
        <WhichLocation Value="OriginUnitOrPoint"/>
        <Flags index="RandomOffset" value="1"/>
        <PeriodCount value="1"/>
        <PeriodicEffectArray value="TibNodeLarge"/>
        <PeriodicOffsetArray value="-1,0,0"/>
        <PeriodicOffsetArray value="0,-1,0"/>
        <PeriodicOffsetArray value="-1,-1,0"/>
        <PeriodicOffsetArray value="1,0,0"/>
        <PeriodicOffsetArray value="0,1,0"/>
        <PeriodicOffsetArray value="-1,1,0"/>
        <PeriodicOffsetArray value="1,-1,0"/>
        <PeriodicOffsetArray value="1,1,0"/>
    </CEffectCreatePersistent>
    <CEffectCreatePersistent id="TibNodeLargeStarter2">
        <EditorCategories value=""/>
        <WhichLocation Value="OriginUnitOrPoint"/>
        <Flags index="RandomOffset" value="1"/>
        <InitialEffect value="TibNodeLargeStarter22"/>
        <PeriodCount value="80"/>
        <PeriodicEffectArray value="TibNodeLarge"/>
        <PeriodicOffsetArray value="-1,0,0"/>
        <PeriodicOffsetArray value="0,-1,0"/>
        <PeriodicOffsetArray value="-1,-1,0"/>
        <PeriodicOffsetArray value="1,0,0"/>
        <PeriodicOffsetArray value="0,1,0"/>
        <PeriodicOffsetArray value="-1,1,0"/>
        <PeriodicOffsetArray value="1,-1,0"/>
        <PeriodicOffsetArray value="1,1,0"/>
        <PeriodicPeriodArray value="0.0625"/>
        <ValidatorArray value="TibNodeNonStarter"/>
        <PeriodicValidator value="TibNodeNonStarter"/>
    </CEffectCreatePersistent>
    <CEffectCreatePersistent id="TibNodeLargeStarter22">
        <EditorCategories value=""/>
        <WhichLocation Value="OriginUnitOrPoint"/>
        <Flags index="RandomOffset" value="1"/>
        <PeriodCount value="80"/>
        <PeriodicEffectArray value="TibNodeLarge"/>
        <PeriodicOffsetArray value="-1,0,0"/>
        <PeriodicOffsetArray value="0,-1,0"/>
        <PeriodicOffsetArray value="-1,-1,0"/>
        <PeriodicOffsetArray value="1,0,0"/>
        <PeriodicOffsetArray value="0,1,0"/>
        <PeriodicOffsetArray value="-1,1,0"/>
        <PeriodicOffsetArray value="1,-1,0"/>
        <PeriodicOffsetArray value="1,1,0"/>
        <PeriodicPeriodArray value="0.0625"/>
        <ValidatorArray value="TibNodeNonStarter"/>
        <PeriodicValidator value="TibNodeNonStarter"/>
    </CEffectCreatePersistent>
    <CEffectCreatePersistent id="TibNodeMediumGrow">
        <EditorCategories value=""/>
        <WhichLocation Value="OriginUnitOrPoint"/>
        <Flags index="RandomOffset" value="1"/>
        <PeriodCount value="1"/>
        <PeriodicEffectArray value="TibNodeMedium"/>
        <PeriodicOffsetArray value="-1,0,0"/>
        <PeriodicOffsetArray value="0,-1,0"/>
        <PeriodicOffsetArray value="-1,-1,0"/>
        <PeriodicOffsetArray value="1,0,0"/>
        <PeriodicOffsetArray value="0,1,0"/>
        <PeriodicOffsetArray value="-1,1,0"/>
        <PeriodicOffsetArray value="1,-1,0"/>
        <PeriodicOffsetArray value="1,1,0"/>
    </CEffectCreatePersistent>
    <CEffectEnumArea id="TibNodeLargeSearch">
        <EditorCategories value=""/>
        <SearchFilters value="HarvestableResource;-"/>
        <AreaArray Radius="2" Effect="TibGrow"/>
        <AreaArray Radius="4" Effect="TibGrow"/>
        <SearchFlags index="ExtendByUnitRadius" value="1"/>
    </CEffectEnumArea>
    <CEffectApplyBehavior id="SupplyDepotBuilt">
        <EditorCategories value=""/>
        <WhichUnit Value="Caster"/>
    </CEffectApplyBehavior>
    <CEffectApplyBehavior id="RefineryBuilt">
        <EditorCategories value=""/>
        <WhichUnit Value="Caster"/>
    </CEffectApplyBehavior>
    <CEffectApplyBehavior id="BarracksBuilt">
        <EditorCategories value=""/>
        <WhichUnit Value="Caster"/>
    </CEffectApplyBehavior>
    <CEffectApplyBehavior id="EngineeringBayBuilt">
        <EditorCategories value=""/>
        <WhichUnit Value="Caster"/>
    </CEffectApplyBehavior>
    <CEffectApplyBehavior id="BunkerBuilt">
        <EditorCategories value=""/>
        <WhichUnit Value="Caster"/>
    </CEffectApplyBehavior>
    <CEffectApplyBehavior id="MissileTurretBuilt">
        <EditorCategories value=""/>
        <WhichUnit Value="Caster"/>
    </CEffectApplyBehavior>
    <CEffectApplyBehavior id="SensorTowerBuilt">
        <EditorCategories value=""/>
        <WhichUnit Value="Caster"/>
    </CEffectApplyBehavior>
    <CEffectApplyBehavior id="GhostAcademyBuilt">
        <EditorCategories value=""/>
        <WhichUnit Value="Caster"/>
    </CEffectApplyBehavior>
    <CEffectApplyBehavior id="FactoryBuilt">
        <EditorCategories value=""/>
        <WhichUnit Value="Caster"/>
    </CEffectApplyBehavior>
    <CEffectApplyBehavior id="ArmoryBuilt">
        <EditorCategories value=""/>
        <WhichUnit Value="Caster"/>
    </CEffectApplyBehavior>
    <CEffectApplyBehavior id="StarportBuilt">
        <EditorCategories value=""/>
        <WhichUnit Value="Caster"/>
    </CEffectApplyBehavior>
    <CEffectApplyBehavior id="FusionCoreBuilt">
        <EditorCategories value=""/>
        <WhichUnit Value="Caster"/>
    </CEffectApplyBehavior>
    <CEffectRemoveBehavior id="SupplyDepotPlace">
        <EditorCategories value=""/>
        <WhichUnit Value="Caster"/>
        <BehaviorLink value="SupplyDepotBuilt"/>
    </CEffectRemoveBehavior>
    <CEffectRemoveBehavior id="RefineryPlace">
        <EditorCategories value=""/>
        <WhichUnit Value="Caster"/>
        <BehaviorLink value="RefineryBuilt"/>
    </CEffectRemoveBehavior>
    <CEffectRemoveBehavior id="BarracksPlace">
        <EditorCategories value=""/>
        <WhichUnit Value="Caster"/>
        <BehaviorLink value="BarracksBuilt"/>
    </CEffectRemoveBehavior>
    <CEffectRemoveBehavior id="EngineeringBayPlace">
        <EditorCategories value=""/>
        <WhichUnit Value="Caster"/>
        <BehaviorLink value="EngineeringBayBuilt"/>
    </CEffectRemoveBehavior>
    <CEffectRemoveBehavior id="BunkerPlace">
        <EditorCategories value=""/>
        <WhichUnit Value="Caster"/>
        <BehaviorLink value="BunkerBuilt"/>
    </CEffectRemoveBehavior>
    <CEffectRemoveBehavior id="MissileTurretPlace">
        <EditorCategories value=""/>
        <WhichUnit Value="Caster"/>
        <BehaviorLink value="MissileTurretBuilt"/>
    </CEffectRemoveBehavior>
    <CEffectRemoveBehavior id="SensorTowerPlace">
        <EditorCategories value=""/>
        <WhichUnit Value="Caster"/>
        <BehaviorLink value="SensorTowerBuilt"/>
    </CEffectRemoveBehavior>
    <CEffectRemoveBehavior id="GhostAcademyPlace">
        <EditorCategories value=""/>
        <WhichUnit Value="Caster"/>
        <BehaviorLink value="GhostAcademyBuilt"/>
    </CEffectRemoveBehavior>
    <CEffectRemoveBehavior id="FactoryPlace">
        <EditorCategories value=""/>
        <WhichUnit Value="Caster"/>
        <BehaviorLink value="FactoryBuilt"/>
    </CEffectRemoveBehavior>
    <CEffectRemoveBehavior id="ArmoryPlace">
        <EditorCategories value=""/>
        <WhichUnit Value="Caster"/>
        <BehaviorLink value="ArmoryBuilt"/>
    </CEffectRemoveBehavior>
    <CEffectRemoveBehavior id="StarportPlace">
        <EditorCategories value=""/>
        <WhichUnit Value="Caster"/>
        <BehaviorLink value="StarportBuilt"/>
    </CEffectRemoveBehavior>
    <CEffectRemoveBehavior id="FusionCorePlace">
        <EditorCategories value=""/>
        <WhichUnit Value="Caster"/>
        <BehaviorLink value="FusionCoreBuilt"/>
    </CEffectRemoveBehavior>
    <CEffectModifyUnit id="TibGrow">
        <EditorCategories value=""/>
        <Resources value="140"/>
    </CEffectModifyUnit>
    <CEffectCreatePersistent id="TibNodeLargeStarter">
        <EditorCategories value=""/>
        <WhichLocation Value="OriginUnitOrPoint"/>
        <Flags index="RandomOffset" value="1"/>
        <InitialEffect value="TibNodeLargeStarter2"/>
        <FinalEffect value="TibNodeLargeSearch"/>
        <PeriodCount value="80"/>
        <PeriodicEffectArray value="TibNodeLarge"/>
        <PeriodicOffsetArray value="-1,0,0"/>
        <PeriodicOffsetArray value="0,-1,0"/>
        <PeriodicOffsetArray value="-1,-1,0"/>
        <PeriodicOffsetArray value="1,0,0"/>
        <PeriodicOffsetArray value="0,1,0"/>
        <PeriodicOffsetArray value="-1,1,0"/>
        <PeriodicOffsetArray value="1,-1,0"/>
        <PeriodicOffsetArray value="1,1,0"/>
        <PeriodicPeriodArray value="0.0625"/>
        <ValidatorArray value="TibNodeNonStarter"/>
        <PeriodicValidator value="TibNodeNonStarter"/>
    </CEffectCreatePersistent>
    <CEffectCreateUnit id="TibNodeMedium">
        <EditorCategories value=""/>
        <WhichLocation Value="OriginUnit"/>
        <Origin Value="TargetPoint"/>
        <SpawnOwner Value="Source"/>
        <SpawnUnit value="TibVein"/>
        <SpawnRange value="4"/>
    </CEffectCreateUnit>
    <CEffectCreatePersistent id="TibNodeMediumStarter2">
        <EditorCategories value=""/>
        <WhichLocation Value="OriginUnitOrPoint"/>
        <Flags index="RandomOffset" value="1"/>
        <PeriodCount value="80"/>
        <PeriodicEffectArray value="TibNodeMedium"/>
        <PeriodicOffsetArray value="-1,0,0"/>
        <PeriodicOffsetArray value="0,-1,0"/>
        <PeriodicOffsetArray value="-1,-1,0"/>
        <PeriodicOffsetArray value="1,0,0"/>
        <PeriodicOffsetArray value="0,1,0"/>
        <PeriodicOffsetArray value="-1,1,0"/>
        <PeriodicOffsetArray value="1,-1,0"/>
        <PeriodicOffsetArray value="1,1,0"/>
        <PeriodicPeriodArray value="0.0625"/>
        <ValidatorArray value="TibNodeNonStarter"/>
        <PeriodicValidator value="TibNodeNonStarter"/>
    </CEffectCreatePersistent>
    <CEffectCreatePersistent id="TibNodeSmallGrow">
        <EditorCategories value=""/>
        <WhichLocation Value="OriginUnitOrPoint"/>
        <Flags index="RandomOffset" value="1"/>
        <PeriodCount value="1"/>
        <PeriodicEffectArray value="TibNodeSmall"/>
        <PeriodicOffsetArray value="-1,0,0"/>
        <PeriodicOffsetArray value="0,-1,0"/>
        <PeriodicOffsetArray value="-1,-1,0"/>
        <PeriodicOffsetArray value="1,0,0"/>
        <PeriodicOffsetArray value="0,1,0"/>
        <PeriodicOffsetArray value="-1,1,0"/>
        <PeriodicOffsetArray value="1,-1,0"/>
        <PeriodicOffsetArray value="1,1,0"/>
    </CEffectCreatePersistent>
    <CEffectEnumArea id="TibNodeMediumSearch">
        <EditorCategories value=""/>
        <SearchFilters value="HarvestableResource;-"/>
        <AreaArray Radius="1" Effect="TibGrow"/>
        <AreaArray Radius="2.5" Effect="TibGrow"/>
        <SearchFlags index="ExtendByUnitRadius" value="1"/>
    </CEffectEnumArea>
    <CEffectCreatePersistent id="TibNodeMediumStarter">
        <EditorCategories value=""/>
        <WhichLocation Value="OriginUnitOrPoint"/>
        <Flags index="RandomOffset" value="1"/>
        <InitialEffect value="TibNodeMediumStarter2"/>
        <FinalEffect value="TibNodeMediumSearch"/>
        <PeriodCount value="80"/>
        <PeriodicEffectArray value="TibNodeMedium"/>
        <PeriodicOffsetArray value="-1,0,0"/>
        <PeriodicOffsetArray value="0,-1,0"/>
        <PeriodicOffsetArray value="-1,-1,0"/>
        <PeriodicOffsetArray value="1,0,0"/>
        <PeriodicOffsetArray value="0,1,0"/>
        <PeriodicOffsetArray value="-1,1,0"/>
        <PeriodicOffsetArray value="1,-1,0"/>
        <PeriodicOffsetArray value="1,1,0"/>
        <PeriodicPeriodArray value="0.0625"/>
        <ValidatorArray value="TibNodeNonStarter"/>
        <PeriodicValidator value="TibNodeNonStarter"/>
    </CEffectCreatePersistent>
    <CEffectCreateUnit id="TibNodeSmall">
        <EditorCategories value=""/>
        <WhichLocation Value="OriginUnit"/>
        <Origin Value="TargetPoint"/>
        <SpawnOwner Value="Source"/>
        <SpawnUnit value="TibVein"/>
        <SpawnRange value="2"/>
    </CEffectCreateUnit>
    <CEffectEnumArea id="TibNodeSmallSearch">
        <EditorCategories value=""/>
        <SearchFilters value="HarvestableResource;-"/>
        <AreaArray Radius="0.5" Effect="TibGrow"/>
        <AreaArray Radius="1" Effect="TibGrow"/>
        <SearchFlags index="ExtendByUnitRadius" value="1"/>
    </CEffectEnumArea>
    <CEffectCreatePersistent id="TibNodeSmallStarter">
        <EditorCategories value=""/>
        <WhichLocation Value="OriginUnitOrPoint"/>
        <Flags index="RandomOffset" value="1"/>
        <FinalEffect value="TibNodeSmallSearch"/>
        <PeriodCount value="80"/>
        <PeriodicEffectArray value="TibNodeSmall"/>
        <PeriodicOffsetArray value="-1,0,0"/>
        <PeriodicOffsetArray value="0,-1,0"/>
        <PeriodicOffsetArray value="-1,-1,0"/>
        <PeriodicOffsetArray value="1,0,0"/>
        <PeriodicOffsetArray value="0,1,0"/>
        <PeriodicOffsetArray value="-1,1,0"/>
        <PeriodicOffsetArray value="1,-1,0"/>
        <PeriodicOffsetArray value="1,1,0"/>
        <PeriodicPeriodArray value="0.0625"/>
        <ValidatorArray value="TibNodeNonStarter"/>
        <PeriodicValidator value="TibNodeNonStarter"/>
    </CEffectCreatePersistent>
    <CEffectRemoveBehavior id="BuildingRepairRB">
        <BehaviorLink value="BuildingRepair"/>
    </CEffectRemoveBehavior>
    <CEffectDamage id="VolatileBurstFriendlyUnitDamage">
        <AttributeBonus index="Light" value="0"/>
        <Amount value="35"/>
    </CEffectDamage>
    <CEffectDamage id="VolatileBurstU">
        <AttributeBonus index="Light" value="0"/>
        <Amount value="35"/>
    </CEffectDamage>
</Catalog>
