<?xml version="1.0" encoding="utf-8"?>
<Catalog>
    <CEffectApplyBehavior id="330mmBarrageCannonsApplyBehavior">
        <Behavior value="330mmBarrageCannonsApplyBehavior"/>
    </CEffectApplyBehavior>
    <CEffectDamage id="330mmBarrageCannonsDamage">
        <ResponseFlags index="Flee" value="1"/>
        <ExcludeArray index="0" removed="1"/>
        <AINotifyFlags index="HurtEnemy" value="1"/>
    </CEffectDamage>
    <CEffectCreatePersistent id="330mmBarrageCannonsPersistent">
        <PeriodicPeriodArray index="0" value="0.12"/>
        <AINotifyEffect value="330mmBarrageCannonsDamage"/>
    </CEffectCreatePersistent>
    <CEffectDamage id="90mmCannons">
        <AttributeBonus index="Armored" value="0"/>
        <Amount value="25"/>
    </CEffectDamage>
    <CEffectEnumMagazine id="AirTransportLoadIterate2">
        <EditorCategories value=""/>
        <WhichUnit Value="Caster"/>
        <EffectInternal value="AirTransportLoadSquad"/>
        <EffectExternal value="AirTransportLoadSquad"/>
    </CEffectEnumMagazine>
    <CEffectEnumMagazine id="AirTransportLoadIterate">
        <EditorCategories value=""/>
        <EffectInternal value="AirTransportLoadIterate2"/>
        <EffectExternal value="AirTransportLoadIterate2"/>
    </CEffectEnumMagazine>
    <CEffectIssueOrder id="AirTransportLoadSquad">
        <EditorCategories value=""/>
        <Abil value="AirTransport"/>
        <Target Effect="AirTransportLoadIterate2" Value="TargetUnit"/>
    </CEffectIssueOrder>
    <CEffectEnumMagazine id="AirTransportUnloadIterate">
        <EditorCategories value=""/>
        <WhichUnit Value="Caster"/>
        <EffectInternal value="AirTransportUnloadSquad"/>
        <EffectExternal value="AirTransportUnloadSquad"/>
    </CEffectEnumMagazine>
    <CEffectDamage id="ArcliteShockCannonBlast">
        <Amount value="166"/>
    </CEffectDamage>
    <CEffectDamage id="ArcliteShockCannonDirected">
        <Amount value="166"/>
    </CEffectDamage>
    <CEffectDamage id="ArcliteShockCannonDummy">
        <Amount value="166"/>
    </CEffectDamage>
    <CEffectDamage id="ArcliteShockCannonEnemyDamage">
        <Amount value="166"/>
    </CEffectDamage>
    <CEffectDamage id="ArcliteShockCannonFriendlyDamage">
        <Amount value="41.5"/>
    </CEffectDamage>
    <CEffectApplyBehavior id="AstralProjection">
        <EditorCategories value=""/>
    </CEffectApplyBehavior>
    <CEffectCreateUnit id="AstralProjectionCU">
        <EditorCategories value=""/>
        <WhichLocation Value="TargetPoint"/>
        <SpawnEffect value="AstralProjection"/>
        <SpawnUnit value="Zeratul"/>
    </CEffectCreateUnit>
    <CEffectCreatePersistent id="AutoHarvestCP">
        <ValidatorArray value="HaveAutoHarvester"/>
        <EditorCategories value=""/>
        <WhichLocation Value="TargetUnit"/>
        <OffsetVectorEndLocation Value="TargetUnit"/>
        <Flags index="Channeled" value="1"/>
        <PeriodCount value="5"/>
        <PeriodicEffectArray value="AutoHarvestTib"/>
        <PeriodicPeriodArray value="0.1"/>
    </CEffectCreatePersistent>
    <CEffectModifyUnit id="AutoHarvestTib">
        <EditorCategories value=""/>
        <Resources value="-7"/>
        <ResourcesHarvestedFraction value="1"/>
    </CEffectModifyUnit>
    <CEffectCreatePersistent id="BansheeAirstrikeCP">
        <EditorCategories value="Race:Terran"/>
        <PeriodCount value="1"/>
        <PeriodicEffectArray value="BansheeAirstrikeSearch"/>
        <PeriodicPeriodArray value="2.375"/>
    </CEffectCreatePersistent>
    <CEffectDamage id="BansheeAirstrikeDamage">
        <EditorCategories value="Race:Terran"/>
        <Amount value="100"/>
    </CEffectDamage>
    <CEffectEnumArea id="BansheeAirstrikeSearch">
        <EditorCategories value="Race:Terran"/>
        <SearchFilters value="Ground;Self,Player,Ally,Neutral,Missile,Stasis,Dead,Invulnerable"/>
        <AreaArray Radius="5" Effect="BansheeAirstrikeDamage"/>
    </CEffectEnumArea>
    <CEffectModifyUnit id="BiosteelRegen">
        <EditorCategories value=""/>
        <VitalArray index="Life">
            <ChangeFraction value="0.003"/>
        </VitalArray>
    </CEffectModifyUnit>
    <CEffectApplyBehavior id="BuildingRepairAB">
        <ValidatorArray index="0" value="BuildingNotBeingRepaired"/>
        <Behavior value="BuildingRepair"/>
    </CEffectApplyBehavior>
    <CEffectDestroyHealer id="BuildingRepairStop">
        <WhichLocation Value="TargetUnit"/>
        <Effect value="BuildingRepair"/>
        <Count value="1"/>
    </CEffectDestroyHealer>
    <CEffectSwitch id="BuildingRepairSwitch">
        <ValidatorArray value="NotWarpingIn"/>
        <ValidatorArray value="HiddenCompareBA"/>
        <ValidatorArray value="HiddenCompareAB"/>
        <ValidatorArray value="NotVortexd"/>
        <ValidatorArray value="NotThorWreckage"/>
        <ValidatorArray value="NotOdinWreckage"/>
        <ValidatorArray value="TargetLifeNotFull"/>
        <ValidatorArray value="IsNotConstructing"/>
        <CaseArray Validator="BuildingNotBeingRepaired" Effect="BuildingRepairAB"/>
        <CaseDefault value="BuildingRepairRB"/>
    </CEffectSwitch>
    <CEffectIssueOrder id="BunkerUnloadSquad2">
        <EditorCategories value=""/>
        <Abil value="BunkerTransportSquad"/>
        <AbilCmdIndex value="1"/>
    </CEffectIssueOrder>
    <CEffectDamage id="C10CanisterRifle">
        <AttributeBonus index="Light" value="0"/>
        <Amount value="500"/>
    </CEffectDamage>
    <CEffectCreatePersistent id="CollapsibleRockTowerCPFinalPurifier02">
        <EditorCategories value=""/>
        <Marker Link="Effect/CollapsibleRockTowerCPPurifier02"/>
        <WhichLocation Value="CasterUnit"/>
        <FinalOffset value="0,-5,0"/>
        <PeriodCount value="1"/>
        <PeriodicEffectArray value="CollapsibleRockTowerCreateDebrisPurifier02"/>
        <PeriodicOffsetArray value="0,-5,0"/>
        <PeriodicPeriodArray value="0"/>
    </CEffectCreatePersistent>
    <CEffectCreatePersistent id="CollapsibleRockTowerCPPurifier02">
        <EditorCategories value=""/>
        <WhichLocation Value="CasterUnit"/>
        <Flags index="PersistUntilDestroyed" value="1"/>
        <FinalEffect value="CollapsibleRockTowerCPFinalPurifier02"/>
        <PeriodicValidator value="CasterNotDead"/>
        <PeriodicPeriodArray value="0.25"/>
    </CEffectCreatePersistent>
    <CEffectCreateUnit id="CollapsibleRockTowerCreateDebrisPurifier02">
        <EditorCategories value=""/>
        <WhichLocation Value="TargetPoint"/>
        <Origin Effect="CollapsibleRockTowerCreateDebrisPurifier02"/>
        <CreateFlags index="DropOff" value="0"/>
        <CreateFlags index="Placement" value="0"/>
        <CreateFlags index="ProvideFood" value="0"/>
        <CreateFlags index="SetFacing" value="1"/>
        <CreateFlags index="TechComplete" value="0"/>
        <CreateFlags index="UseFood" value="0"/>
        <SpawnOwner Value="Neutral"/>
        <SpawnUnit value="DestructibleRock6x6"/>
        <SpawnRange value="0"/>
    </CEffectCreateUnit>
    <CEffectDamage id="ConsumptionDamage">
        <LeechFraction index="Life" value="2"/>
    </CEffectDamage>
    <CEffectDamage id="DeathRecallD">
        <EditorCategories value=""/>
        <Flags index="Live" value="1"/>
        <ImpactLocation Value="CasterUnit"/>
        <VitalFractionMax index="Life" value="1"/>
    </CEffectDamage>
    <CEffectModifyUnit id="DeathRecallMU">
        <EditorCategories value="Race:Protoss"/>
        <ImpactUnit Value="Caster"/>
        <VitalArray index="Shields">
            <ChangeFraction value="1"/>
        </VitalArray>
    </CEffectModifyUnit>
    <CEffectEnumArea id="DeathRecallS">
        <EditorCategories value="Race:Protoss"/>
        <AreaArray Radius="500" Effect="DeathRecallT"/>
    </CEffectEnumArea>
    <CEffectSet id="DeathRecallSet">
        <EditorCategories value=""/>
        <EffectArray value="DeathRecallD"/>
        <EffectArray value="DeathRecallMU"/>
        <EffectArray value="DeathRecallS"/>
        <EffectArray value="SupercloakUnreveal"/>
    </CEffectSet>
    <CEffectTeleport id="DeathRecallT">
        <ValidatorArray value="IsVoidSeeker"/>
        <EditorCategories value="Race:Protoss"/>
        <WhichUnit Value="Caster"/>
        <PlacementAround Value="CasterUnit"/>
        <TargetLocation Value="TargetUnitOrPoint"/>
        <TeleportFlags index="TestFog" value="0"/>
    </CEffectTeleport>
    <CEffectApplyBehavior id="DepowerAB">
        <EditorCategories value=""/>
        <Behavior value="Depowered"/>
    </CEffectApplyBehavior>
    <CEffectRemoveBehavior id="DepowerRB">
        <EditorCategories value=""/>
        <BehaviorLink value="Depowered"/>
    </CEffectRemoveBehavior>
    <CEffectSwitch id="DepowerSwitch">
        <ValidatorArray value="NotWarpingIn"/>
        <ValidatorArray value="HiddenCompareBA"/>
        <ValidatorArray value="HiddenCompareAB"/>
        <ValidatorArray value="NotVortexd"/>
        <ValidatorArray value="NotThorWreckage"/>
        <ValidatorArray value="NotOdinWreckage"/>
        <ValidatorArray value="IsNotConstructing"/>
        <EditorCategories value=""/>
        <CaseArray Validator="BuildingNotDepowered" Effect="DepowerAB"/>
        <CaseDefault value="DepowerRB"/>
    </CEffectSwitch>
    <CEffectCreatePersistent id="DetectorCone9">
        <WhichLocation Value="CasterPoint"/>
        <PeriodCount value="1"/>
        <PeriodicEffectArray value="DetectorCone9Search"/>
        <PeriodicOffsetArray value="0,-0.2,0"/>
        <PeriodicPeriodArray value="0"/>
    </CEffectCreatePersistent>
    <CEffectApplyBehavior id="DetectorCone9AB">
        <ValidatorArray index="0" value="CasterNotStunned"/>
        <ValidatorArray value="NotSupercloaked"/>
        <Behavior value="DetectorConeDetected"/>
    </CEffectApplyBehavior>
    <CEffectApplyBehavior id="DetectorCone9Reveal">
        <ValidatorArray index="0" value="CasterNotStunned"/>
        <ValidatorArray value="NotSupercloaked"/>
        <EditorCategories value=""/>
        <Behavior value="DetectorConeReveal"/>
    </CEffectApplyBehavior>
    <CEffectEnumArea id="DetectorCone9Search">
        <LaunchLocation Value="CasterUnit"/>
        <SearchFilters value="-;Self,Player,Ally,Neutral,Structure,Missile,Dead,Hidden"/>
        <AreaArray Arc="59.9963" Radius="9" Effect="DetectorCone9AB"/>
        <SearchFlags index="CenterAtLaunch" value="1"/>
    </CEffectEnumArea>
    <CEffectDamage id="EMPDamageSpectre">
        <EditorCategories value=""/>
        <VitalFractionCurrent index="Shields" value="1"/>
        <Maximum value="100"/>
    </CEffectDamage>
    <CEffectLaunchMissile id="EMPLaunchMissileSpectre">
        <EditorCategories value="Race:Terran"/>
        <ImpactLocation Value="TargetPoint"/>
        <ImpactEffect value="EMPSearchSpectre"/>
        <AmmoUnit value="EMP2Weapon"/>
    </CEffectLaunchMissile>
    <CEffectModifyUnit id="EMPModifyUnit">
        <VitalArray index="Shields">
            <Change value="0"/>
        </VitalArray>
    </CEffectModifyUnit>
    <CEffectEnumArea id="EMPSearchSpectre">
        <EditorCategories value="Race:Terran"/>
        <LaunchLocation Value="TargetPoint"/>
        <ImpactLocation Value="TargetPoint"/>
        <SearchFilters value="-;Hidden,Invulnerable"/>
        <AreaArray Radius="2" Effect="EMPSetSpectre"/>
    </CEffectEnumArea>
    <CEffectSet id="EMPSetSpectre">
        <EditorCategories value="Race:Terran"/>
        <EffectArray value="FeedbackSpectre"/>
        <EffectArray value="EMPModifyUnit"/>
        <EffectArray value="EMPApplyDecloakBehavior"/>
        <EffectArray value="EMPDamageSpectre"/>
    </CEffectSet>
    <CEffectDamage id="ExplosiveCharges">
        <EditorCategories value=""/>
        <ImpactLocation Value="TargetUnit"/>
        <VitalFractionCurrent index="Life" value="1"/>
        <VitalFractionCurrent index="Shields" value="1"/>
    </CEffectDamage>
    <CEffectDamage id="FeedbackGhostDamage">
        <EditorCategories value=""/>
        <VitalFractionCurrent index="Shields" value="1"/>
        <Maximum value="400"/>
    </CEffectDamage>
    <CEffectDamage id="FeedbackSpectre">
        <ValidatorArray value=""/>
        <EditorCategories value="Race:Protoss"/>
        <ResponseFlags index="Acquire" value="1"/>
        <ResponseFlags index="Flee" value="1"/>
        <ImpactLocation Value="TargetUnit"/>
        <Flags index="Notification" value="1"/>
        <VitalFractionCurrent index="Energy" value="1"/>
        <Death value="Blast"/>
        <SearchFlags index="CallForHelp" value="1"/>
        <SearchFlags index="SameCliff" value="0"/>
    </CEffectDamage>
    <CEffectDamage id="FeedbackGhost">
        <ValidatorArray value=""/>
        <EditorCategories value="Race:Protoss"/>
        <ResponseFlags index="Acquire" value="1"/>
        <ResponseFlags index="Flee" value="1"/>
        <ImpactLocation Value="TargetUnit"/>
        <Flags index="Notification" value="1"/>
        <Fraction value="2"/>
        <VitalFractionCurrent index="Energy" value="1"/>
        <Death value="Blast"/>
        <SearchFlags index="CallForHelp" value="1"/>
        <SearchFlags index="SameCliff" value="0"/>
    </CEffectDamage>
    <CEffectSet id="FeedbackSetGhost">
        <ValidatorArray value=""/>
        <EditorCategories value="Race:Protoss"/>
        <EffectArray value="FeedbackGhostDamage"/>
        <EffectArray value="FeedbackGhost"/>
        <EffectArray value="FeedbackEnergyLoss"/>
    </CEffectSet>
    <CEffectCreatePersistent id="FragmentationGrenadeCP">
        <EditorCategories value=""/>
        <WhichLocation Value="TargetUnit"/>
        <OffsetVectorEndLocation Value="TargetUnit"/>
        <PeriodCount value="2"/>
        <PeriodicEffectArray value="Vulture"/>
        <PeriodicEffectArray value="VultureLeft"/>
        <PeriodicPeriodArray value="0"/>
        <InitialEffect value="MechEMP"/>
    </CEffectCreatePersistent>
    <CEffectDamage id="GuassRifle">
        <Amount value="5"/>
    </CEffectDamage>
    <CEffectApplyBehavior id="HideInTheShadows">
        <EditorCategories value=""/>
    </CEffectApplyBehavior>
    <CEffectDamage id="HybridCDamage">
        <AttributeBonus index="Structure" value="0"/>
        <Amount value="50"/>
    </CEffectDamage>
    <CEffectDamage id="HybridCPlasmaBlastDamage">
        <Amount value="400"/>
        <ExcludeArray Value="Target"/>
    </CEffectDamage>
    <CEffectDamage id="JavelinMissileLaunchersDamage">
        <AttributeBonus index="Light" value="0"/>
        <Amount value="12"/>
    </CEffectDamage>
    <CEffectDamage id="KarassPsiStormDamage">
        <ArmorReduction value="1"/>
    </CEffectDamage>
    <CEffectDamage id="KarassPsiStormDamageInitial">
        <ArmorReduction value="1"/>
    </CEffectDamage>
    <!--    <CEffectLaunchMissile id="HammerSecurityLMOne">-->
    <!--        <EditorCategories value="Race:Terran"/>-->
    <!--        <ImpactEffect value="HammerSecuritySet"/>-->
    <!--        <Movers Link="MarauderWeapon"/>-->
    <!--        <AmmoUnit value="HammerSecurityLMWeapon"/>-->
    <!--    </CEffectLaunchMissile>-->
    <!--    <CEffectLaunchMissile id="HammerSecurityLMTwo">-->
    <!--        <EditorCategories value="Race:Terran"/>-->
    <!--        <ImpactEffect value="HammerSecuritySet"/>-->
    <!--        <Movers Link="MarauderWeapon"/>-->
    <!--        <AmmoUnit value="HammerSecurityLMWeapon"/>-->
    <!--    </CEffectLaunchMissile> -->
    <!--    <CEffectSet id="HammerSecuritySet">-->
    <!--        <EditorCategories value="Race:Terran"/>-->
    <!--        <EffectArray value="PunisherGrenadesSlow"/>-->
    <!--        <EffectArray value="HammerSecuritySlowAOE"/>-->
    <!--        <EffectArray value="HammerSecurityDamage"/>-->
    <!--    </CEffectSet> -->
    <!--    <CEffectEnumArea id="HammerSecuritySlowAOE">-->
    <!--        <EditorCategories value="Race:Terran"/>-->
    <!--        <SearchFilters value="Ground;Player,Ally,Missile,Stasis,Dead,Hidden,Invulnerable"/>-->
    <!--        <AreaArray Radius="1" Effect="PunisherGrenadesSlow"/>-->
    <!--        <ExcludeArray Value="Target"/>-->
    <!--        <ValidatorArray value="JackhammerConcussionGrenadesPurchased"/>-->
    <!--    </CEffectEnumArea> -->
    <CEffectDamage id="KelmorianMinerDamage">
        <Amount value="6.75"/>
    </CEffectDamage>
    <CEffectDamage id="LanzerTorpedoesDamage">
        <AttributeBonus index="Armored" value="0"/>
        <Amount value="14"/>
    </CEffectDamage>
    <CEffectCreatePersistent id="LaserBeamFinalPersistant">
        <FinalEffect value="LaserBeamTripodInitialDamage"/>
    </CEffectCreatePersistent>
    <CEffectCreatePersistent id="LaserDrillTripodCreatePersistent">
        <PeriodCount value="10"/>
    </CEffectCreatePersistent>
    <CEffectDamage id="LaserDrillTripodDamage">
        <ArmorReduction value="1"/>
    </CEffectDamage>
    <CEffectApplyBehavior id="MechEMP">
        <ValidatorArray index="0" value="UseMechEMP"/>
        <ValidatorArray value="TargetIsMechanical"/>
        <EditorCategories value=""/>
    </CEffectApplyBehavior>
    <CEffectDamage id="MindBlast">
        <Amount value="45"/>
    </CEffectDamage>
    <CEffectCreateHealer id="NanoRepair">
        <ValidatorArray index="0" value="LT3Markers"/>
        <DrainVitalCostFactor value="0.2"/>
        <RechargeVitalRate value="5"/>
    </CEffectCreateHealer>
    <CEffectDamage id="Nova">
        <Amount value="1000"/>
    </CEffectDamage>
    <CEffectDamage id="NovaSnipe">
        <ArmorReduction value="1"/>
        <Amount value="170"/>
    </CEffectDamage>
    <CEffectEnumArea id="NuclearAnnihilationMengskBigNukeDamageSearch">
        <SearchFilters value="-;Player,Ally,Missile,Stasis,Dead,Hidden,Invulnerable"/>
        <AreaArray Radius="10" Effect="NuclearAnnihilationMengskDamage"/>
    </CEffectEnumArea>
    <CEffectCreatePersistent id="NuclearAnnihilationMengskBigNukeDropDelayCP">
        <EditorCategories value="Race:Terran"/>
        <InitialDelay value="2"/>
        <ExpireDelay value="5"/>
        <PeriodCount value="1"/>
        <PeriodicEffectArray value="NuclearAnnihilationMengskBigNukeDamageSearch"/>
        <PeriodicPeriodArray value="5"/>
        <RevealRadius value="15"/>
        <RevealFlags index="Unfog" value="1"/>
    </CEffectCreatePersistent>
    <CEffectDamage id="NuclearAnnihilationMengskDamage" parent="DU_WEAP">
        <EditorCategories value="Race:Zerg"/>
        <AttributeBonus index="Structure" value="300"/>
        <Kind value="Splash"/>
        <Amount value="500"/>
    </CEffectDamage>
    <CEffectDamage id="NuclearAnnihilationMengskSmallNukeDamage" parent="DU_WEAP">
        <EditorCategories value="Race:Zerg"/>
        <AttributeBonus index="Structure" value="100"/>
        <Kind value="Splash"/>
        <Amount value="150"/>
    </CEffectDamage>
    <CEffectEnumArea id="NuclearAnnihilationMengskSmallNukeDamageSearch">
        <SearchFilters value="-;Player,Ally,Missile,Stasis,Dead,Hidden,Invulnerable"/>
        <AreaArray Radius="3" Effect="NuclearAnnihilationMengskSmallNukeDamage"/>
    </CEffectEnumArea>
    <CEffectCreatePersistent id="NuclearAnnihilationMengskSmallNukeDropDelayCP">
        <EditorCategories value="Race:Terran"/>
        <PeriodCount value="1"/>
        <PeriodicEffectArray value="NuclearAnnihilationMengskSmallNukeDamageSearch"/>
        <PeriodicPeriodArray value="1.2"/>
    </CEffectCreatePersistent>
    <CEffectCreatePersistent id="NuclearAnnihilationMengskSmallNukeDummyCP">
        <EditorCategories value=""/>
        <Flags index="RandomOffset" value="1"/>
        <InitialEffect value="NuclearAnnihilationMengskBigNukeDropDelayCP"/>
        <PeriodCount value="40"/>
        <PeriodicEffectArray value="NuclearAnnihilationMengskSmallNukeDropDelayCP"/>
        <PeriodicOffsetArray value="0,0,0"/>
        <PeriodicOffsetArray value="2.5,0,0"/>
        <PeriodicOffsetArray value="0,5,0"/>
        <PeriodicOffsetArray value="7.5,0,0"/>
        <PeriodicOffsetArray value="-1.25,2.165,0"/>
        <PeriodicOffsetArray value="-1.25,-2.165,0"/>
        <PeriodicOffsetArray value="4.33,-2.5,0"/>
        <PeriodicOffsetArray value="-4.33,2.5,0"/>
        <PeriodicOffsetArray value="0,-5,0"/>
        <PeriodicOffsetArray value="4.33,2.5,0"/>
        <PeriodicOffsetArray value="-4.33,-2.5,0"/>
        <PeriodicOffsetArray value="-6.068,4.408,0"/>
        <PeriodicOffsetArray value="-2.318,7.133,0"/>
        <PeriodicOffsetArray value="2.318,-7.133,0"/>
        <PeriodicOffsetArray value="-6.068,-4.408,0"/>
        <PeriodicOffsetArray value="-7.5,0,0"/>
        <PeriodicOffsetArray value="6.068,-4.408,0"/>
        <PeriodicOffsetArray value="2.318,7.133,0"/>
        <PeriodicOffsetArray value="-2.318,-7.133,0"/>
        <PeriodicOffsetArray value="6.068,4.408,0"/>
        <PeriodicPeriodArray value="0.125"/>
        <RevealRadius value="7.5"/>
        <OffsetRandMode value="Shuffle"/>
    </CEffectCreatePersistent>
    <CEffectDamage id="NukeDamage">
        <ArmorReduction value="1"/>
    </CEffectDamage>
    <CEffectCreatePersistent id="NukePersistentTopbar">
        <EditorCategories value="Race:Terran"/>
        <Alert value="CalldownLaunchObserver"/>
        <InitialDelay value="8.75"/>
        <ExpireEffect value="NukeDetonate"/>
        <PeriodCount value="50"/>
        <PeriodicPeriodArray value="0.2"/>
        <AINotifyEffect value="NukeDamage"/>
    </CEffectCreatePersistent>
    <CEffectApplyBehavior id="PerditionTurretBuilt">
        <ValidatorArray index="0" value="DevastatorTurretBuiltTargetFilters"/>
        <EditorCategories value=""/>
        <WhichUnit Value="Caster"/>
    </CEffectApplyBehavior>
    <CEffectRemoveBehavior id="PerditionTurretPlace">
        <EditorCategories value=""/>
        <WhichUnit Value="Caster"/>
        <BehaviorLink value="PerditionTurretBuilt"/>
    </CEffectRemoveBehavior>
    <CEffectEnumArea id="DevilDogSearchArea">
        <IncludeArray Effect="DevilDogSet" Value="Target"/>
    </CEffectEnumArea>
    <CEffectSet id="DevilDogSet">
        <EffectArray index="1" value="DevilDogSearchArea"/>
    </CEffectSet>
    <CEffectDamage id="DiamondbackBeam">
        <AttributeBonus index="Armored" value="0"/>
        <Amount value="40"/>
    </CEffectDamage>
    <CEffectCreatePersistent id="DiamondbackCP">
        <EditorCategories value="Race:Terran"/>
        <WhichLocation Value="TargetUnitOrPoint"/>
        <InitialEffect value="DiamondbackBeam"/>
        <PeriodCount value="1"/>
        <PeriodicEffectArray value="DiamondbackPierce"/>
        <PeriodicPeriodArray value="0.0625"/>
    </CEffectCreatePersistent>
    <CEffectEnumArea id="DiamondbackPierce">
        <ValidatorArray value="TriLithiumPurchased"/>
        <EditorCategories value="Race:Terran"/>
        <ExcludeArray Value="Target"/>
        <SearchFilters value="Ground;Player,Ally,Neutral,Missile,Stasis,Dead,Hidden,Invulnerable"/>
        <AreaArray>
            <Arc value="14.9963"/>
            <MaxCount value="1"/>
            <Radius value="1"/>
            <Effect value="DiamondbackBeam"/>
        </AreaArray>
    </CEffectEnumArea>
    <CEffectCreateUnit id="DropDevilDogs">
        <ValidatorArray value="HasDevilDogs"/>
        <EditorCategories value=""/>
        <WhichLocation Value="TargetUnitOrPoint"/>
        <SpawnEffect value="MercGroundDrop"/>
        <SpawnUnit value="DevilDogSquad"/>
    </CEffectCreateUnit>
    <CEffectCreateUnit id="DropSpartanCompany">
        <ValidatorArray value="HasSpartanCompany"/>
        <EditorCategories value=""/>
        <WhichLocation Value="TargetUnitOrPoint"/>
        <SpawnEffect value="MercGroundDrop"/>
        <SpawnUnit value="SpartanCompany"/>
        <SpawnCount value="3"/>
    </CEffectCreateUnit>
    <CEffectCreateUnit id="DropHammerSecurities">
        <ValidatorArray value="HasHammerSecurities"/>
        <EditorCategories value=""/>
        <WhichLocation Value="TargetUnitOrPoint"/>
        <SpawnEffect value="MercGroundDrop"/>
        <SpawnUnit value="HammerSecuritiesSquad"/>
        <SpawnCount value="3"/>
    </CEffectCreateUnit>
    <CEffectCreateUnit id="DropSiegeBreakers">
        <ValidatorArray value="HasSiegeBreakers"/>
        <EditorCategories value=""/>
        <WhichLocation Value="TargetUnitOrPoint"/>
        <SpawnEffect value="MercGroundDrop"/>
        <SpawnUnit value="SiegeBreaker"/>
        <SpawnCount value="2"/>
    </CEffectCreateUnit>
    <CEffectCreateUnit id="DropWarPigs">
        <ValidatorArray value="HasWarPigs"/>
        <EditorCategories value=""/>
        <WhichLocation Value="TargetUnitOrPoint"/>
        <SpawnEffect value="MercGroundDrop"/>
        <SpawnUnit value="WarPigSquad"/>
        <SpawnCount value="2"/>
    </CEffectCreateUnit>
    <CEffectDamage id="EyeBeamsGroundLineDamage">
        <Amount value="20"/>
    </CEffectDamage>
    <CEffectCreatePersistent id="Firebat">
        <OffsetVectorStartLocation Value="SourceUnit"/>
        <PeriodCount value="8"/>
        <PeriodicOffsetArray value="0,-2.5,0"/>
        <PeriodicOffsetArray value="0,-3,0"/>
        <PeriodicOffsetArray value="0,-3.5,0"/>
        <PeriodicOffsetArray value="0,-4,0"/>
        <PeriodicPeriodArray index="0" value="0"/>
        <PeriodicPeriodArray index="1" removed="1"/>
        <PeriodicPeriodArray index="2" removed="1"/>
        <PeriodicPeriodArray index="3" removed="1"/>
    </CEffectCreatePersistent>
    <CEffectEnumArea id="FirebatE">
        <IncludeArray Effect="FirebatSet" Value="Target"/>
        <AreaArray index="0" Effect="FirebatUFull"/>
    </CEffectEnumArea>
    <CEffectSet id="FirebatSet">
        <EffectArray index="1" value="FirebatE"/>
    </CEffectSet>
    <CEffectDamage id="FirebatUFull">
        <AttributeBonus index="Light" value="0"/>
        <Kind value="Ranged"/>
        <KindSplash value="Splash"/>
        <Amount value="4.5"/>
    </CEffectDamage>
    <CEffectDamage id="GoliathAU">
        <AttributeBonus index="Armored" value="0"/>
        <Amount value="16"/>
    </CEffectDamage>
    <CEffectLaunchMissile id="HailstormLauncherLM">
        <EditorCategories value="Race:Terran"/>
        <ImpactEffect value="HailstormLauncherU"/>
        <AmmoUnit value="GoliathAWeapon"/>
    </CEffectLaunchMissile>
    <CEffectLaunchMissile id="HailstormLauncherLMMerc">
        <ValidatorArray index="0" value="HailstormLauncherLMTargetFilters"/>
        <EditorCategories value="Race:Terran"/>
        <ImpactEffect value="HailstormLauncherU"/>
        <AmmoUnit value="GoliathAWeapon"/>
    </CEffectLaunchMissile>
    <CEffectDamage id="HailstormLauncherU">
        <EditorCategories value="Race:Terran"/>
        <ResponseFlags index="Acquire" value="1"/>
        <ResponseFlags index="Flee" value="1"/>
        <ArmorReduction value="1"/>
        <Flags index="Notification" value="1"/>
        <Kind value="Ranged"/>
        <Amount value="10"/>
        <Death value="Blast"/>
        <SearchFlags index="CallForHelp" value="1"/>
        <SearchFlags index="OffsetByUnitRadius" value="1"/>
        <SearchFlags index="OffsetAreaByAngle" value="1"/>
    </CEffectDamage>
    <CEffectDamage id="HailstormLauncherUMerc">
        <EditorCategories value="Race:Terran"/>
        <ResponseFlags index="Acquire" value="1"/>
        <ResponseFlags index="Flee" value="1"/>
        <ArmorReduction value="1"/>
        <Flags index="Notification" value="1"/>
        <Kind value="Ranged"/>
        <Amount value="12"/>
        <Death value="Blast"/>
        <SearchFlags index="CallForHelp" value="1"/>
        <SearchFlags index="OffsetByUnitRadius" value="1"/>
        <SearchFlags index="OffsetAreaByAngle" value="1"/>
    </CEffectDamage>
    <CEffectDamage id="HammerSecurityDamage">
        <AttributeBonus index="Armored" value="0"/>
        <Amount value="24"/>
    </CEffectDamage>
    <CEffectDamage id="ImpalerTentacleU">
        <AttributeBonus index="Armored" value="0"/>
        <Amount value="30"/>
    </CEffectDamage>
    <CEffectSet id="InfantryMercSet">
        <EditorCategories value=""/>
        <EffectArray value="DropWarPigs"/>
        <EffectArray value="DropDevilDogs"/>
        <EffectArray value="DropHammerSecurities"/>
        <TargetLocationType value="UnitOrPoint"/>
        <ValidatorArray value="AutoHarvesterHarvest"/>
    </CEffectSet>
    <CEffectDamage id="InfernalFlameThrower">
        <AttributeBonus index="Light" value="0"/>
        <Amount value="9"/>
    </CEffectDamage>
    <CEffectEnumMagazine id="MakePrecursorMercIterate">
        <EditorCategories value=""/>
        <WhichUnit Value="Source"/>
        <EffectExternal value="MakePrecursorMerc"/>
    </CEffectEnumMagazine>
    <CEffectModifyPlayer id="OrbitalSupplyDrop">
        <EditorCategories value=""/>
        <WhichPlayer Value="Source"/>
        <Resources index="Minerals" value="5"/>
    </CEffectModifyPlayer>
    <CEffectDamage id="PerditionTurretFlameThrowerDamage">
        <AttributeBonus index="Light" value="0"/>
        <Amount value="20"/>
    </CEffectDamage>
    <CEffectDamage id="PhaseDisruptors">
        <AttributeBonus index="Armored" value="0"/>
        <Amount value="50"/>
    </CEffectDamage>
    <CEffectCreatePersistent id="PowerStructure">
        <EditorCategories value="Race:Protoss"/>
        <WhichLocation Value="TargetUnit"/>
        <OffsetVectorEndLocation Value="TargetUnit"/>
        <InitialEffect value="PowerStructureAB"/>
        <ExpireDelay value="9.875"/>
        <FinalEffect value="PowerStructureRB"/>
    </CEffectCreatePersistent>
    <CEffectApplyBehavior id="PowerStructureAB">
        <EditorCategories value="Race:Protoss"/>
        <Behavior value="PowerStructure"/>
    </CEffectApplyBehavior>
    <CEffectRemoveBehavior id="PowerStructureRB">
        <EditorCategories value="Race:Protoss"/>
        <BehaviorLink value="PowerStructure"/>
    </CEffectRemoveBehavior>
    <CEffectDamage id="PsiStormDamage">
        <ArmorReduction value="1"/>
    </CEffectDamage>
    <CEffectDamage id="PsiStormDamageInitial">
        <ArmorReduction value="1"/>
    </CEffectDamage>
    <CEffectEnumMagazine id="RemovePrecursorMercIterate">
        <EditorCategories value=""/>
        <EffectExternal value="RemovePrecursorMerc"/>
    </CEffectEnumMagazine>
    <CEffectIssueOrder id="MarineSquadStim">
        <EditorCategories value=""/>
        <Abil value="Stimpack"/>
    </CEffectIssueOrder>
    <CEffectEnumMagazine id="MarineSquadStimIterate">
        <EditorCategories value=""/>
        <WhichUnit Value="Caster"/>
        <EffectExternal value="MarineSquadStim"/>
    </CEffectEnumMagazine>
    <CEffectCreateHealer id="MechanicalRepair">
        <ValidatorArray value="NotHidden"/>
        <ValidatorArray value="NotWarpingIn"/>
        <ValidatorArray value="NotThorWreckage"/>
        <ValidatorArray value="NotOdinWreckage"/>
        <ValidatorArray value="NotVortexd"/>
        <EditorCategories value="Race:Terran"/>
        <DrainVital value="Energy"/>
        <RechargeVitalFraction value="0.0195"/>
        <RechargeVitalRate value="10"/>
    </CEffectCreateHealer>
    <CEffectDamage id="P38ScytheGuassPistol">
        <AttributeBonus index="Light" value="0"/>
        <Amount value="12"/>
    </CEffectDamage>
    <CEffectCreateHealer id="BuildingRepair">
        <ValidatorArray value="noMarkers"/>
        <ValidatorArray value="IsNotConstructing"/>
        <Flags index="Channeled" value="0"/>
        <DrainResourceCostFactor index="Minerals" value="1"/>
        <RechargeVitalRate value="1"/>
        <TimeFactor value="1"/>
    </CEffectCreateHealer>
    <CEffectCreatePersistent id="P38ScytheGuassPistolBurst">
        <PeriodicPeriodArray index="1" value="0"/>
    </CEffectCreatePersistent>
    <CEffectDamage id="ParasiteSporeDamage">
        <AttributeBonus index="Massive" value="0"/>
        <Amount value="22"/>
    </CEffectDamage>
    <CEffectDamage id="ParticleDisruptorsU">
        <AttributeBonus index="Armored" value="0"/>
        <Amount value="20"/>
    </CEffectDamage>
    <CEffectModifyPlayer id="PickupGas100">
        <Resources index="Minerals" value="2000"/>
        <Resources index="Vespene" value="0"/>
    </CEffectModifyPlayer>
    <CEffectModifyPlayer id="PickupMinerals100">
        <Resources index="Minerals" value="1000"/>
    </CEffectModifyPlayer>
    <CEffectDamage id="PrismaticBeamMUx1">
        <AttributeBonus index="Armored" value="0"/>
        <Amount value="10"/>
    </CEffectDamage>
    <CEffectDamage id="PrismaticBeamMUx2">
        <AttributeBonus index="Armored" value="0"/>
        <Amount value="10"/>
    </CEffectDamage>
    <CEffectDamage id="PrismaticBeamMUx3">
        <AttributeBonus index="Armored" value="0"/>
        <Amount value="16"/>
    </CEffectDamage>
    <CEffectDamage id="PsionicShockwaveDamage">
        <AttributeBonus index="Biological" value="0"/>
        <Amount value="30"/>
    </CEffectDamage>
    <CEffectLaunchMissile id="RailgunLaunch">
        <ValidatorArray index="0" removed="1"/>
        <EditorCategories value=""/>
        <ImpactEffect value="RaynorGaussRifleDamage"/>
        <AmmoUnit value="RailgunWeapon"/>
    </CEffectLaunchMissile>
    <CEffectModifyUnit id="RallyCopy">
        <EditorCategories value=""/>
        <LaunchUnit Value="Caster"/>
        <CopyRallyCount value="32"/>
    </CEffectModifyUnit>
    <CEffectEnumMagazine id="RallyIterate">
        <EditorCategories value=""/>
        <EffectExternal value="RallyCopy"/>
    </CEffectEnumMagazine>
    <CEffectDamage id="RaynorGaussRifleDamage">
        <Amount value="30"/>
    </CEffectDamage>
    <CEffectSet id="BuildingRepairLoop">
        <EditorCategories value=""/>
        <EffectArray value="BuildingRepairStop"/>
        <EffectArray value="BuildingRepair"/>
    </CEffectSet>
    <CEffectIssueOrder id="RefineryBounce">
        <EditorCategories value=""/>
        <WhichUnit Value="Caster"/>
        <Abil value="ProbeHarvest"/>
        <Target Value="CasterUnit"/>
    </CEffectIssueOrder>
    <CEffectIssueOrder id="ResetRally">
        <EditorCategories value=""/>
        <WhichUnit Value="Caster"/>
        <Abil value="RallyCommand"/>
        <Player Value="Caster"/>
        <Target Value="CasterUnit"/>
    </CEffectIssueOrder>
    <CEffectEnumArea id="RetributionFieldSearch">
        <SearchFilters value="Ground;Self,Player,Ally,Neutral,Missile,Stasis,Dead,Hidden,Invulnerable"/>
    </CEffectEnumArea>
    <CEffectModifyUnit id="SalvageShared">
        <SalvageFactor>
            <Resource index="Minerals" value="-2"/>
        </SalvageFactor>
    </CEffectModifyUnit>
    <CEffectDamage id="ScoutAirU">
        <AttributeBonus index="Armored" value="0"/>
        <Amount value="14"/>
    </CEffectDamage>
    <CEffectDamage id="ScoutGround">
        <Amount value="16"/>
    </CEffectDamage>
    <CEffectCreatePersistent id="ShrikeTurretCP">
        <EditorCategories value="Race:Terran"/>
        <WhichLocation Value="TargetUnit"/>
        <TimeScaleSource Value="Caster"/>
        <Flags index="Channeled" value="1"/>
        <PeriodCount value="2"/>
        <PeriodicEffectArray value="ShrikeTurretDamage"/>
        <PeriodicPeriodArray value="0"/>
        <PeriodicPeriodArray value="0.2"/>
    </CEffectCreatePersistent>
    <CEffectDamage id="SiegeBreakerDamage">
        <AttributeBonus index="Armored" value="0"/>
        <Amount value="35"/>
    </CEffectDamage>
    <CEffectDamage id="SnipeDamage">
        <Amount value="170"/>
        <ArmorReduction value="1"/>
    </CEffectDamage>
    <CEffectDamage id="SpartanCompanyAU">
        <AttributeBonus index="Armored" value="0"/>
        <Amount value="22"/>
    </CEffectDamage>
    <CEffectDamage id="SpecterU">
        <AttributeBonus index="Armored" value="0"/>
        <Amount value="500"/>
    </CEffectDamage>
    <CEffectApplyBehavior id="SquadBunkerUnload">
        <EditorCategories value=""/>
    </CEffectApplyBehavior>
    <CEffectDamage id="SquadDeathDamage">
        <EditorCategories value=""/>
        <ImpactLocation Value="CasterUnit"/>
        <Amount value="1"/>
    </CEffectDamage>
    <CEffectEnumMagazine id="BunkerLoadIterate">
        <EditorCategories value=""/>
        <EffectInternal value="BunkerLoadIterate2"/>
        <EffectExternal value="BunkerLoadIterate2"/>
    </CEffectEnumMagazine>
    <CEffectEnumMagazine id="BunkerLoadIterate2">
        <EditorCategories value=""/>
        <WhichUnit Value="Caster"/>
        <EffectInternal value="BunkerLoadSquad"/>
        <EffectExternal value="BunkerLoadSquad"/>
    </CEffectEnumMagazine>
    <CEffectIssueOrder id="BunkerLoadSquad">
        <EditorCategories value=""/>
        <Abil value="BunkerTransportSquad"/>
        <Target Effect="BunkerLoadIterate2" Value="TargetUnit"/>
    </CEffectIssueOrder>
    <CEffectEnumMagazine id="BunkerUnloadIterate">
        <EditorCategories value=""/>
        <WhichUnit Value="Caster"/>
        <EffectInternal value="BunkerUnloadSquad2"/>
        <EffectExternal value="BunkerUnloadSquad2"/>
    </CEffectEnumMagazine>
    <CEffectIssueOrder id="AirTransportUnloadSquad">
        <EditorCategories value=""/>
        <Abil value="AirTransport"/>
        <AbilCmdIndex value="1"/>
    </CEffectIssueOrder>
    <CEffectApplyBehavior id="CraneBuilt">
        <EditorCategories value=""/>
        <WhichUnit Value="Caster"/>
    </CEffectApplyBehavior>
    <CEffectRemoveBehavior id="CranePlace">
        <EditorCategories value=""/>
        <WhichUnit Value="Caster"/>
        <BehaviorLink value="CraneBuilt"/>
    </CEffectRemoveBehavior>
    <CEffectCreateUnit id="CreateSCVHarvester">
        <EditorCategories value=""/>
        <OwningPlayer Value="Caster"/>
        <WhichLocation Value="CasterUnit"/>
        <SpawnEffect value="SCVHarvesterAWAY"/>
        <SpawnUnit value="SCV2"/>
    </CEffectCreateUnit>
    <CEffectDamage id="CrucioShockCannonBlast">
        <Amount value="100"/>
    </CEffectDamage>
    <CEffectDamage id="CrucioShockCannonDirected">
        <Amount value="100"/>
    </CEffectDamage>
    <CEffectDamage id="CrucioShockCannonDummy">
        <Amount value="100"/>
    </CEffectDamage>
    <CEffectDamage id="CrucioShockCannonEnemyDamage">
        <Amount value="100"/>
    </CEffectDamage>
    <CEffectDamage id="CrucioShockCannonFriendlyDamage">
        <Amount value="25"/>
    </CEffectDamage>
    <CEffectApplyBehavior id="DevastatorTurretBuilt">
        <EditorCategories value=""/>
        <WhichUnit Value="Caster"/>
    </CEffectApplyBehavior>
    <CEffectRemoveBehavior id="DevastatorTurretPlace">
        <EditorCategories value=""/>
        <WhichUnit Value="Caster"/>
        <BehaviorLink value="DevastatorTurretBuilt"/>
    </CEffectRemoveBehavior>
    <CEffectCreatePersistent id="DevilDogCreatePersistent">
        <PeriodCount value="8"/>
        <PeriodicOffsetArray value="0,-2.5,0"/>
        <PeriodicOffsetArray value="0,-3,0"/>
        <PeriodicOffsetArray value="0,-3.5,0"/>
        <PeriodicOffsetArray value="0,-4,0"/>
        <PeriodicPeriodArray index="0" value="0"/>
        <PeriodicPeriodArray index="1" removed="1"/>
        <PeriodicPeriodArray index="2" removed="1"/>
        <PeriodicPeriodArray index="3" removed="1"/>
        <OffsetVectorStartLocation Value="SourceUnit"/>
    </CEffectCreatePersistent>
    <CEffectDamage id="DevilDogDamage">
        <AttributeBonus index="Light" value="0"/>
        <Amount value="5.625"/>
        <Kind value="Ranged"/>
        <KindSplash value="Splash"/>
    </CEffectDamage>
    <CEffectApplyBehavior id="DropOffStun">
        <ValidatorArray index="0" value="HoldingResources"/>
        <EditorCategories value=""/>
        <WhichUnit Value="Caster"/>
    </CEffectApplyBehavior>
    <CEffectCreatePersistent id="MedicSquadAcquire">
        <ValidatorArray value="noMarkers"/>
        <ValidatorArray value="NotWarpingIn"/>
        <ValidatorArray value="HiddenCompareAB"/>
        <ValidatorArray value="HiddenCompareBA"/>
        <ValidatorArray value="NotVortexd"/>
        <ValidatorArray value="TargetLifeNotFull"/>
        <EditorCategories value=""/>
        <Flags index="Channeled" value="1"/>
        <PeriodicValidator value="TargetLifeNotFull"/>
    </CEffectCreatePersistent>
    <CEffectLaunchMissile id="ConcussiveGrenadesLM">
        <EditorCategories value="Race:Terran"/>
        <ImpactEffect value="ConcussiveGrenadesSet"/>
        <AmmoUnit value="PunisherGrenadesLMWeapon"/>
        <Movers Link="PunisherGrenadesWeapon"/>
    </CEffectLaunchMissile>
    <CEffectSet id="ConcussiveGrenadesSet">
        <EditorCategories value="Race:Terran"/>
        <EffectArray value="PunisherGrenadesSlow"/>
        <EffectArray value="ConcussiveGrenadesU"/>
        <EffectArray value="MarauderSlowAOE"/>
        <EffectArray value="MarauderSlowAOE"/>
    </CEffectSet>
    <CEffectDamage id="ConcussiveGrenadesU" parent="DU_WEAP">
        <EditorCategories value="Race:Terran"/>
        <Kind value="Ranged"/>
        <Amount value="35"/>
        <Death value="Blast"/>
        <AreaArray Radius="0.4687" Fraction="1" Validator="HasHellstormMissilePods"/>
        <AreaArray Radius="0.7812" Fraction="0.5" Validator="HasHellstormMissilePods"/>
        <AreaArray Radius="1.25" Fraction="0.25" Validator="HasHellstormMissilePods"/>
        <ExcludeArray Value="Target"/>
        <SearchFlags index="OffsetByUnitRadius" value="0"/>
        <SearchFilters value="Ground;Self,Player,Ally,Missile,Dead,Hidden,Invulnerable"/>
    </CEffectDamage>
    <CEffectDamage id="PunisherGrenadesU">
        <AttributeBonus index="Armored" value="0"/>
        <Amount value="20"/>
    </CEffectDamage>
    <CEffectIssueOrder id="SCVHarvesterAWAY">
        <EditorCategories value=""/>
        <Abil value="move"/>
        <Player Value="Caster"/>
        <Target Value="CasterUnit"/>
    </CEffectIssueOrder>
    <CEffectCreatePersistent id="MercSquadDropDelay">
        <EditorCategories value=""/>
        <WhichLocation Value="SourceUnitOrPoint"/>
        <PeriodCount value="1"/>
        <PeriodicEffectArray value="MakePrecursorMercIterate"/>
        <PeriodicPeriodArray value="0.125"/>
    </CEffectCreatePersistent>
    <CEffectApplyBehavior id="SquadMainAttack">
        <EditorCategories value=""/>
        <WhichUnit Value="Caster"/>
    </CEffectApplyBehavior>
    <CEffectTeleport id="SquadUnitTeleport">
        <ValidatorArray value="SquadTooFar"/>
        <PlacementAround Value="CasterUnit"/>
        <SourceLocation Value="TargetUnit"/>
    </CEffectTeleport>
    <CEffectApplyBehavior id="SquadVeterancy1">
        <EditorCategories value=""/>
    </CEffectApplyBehavior>
    <CEffectEnumMagazine id="SquadVeterancy1Iterate">
        <EditorCategories value=""/>
        <WhichUnit Value="Caster"/>
        <EffectInternal value="SquadVeterancy1"/>
        <EffectExternal value="SquadVeterancy1"/>
    </CEffectEnumMagazine>
    <CEffectEnumMagazine id="SquadVeterancy2Iterate">
        <EditorCategories value=""/>
        <WhichUnit Value="Caster"/>
        <EffectInternal value="SquadVeterancy2"/>
        <EffectExternal value="SquadVeterancy2"/>
    </CEffectEnumMagazine>
    <CEffectApplyBehavior id="SquadVeterancy2">
        <EditorCategories value=""/>
    </CEffectApplyBehavior>
    <CEffectCreatePersistent id="StealthCreateForwardLookPoint">
        <EditorCategories value=""/>
        <PeriodCount value="1"/>
        <PeriodicEffectArray value="StealthRememberLookPoint"/>
        <PeriodicOffsetArray value="0,-5,0"/>
        <PeriodicPeriodArray value="0"/>
    </CEffectCreatePersistent>
    <CEffectCreatePersistent id="StealthCreateForwardLookPointLong">
        <EditorCategories value=""/>
        <PeriodCount value="1"/>
        <PeriodicEffectArray value="StealthRememberLookPointLong"/>
        <PeriodicOffsetArray value="0,-5,0"/>
        <PeriodicPeriodArray value="0"/>
    </CEffectCreatePersistent>
    <CEffectIssueOrder id="StealthLookAt">
        <ValidatorArray value="CasterHasNoOrders"/>
        <EditorCategories value=""/>
        <WhichUnit Value="Source"/>
        <Abil value="move"/>
        <AbilCmdIndex value="4"/>
        <Player Value="Source"/>
        <Target Value="TargetPoint"/>
    </CEffectIssueOrder>
    <CEffectCreatePersistent id="StealthRememberLookPoint">
        <EditorCategories value=""/>
        <OffsetVectorStartLocation Value="SourcePoint"/>
        <OffsetFacingFallback Value="SourcePoint"/>
        <Flags index="PersistUntilDestroyed" value="1"/>
        <PeriodicEffectArray value="StealthLookAt"/>
        <PeriodicOffsetArray value="0,0,0"/>
        <PeriodicPeriodArray value="0.25"/>
    </CEffectCreatePersistent>
    <CEffectCreatePersistent id="StealthRememberLookPointLong">
        <EditorCategories value=""/>
        <OffsetVectorStartLocation Value="SourcePoint"/>
        <OffsetFacingFallback Value="SourcePoint"/>
        <Flags index="PersistUntilDestroyed" value="1"/>
        <InitialDelay value="1.5"/>
        <PeriodicEffectArray value="StealthLookAt"/>
        <PeriodicOffsetArray value="0,0,0"/>
        <PeriodicPeriodArray value="20"/>
    </CEffectCreatePersistent>
    <CEffectCreatePersistent id="StealthRightTurn">
        <EditorCategories value=""/>
        <WhichLocation Value="SourceUnit"/>
        <Flags index="PersistUntilDestroyed" value="1"/>
        <InitialEffect value="StealthCreateForwardLookPointLong"/>
        <PeriodicEffectArray value="StealthTurnRight"/>
        <PeriodicEffectArray value="StealthTurnLeft"/>
        <PeriodicPeriodArray value="10"/>
    </CEffectCreatePersistent>
    <CEffectCreatePersistent id="StealthLeftTurn">
        <EditorCategories value=""/>
        <WhichLocation Value="SourceUnit"/>
        <Flags index="PersistUntilDestroyed" value="1"/>
        <InitialEffect value="StealthCreateForwardLookPointLong"/>
        <PeriodicEffectArray value="StealthTurnLeft"/>
        <PeriodicEffectArray value="StealthTurnRight"/>
        <PeriodicPeriodArray value="10"/>
    </CEffectCreatePersistent>
    <CEffectCreatePersistent id="StealthSpinLeft">
        <EditorCategories value=""/>
        <Flags index="PersistUntilDestroyed" value="1"/>
        <InitialEffect value="StealthCreateForwardLookPointLong"/>
        <PeriodicEffectArray value="StealthTurnLeft"/>
        <PeriodicPeriodArray value="5"/>
    </CEffectCreatePersistent>
    <CEffectCreatePersistent id="StealthSpinRight">
        <EditorCategories value=""/>
        <Flags index="PersistUntilDestroyed" value="1"/>
        <InitialEffect value="StealthCreateForwardLookPointLong"/>
        <PeriodicEffectArray value="StealthTurnRight"/>
        <PeriodicPeriodArray value="5"/>
    </CEffectCreatePersistent>
    <CEffectCreatePersistent id="StealthTurnLeft">
        <EditorCategories value=""/>
        <PeriodCount value="16"/>
        <PeriodicEffectArray value="StealthLookAt"/>
        <PeriodicOffsetArray value="1.18,-12,0"/>
        <PeriodicPeriodArray value="0.0625"/>
    </CEffectCreatePersistent>
    <CEffectCreatePersistent id="StealthTurnRight">
        <EditorCategories value=""/>
        <PeriodCount value="16"/>
        <PeriodicEffectArray value="StealthLookAt"/>
        <PeriodicOffsetArray value="-1.18,-12,0"/>
        <PeriodicPeriodArray value="0.0625"/>
    </CEffectCreatePersistent>
    <CEffectRemoveBehavior id="SupercloakUnreveal">
        <EditorCategories value=""/>
        <BehaviorLink value="DetectorConeReveal"/>
    </CEffectRemoveBehavior>
    <CEffectCreateUnit id="TibNodeLarge">
        <EditorCategories value=""/>
        <WhichLocation Value="OriginUnit"/>
        <Origin Value="TargetPoint"/>
        <SpawnOwner Value="Source"/>
        <SpawnUnit value="TibVein"/>
        <SpawnRange value="6"/>
    </CEffectCreateUnit>
    <CEffectSet id="RemoveBuiltBehaviors">
        <EditorCategories value=""/>
        <EffectArray value="SupplyDepotPlace"/>
        <EffectArray value="RefineryPlace"/>
        <EffectArray value="BarracksPlace"/>
        <EffectArray value="EngineeringBayPlace"/>
        <EffectArray value="BunkerPlace"/>
        <EffectArray value="MissileTurretPlace"/>
        <EffectArray value="SensorTowerPlace"/>
        <EffectArray value="RemoveBuiltBehaviors2"/>
    </CEffectSet>
    <CEffectSet id="RemoveBuiltBehaviors2">
        <EditorCategories value=""/>
        <EffectArray value="GhostAcademyPlace"/>
        <EffectArray value="FactoryPlace"/>
        <EffectArray value="ArmoryPlace"/>
        <EffectArray value="StarportPlace"/>
        <EffectArray value="FusionCorePlace"/>
        <EffectArray value="CranePlace"/>
        <EffectArray value="DevastatorTurretPlace"/>
        <EffectArray value="PerditionTurretPlace"/>
    </CEffectSet>
    <CEffectCreatePersistent id="SquadAttack">
        <EditorCategories value=""/>
        <WhichLocation Value="CasterUnit"/>
        <Flags index="Channeled" value="1"/>
        <InitialEffect value="SquadMainAttack"/>
        <PeriodCount value="2"/>
        <PeriodicEffectArray value="SquadAttackIterate"/>
        <PeriodicPeriodArray value="0"/>
        <PeriodicPeriodArray value="0.25"/>
    </CEffectCreatePersistent>
    <CEffectApplyBehavior id="SquadAttackAB">
        <EditorCategories value=""/>
        <Behavior value="SquadAttack"/>
    </CEffectApplyBehavior>
    <CEffectEnumMagazine id="SquadAttackIterate">
        <EditorCategories value=""/>
        <WhichUnit Value="Caster"/>
        <EffectInternal value="SquadAttackAB"/>
        <EffectExternal value="SquadAttackAB"/>
    </CEffectEnumMagazine>
    <CEffectIssueOrder id="SquadStop">
        <EditorCategories value=""/>
        <Abil value="stop"/>
    </CEffectIssueOrder>
    <CEffectEnumMagazine id="SquadStopIterate">
        <EditorCategories value=""/>
        <WhichUnit Value="Caster"/>
        <EffectInternal value="SquadStop"/>
        <EffectExternal value="SquadStop"/>
    </CEffectEnumMagazine>
    <CEffectApplyBehavior id="SquadUnit">
        <EditorCategories value=""/>
    </CEffectApplyBehavior>
    <CEffectCreatePersistent id="TibNodeLargeGrow">
        <EditorCategories value=""/>
        <WhichLocation Value="OriginUnitOrPoint"/>
        <Flags index="RandomOffset" value="1"/>
        <PeriodCount value="1"/>
        <PeriodicEffectArray value="TibNodeLarge"/>
        <PeriodicOffsetArray value="-1,0,0"/>
        <PeriodicOffsetArray value="0,-1,0"/>
        <PeriodicOffsetArray value="-1,-1,0"/>
        <PeriodicOffsetArray value="1,0,0"/>
        <PeriodicOffsetArray value="0,1,0"/>
        <PeriodicOffsetArray value="-1,1,0"/>
        <PeriodicOffsetArray value="1,-1,0"/>
        <PeriodicOffsetArray value="1,1,0"/>
    </CEffectCreatePersistent>
    <CEffectCreatePersistent id="TibNodeLargeStarter2">
        <EditorCategories value=""/>
        <WhichLocation Value="OriginUnitOrPoint"/>
        <Flags index="RandomOffset" value="1"/>
        <InitialEffect value="TibNodeLargeStarter22"/>
        <PeriodCount value="80"/>
        <PeriodicEffectArray value="TibNodeLarge"/>
        <PeriodicOffsetArray value="-1,0,0"/>
        <PeriodicOffsetArray value="0,-1,0"/>
        <PeriodicOffsetArray value="-1,-1,0"/>
        <PeriodicOffsetArray value="1,0,0"/>
        <PeriodicOffsetArray value="0,1,0"/>
        <PeriodicOffsetArray value="-1,1,0"/>
        <PeriodicOffsetArray value="1,-1,0"/>
        <PeriodicOffsetArray value="1,1,0"/>
        <PeriodicPeriodArray value="0.0625"/>
        <ValidatorArray value="TibNodeNonStarter"/>
        <PeriodicValidator value="TibNodeNonStarter"/>
    </CEffectCreatePersistent>
    <CEffectCreatePersistent id="TibNodeLargeStarter22">
        <EditorCategories value=""/>
        <WhichLocation Value="OriginUnitOrPoint"/>
        <Flags index="RandomOffset" value="1"/>
        <PeriodCount value="80"/>
        <PeriodicEffectArray value="TibNodeLarge"/>
        <PeriodicOffsetArray value="-1,0,0"/>
        <PeriodicOffsetArray value="0,-1,0"/>
        <PeriodicOffsetArray value="-1,-1,0"/>
        <PeriodicOffsetArray value="1,0,0"/>
        <PeriodicOffsetArray value="0,1,0"/>
        <PeriodicOffsetArray value="-1,1,0"/>
        <PeriodicOffsetArray value="1,-1,0"/>
        <PeriodicOffsetArray value="1,1,0"/>
        <PeriodicPeriodArray value="0.0625"/>
        <ValidatorArray value="TibNodeNonStarter"/>
        <PeriodicValidator value="TibNodeNonStarter"/>
    </CEffectCreatePersistent>
    <CEffectCreatePersistent id="TibNodeMediumGrow">
        <EditorCategories value=""/>
        <WhichLocation Value="OriginUnitOrPoint"/>
        <Flags index="RandomOffset" value="1"/>
        <PeriodCount value="1"/>
        <PeriodicEffectArray value="TibNodeMedium"/>
        <PeriodicOffsetArray value="-1,0,0"/>
        <PeriodicOffsetArray value="0,-1,0"/>
        <PeriodicOffsetArray value="-1,-1,0"/>
        <PeriodicOffsetArray value="1,0,0"/>
        <PeriodicOffsetArray value="0,1,0"/>
        <PeriodicOffsetArray value="-1,1,0"/>
        <PeriodicOffsetArray value="1,-1,0"/>
        <PeriodicOffsetArray value="1,1,0"/>
    </CEffectCreatePersistent>
    <CEffectEnumArea id="TibNodeLargeSearch">
        <EditorCategories value=""/>
        <SearchFilters value="HarvestableResource;-"/>
        <AreaArray Radius="2" Effect="TibGrow"/>
        <AreaArray Radius="4" Effect="TibGrow"/>
        <SearchFlags index="ExtendByUnitRadius" value="1"/>
    </CEffectEnumArea>
    <CEffectApplyBehavior id="SupplyDepotBuilt">
        <EditorCategories value=""/>
        <WhichUnit Value="Caster"/>
    </CEffectApplyBehavior>
    <CEffectApplyBehavior id="RefineryBuilt">
        <EditorCategories value=""/>
        <WhichUnit Value="Caster"/>
    </CEffectApplyBehavior>
    <CEffectApplyBehavior id="BarracksBuilt">
        <EditorCategories value=""/>
        <WhichUnit Value="Caster"/>
    </CEffectApplyBehavior>
    <CEffectApplyBehavior id="EngineeringBayBuilt">
        <EditorCategories value=""/>
        <WhichUnit Value="Caster"/>
    </CEffectApplyBehavior>
    <CEffectApplyBehavior id="BunkerBuilt">
        <EditorCategories value=""/>
        <WhichUnit Value="Caster"/>
    </CEffectApplyBehavior>
    <CEffectApplyBehavior id="MissileTurretBuilt">
        <EditorCategories value=""/>
        <WhichUnit Value="Caster"/>
    </CEffectApplyBehavior>
    <CEffectApplyBehavior id="SensorTowerBuilt">
        <EditorCategories value=""/>
        <WhichUnit Value="Caster"/>
    </CEffectApplyBehavior>
    <CEffectApplyBehavior id="GhostAcademyBuilt">
        <EditorCategories value=""/>
        <WhichUnit Value="Caster"/>
    </CEffectApplyBehavior>
    <CEffectApplyBehavior id="FactoryBuilt">
        <EditorCategories value=""/>
        <WhichUnit Value="Caster"/>
    </CEffectApplyBehavior>
    <CEffectApplyBehavior id="ArmoryBuilt">
        <EditorCategories value=""/>
        <WhichUnit Value="Caster"/>
    </CEffectApplyBehavior>
    <CEffectApplyBehavior id="StarportBuilt">
        <EditorCategories value=""/>
        <WhichUnit Value="Caster"/>
    </CEffectApplyBehavior>
    <CEffectApplyBehavior id="FusionCoreBuilt">
        <EditorCategories value=""/>
        <WhichUnit Value="Caster"/>
    </CEffectApplyBehavior>
    <CEffectRemoveBehavior id="SupplyDepotPlace">
        <EditorCategories value=""/>
        <WhichUnit Value="Caster"/>
        <BehaviorLink value="SupplyDepotBuilt"/>
    </CEffectRemoveBehavior>
    <CEffectRemoveBehavior id="RefineryPlace">
        <EditorCategories value=""/>
        <WhichUnit Value="Caster"/>
        <BehaviorLink value="RefineryBuilt"/>
    </CEffectRemoveBehavior>
    <CEffectRemoveBehavior id="BarracksPlace">
        <EditorCategories value=""/>
        <WhichUnit Value="Caster"/>
        <BehaviorLink value="BarracksBuilt"/>
    </CEffectRemoveBehavior>
    <CEffectRemoveBehavior id="EngineeringBayPlace">
        <EditorCategories value=""/>
        <WhichUnit Value="Caster"/>
        <BehaviorLink value="EngineeringBayBuilt"/>
    </CEffectRemoveBehavior>
    <CEffectRemoveBehavior id="BunkerPlace">
        <EditorCategories value=""/>
        <WhichUnit Value="Caster"/>
        <BehaviorLink value="BunkerBuilt"/>
    </CEffectRemoveBehavior>
    <CEffectRemoveBehavior id="MissileTurretPlace">
        <EditorCategories value=""/>
        <WhichUnit Value="Caster"/>
        <BehaviorLink value="MissileTurretBuilt"/>
    </CEffectRemoveBehavior>
    <CEffectRemoveBehavior id="SensorTowerPlace">
        <EditorCategories value=""/>
        <WhichUnit Value="Caster"/>
        <BehaviorLink value="SensorTowerBuilt"/>
    </CEffectRemoveBehavior>
    <CEffectRemoveBehavior id="GhostAcademyPlace">
        <EditorCategories value=""/>
        <WhichUnit Value="Caster"/>
        <BehaviorLink value="GhostAcademyBuilt"/>
    </CEffectRemoveBehavior>
    <CEffectRemoveBehavior id="FactoryPlace">
        <EditorCategories value=""/>
        <WhichUnit Value="Caster"/>
        <BehaviorLink value="FactoryBuilt"/>
    </CEffectRemoveBehavior>
    <CEffectRemoveBehavior id="ArmoryPlace">
        <EditorCategories value=""/>
        <WhichUnit Value="Caster"/>
        <BehaviorLink value="ArmoryBuilt"/>
    </CEffectRemoveBehavior>
    <CEffectRemoveBehavior id="StarportPlace">
        <EditorCategories value=""/>
        <WhichUnit Value="Caster"/>
        <BehaviorLink value="StarportBuilt"/>
    </CEffectRemoveBehavior>
    <CEffectRemoveBehavior id="FusionCorePlace">
        <EditorCategories value=""/>
        <WhichUnit Value="Caster"/>
        <BehaviorLink value="FusionCoreBuilt"/>
    </CEffectRemoveBehavior>
    <CEffectModifyUnit id="TibGrow">
        <EditorCategories value=""/>
        <Resources value="140"/>
    </CEffectModifyUnit>
    <CEffectCreatePersistent id="TibNodeLargeStarter">
        <EditorCategories value=""/>
        <WhichLocation Value="OriginUnitOrPoint"/>
        <Flags index="RandomOffset" value="1"/>
        <InitialEffect value="TibNodeLargeStarter2"/>
        <FinalEffect value="TibNodeLargeSearch"/>
        <PeriodCount value="80"/>
        <PeriodicEffectArray value="TibNodeLarge"/>
        <PeriodicOffsetArray value="-1,0,0"/>
        <PeriodicOffsetArray value="0,-1,0"/>
        <PeriodicOffsetArray value="-1,-1,0"/>
        <PeriodicOffsetArray value="1,0,0"/>
        <PeriodicOffsetArray value="0,1,0"/>
        <PeriodicOffsetArray value="-1,1,0"/>
        <PeriodicOffsetArray value="1,-1,0"/>
        <PeriodicOffsetArray value="1,1,0"/>
        <PeriodicPeriodArray value="0.0625"/>
        <ValidatorArray value="TibNodeNonStarter"/>
        <PeriodicValidator value="TibNodeNonStarter"/>
    </CEffectCreatePersistent>
    <CEffectCreateUnit id="TibNodeMedium">
        <EditorCategories value=""/>
        <WhichLocation Value="OriginUnit"/>
        <Origin Value="TargetPoint"/>
        <SpawnOwner Value="Source"/>
        <SpawnUnit value="TibVein"/>
        <SpawnRange value="4"/>
    </CEffectCreateUnit>
    <CEffectCreatePersistent id="TibNodeMediumStarter2">
        <EditorCategories value=""/>
        <WhichLocation Value="OriginUnitOrPoint"/>
        <Flags index="RandomOffset" value="1"/>
        <PeriodCount value="80"/>
        <PeriodicEffectArray value="TibNodeMedium"/>
        <PeriodicOffsetArray value="-1,0,0"/>
        <PeriodicOffsetArray value="0,-1,0"/>
        <PeriodicOffsetArray value="-1,-1,0"/>
        <PeriodicOffsetArray value="1,0,0"/>
        <PeriodicOffsetArray value="0,1,0"/>
        <PeriodicOffsetArray value="-1,1,0"/>
        <PeriodicOffsetArray value="1,-1,0"/>
        <PeriodicOffsetArray value="1,1,0"/>
        <PeriodicPeriodArray value="0.0625"/>
        <ValidatorArray value="TibNodeNonStarter"/>
        <PeriodicValidator value="TibNodeNonStarter"/>
    </CEffectCreatePersistent>
    <CEffectCreatePersistent id="TibNodeSmallGrow">
        <EditorCategories value=""/>
        <WhichLocation Value="OriginUnitOrPoint"/>
        <Flags index="RandomOffset" value="1"/>
        <PeriodCount value="1"/>
        <PeriodicEffectArray value="TibNodeSmall"/>
        <PeriodicOffsetArray value="-1,0,0"/>
        <PeriodicOffsetArray value="0,-1,0"/>
        <PeriodicOffsetArray value="-1,-1,0"/>
        <PeriodicOffsetArray value="1,0,0"/>
        <PeriodicOffsetArray value="0,1,0"/>
        <PeriodicOffsetArray value="-1,1,0"/>
        <PeriodicOffsetArray value="1,-1,0"/>
        <PeriodicOffsetArray value="1,1,0"/>
    </CEffectCreatePersistent>
    <CEffectEnumArea id="TibNodeMediumSearch">
        <EditorCategories value=""/>
        <SearchFilters value="HarvestableResource;-"/>
        <AreaArray Radius="1" Effect="TibGrow"/>
        <AreaArray Radius="2.5" Effect="TibGrow"/>
        <SearchFlags index="ExtendByUnitRadius" value="1"/>
    </CEffectEnumArea>
    <CEffectCreatePersistent id="TibNodeMediumStarter">
        <EditorCategories value=""/>
        <WhichLocation Value="OriginUnitOrPoint"/>
        <Flags index="RandomOffset" value="1"/>
        <InitialEffect value="TibNodeMediumStarter2"/>
        <FinalEffect value="TibNodeMediumSearch"/>
        <PeriodCount value="80"/>
        <PeriodicEffectArray value="TibNodeMedium"/>
        <PeriodicOffsetArray value="-1,0,0"/>
        <PeriodicOffsetArray value="0,-1,0"/>
        <PeriodicOffsetArray value="-1,-1,0"/>
        <PeriodicOffsetArray value="1,0,0"/>
        <PeriodicOffsetArray value="0,1,0"/>
        <PeriodicOffsetArray value="-1,1,0"/>
        <PeriodicOffsetArray value="1,-1,0"/>
        <PeriodicOffsetArray value="1,1,0"/>
        <PeriodicPeriodArray value="0.0625"/>
        <ValidatorArray value="TibNodeNonStarter"/>
        <PeriodicValidator value="TibNodeNonStarter"/>
    </CEffectCreatePersistent>
    <CEffectCreateUnit id="TibNodeSmall">
        <EditorCategories value=""/>
        <WhichLocation Value="OriginUnit"/>
        <Origin Value="TargetPoint"/>
        <SpawnOwner Value="Source"/>
        <SpawnUnit value="TibVein"/>
        <SpawnRange value="2"/>
    </CEffectCreateUnit>
    <CEffectEnumArea id="TibNodeSmallSearch">
        <EditorCategories value=""/>
        <SearchFilters value="HarvestableResource;-"/>
        <AreaArray Radius="0.5" Effect="TibGrow"/>
        <AreaArray Radius="1" Effect="TibGrow"/>
        <SearchFlags index="ExtendByUnitRadius" value="1"/>
    </CEffectEnumArea>
    <CEffectCreatePersistent id="TibNodeSmallStarter">
        <EditorCategories value=""/>
        <WhichLocation Value="OriginUnitOrPoint"/>
        <Flags index="RandomOffset" value="1"/>
        <FinalEffect value="TibNodeSmallSearch"/>
        <PeriodCount value="80"/>
        <PeriodicEffectArray value="TibNodeSmall"/>
        <PeriodicOffsetArray value="-1,0,0"/>
        <PeriodicOffsetArray value="0,-1,0"/>
        <PeriodicOffsetArray value="-1,-1,0"/>
        <PeriodicOffsetArray value="1,0,0"/>
        <PeriodicOffsetArray value="0,1,0"/>
        <PeriodicOffsetArray value="-1,1,0"/>
        <PeriodicOffsetArray value="1,-1,0"/>
        <PeriodicOffsetArray value="1,1,0"/>
        <PeriodicPeriodArray value="0.0625"/>
        <ValidatorArray value="TibNodeNonStarter"/>
        <PeriodicValidator value="TibNodeNonStarter"/>
    </CEffectCreatePersistent>
    <CEffectRemoveBehavior id="BuildingRepairRB">
        <BehaviorLink value="BuildingRepair"/>
    </CEffectRemoveBehavior>
    <CEffectCreatePersistent id="DummyEffect">
        <EditorCategories value=""/>
    </CEffectCreatePersistent>
    <CEffectDamage id="ToshU">
        <Amount value="1000"/>
    </CEffectDamage>
    <CEffectDamage id="TwinIbiksCannon">
        <Amount value="80"/>
    </CEffectDamage>
    <CEffectDamage id="TychusSpectreUltrasonicDamageLv1">
        <EditorCategories value="Race:Terran"/>
        <ResponseFlags index="Acquire" value="1"/>
        <ResponseFlags index="Flee" value="1"/>
        <Amount value="12"/>
        <ArmorReduction value="1"/>
    </CEffectDamage>
    <CEffectCreatePersistent id="TychusSpectreUltrasonicPulseCPLv1">
        <EditorCategories value="Race:Terran"/>
        <InitialEffect value="TychusSpectreUltrasonicSearchLv1"/>
        <PeriodCount value="12"/>
        <PeriodicEffectArray value="TychusSpectreUltrasonicSearchLv1"/>
        <PeriodicPeriodArray value="0.25"/>
        <RevealRadius value="2"/>
        <RevealFlags index="Unfog" value="1"/>
        <RevealFlags index="Detect" value="1"/>
        <AINotifyEffect value="TychusSpectreUltrasonicSearchLv1"/>
    </CEffectCreatePersistent>
    <CEffectEnumArea id="TychusSpectreUltrasonicSearchLv1">
        <EditorCategories value="Race:Terran"/>
        <LaunchLocation Value="TargetPoint"/>
        <ImpactLocation Value="TargetPoint"/>
        <SearchFilters value="-;Player,Ally,Structure,Missile,Stasis,Hidden,Invulnerable"/>
        <AreaArray Radius="2" Effect="TychusSpectreUltrasonicDamageLv1"/>
        <AINotifyFlags index="HurtEnemy" value="1"/>
    </CEffectEnumArea>
    <CEffectDamage id="Val03PsiBlastDamage">
        <AttributeBonus index="Structure" value="0"/>
        <Amount value="150"/>
    </CEffectDamage>
    <CEffectDamage id="Val03RazorTalonsDamage">
        <AttributeBonus index="Structure" value="0"/>
        <Amount value="150"/>
    </CEffectDamage>
    <CEffectSet id="VehicleMercSet">
        <EditorCategories value=""/>
        <EffectArray value="DropSiegeBreakers"/>
        <EffectArray value="DropSpartanCompany"/>
        <TargetLocationType value="UnitOrPoint"/>
        <ValidatorArray value="AutoHarvesterHarvest"/>
    </CEffectSet>
    <CEffectDamage id="VolatileBurstFriendlyUnitDamage">
        <AttributeBonus index="Light" value="0"/>
        <Amount value="35"/>
    </CEffectDamage>
    <CEffectDamage id="VolatileBurstU">
        <AttributeBonus index="Light" value="0"/>
        <Amount value="35"/>
    </CEffectDamage>
    <CEffectLaunchMissile id="VultureLeft">
        <EditorCategories value="Race:Terran"/>
        <ImpactEffect value="VultureU"/>
        <AmmoUnit value="VultureWeapon"/>
    </CEffectLaunchMissile>
    <CEffectDamage id="VultureSpiderMinesDamage">
        <Amount value="95"/>
    </CEffectDamage>
    <CEffectDamage id="VultureU">
        <AttributeBonus index="Light" value="0"/>
        <Amount value="25"/>
    </CEffectDamage>
    <CEffectDamage id="WraithAU">
        <AttributeBonus index="Armored" value="0"/>
        <Amount value="20"/>
    </CEffectDamage>
    <CEffectDamage id="WreckingCrewFighterU">
        <AttributeBonus index="Armored" value="0"/>
        <Amount value="20"/>
    </CEffectDamage>
    <CEffectDamage id="YamatoGunTopbarDamage">
        <EditorCategories value="Race:Terran"/>
        <ResponseFlags index="Flee" value="1"/>
        <LaunchLocation Effect="YamatoGunTopbarOffset" Value="TargetPoint"/>
        <Visibility value="Visible"/>
        <Flags index="Notification" value="1"/>
        <Amount value="400"/>
        <Death value="Blast"/>
        <AreaArray Radius="3" Fraction="1"/>
        <ExcludeArray Value="Target"/>
        <SearchFilters value="-;Self,Player,Ally,Neutral,Missile,Stasis,Dead,Hidden,Invulnerable"/>
        <SearchFlags index="CallForHelp" value="1"/>
        <SearchFlags index="ExtendByUnitRadius" value="1"/>
        <ArmorReduction value="1"/>
    </CEffectDamage>
    <CEffectLaunchMissile id="YamatoGunTopbarLaunchMissile">
        <ValidatorArray index="0" removed="1"/>
        <EditorCategories value="Race:Terran"/>
        <LaunchLocation Value="TargetPoint"/>
        <ImpactLocation Value="TargetPoint"/>
        <LaunchOffset value="0,1,20"/>
        <ImpactEffect value="YamatoGunTopbarDamage"/>
        <AmmoUnit value="HyperionYamatoSpecialWeapon"/>
    </CEffectLaunchMissile>
    <CEffectCreatePersistent id="YamatoGunTopbarPersistent">
        <EditorCategories value="Race:Terran"/>
        <OffsetVectorStartLocation Value="TargetPoint"/>
        <ExpireDelay value="2"/>
        <PeriodCount value="1"/>
        <PeriodicEffectArray value="YamatoGunTopbarLaunchMissile"/>
        <PeriodicPeriodArray value="2"/>
    </CEffectCreatePersistent>
    <CEffectDamage id="Zeratul">
        <AttributeBonus index="Armored" value="0"/>
        <Amount value="110"/>
    </CEffectDamage>
    <CEffectTeleport id="ZeratulSeek">
        <ValidatorArray value="IsZeratul"/>
        <ValidatorArray value="MaarAllowedToTeleport"/>
        <ValidatorArray value="IsNotHallucination"/>
        <EditorCategories value=""/>
        <WhichUnit Value="Caster"/>
        <MinDistance value="15"/>
        <PlacementAround Value="CasterUnit"/>
        <TargetLocation Value="TargetUnitOrPoint"/>
    </CEffectTeleport>
    <CEffectCreateHealer id="heal">
        <DrainVitalCostFactor value="0.5"/>
        <RechargeVitalRate value="6"/>
    </CEffectCreateHealer>
</Catalog>
