<?xml version="1.0" encoding="utf-8"?>
<Catalog>
    <CFootprint id="CreepGrowthInfested">
        <Layers index="Check" Area="-16,-16,16,16">
            <Sets Character="o">
                <Negative index="NoCreep" value="1"/>
            </Sets>
            <Rows value="............oooooooo............"/>
            <Rows value=".........oooooooooooooo........."/>
            <Rows value=".......oooooooooooooooooo......."/>
            <Rows value="......oooooooooooooooooooo......"/>
            <Rows value=".....oooooooooooooooooooooo....."/>
            <Rows value="....oooooooooooooooooooooooo...."/>
            <Rows value="...oooooooooooooooooooooooooo..."/>
            <Rows value="..oooooooooooooooooooooooooooo.."/>
            <Rows value="..oooooooooooooooooooooooooooo.."/>
            <Rows value=".oooooooooooooooooooooooooooooo."/>
            <Rows value=".oooooooooooooooooooooooooooooo."/>
            <Rows value=".oooooooooooooooooooooooooooooo."/>
            <Rows value="oooooooooooooooooooooooooooooooo"/>
            <Rows value="oooooooooooooooooooooooooooooooo"/>
            <Rows value="oooooooooooooooooooooooooooooooo"/>
            <Rows value="oooooooooooooooooooooooooooooooo"/>
            <Rows value="oooooooooooooooooooooooooooooooo"/>
            <Rows value="oooooooooooooooooooooooooooooooo"/>
            <Rows value="oooooooooooooooooooooooooooooooo"/>
            <Rows value="oooooooooooooooooooooooooooooooo"/>
            <Rows value=".oooooooooooooooooooooooooooooo."/>
            <Rows value=".oooooooooooooooooooooooooooooo."/>
            <Rows value=".oooooooooooooooooooooooooooooo."/>
            <Rows value="..oooooooooooooooooooooooooooo.."/>
            <Rows value="..oooooooooooooooooooooooooooo.."/>
            <Rows value="...oooooooooooooooooooooooooo..."/>
            <Rows value="....oooooooooooooooooooooooo...."/>
            <Rows value=".....oooooooooooooooooooooo....."/>
            <Rows value="......oooooooooooooooooooo......"/>
            <Rows value=".......oooooooooooooooooo......."/>
            <Rows value=".........oooooooooooooo........."/>
            <Rows value="............oooooooo............"/>
        </Layers>
        <Layers index="Place" Area="-16,-16,16,16">
            <Sets Character="o">
                <Positive index="Creep" value="1"/>
            </Sets>
            <Rows value="............oooooooo............"/>
            <Rows value=".........oooooooooooooo........."/>
            <Rows value=".......oooooooooooooooooo......."/>
            <Rows value="......oooooooooooooooooooo......"/>
            <Rows value=".....oooooooooooooooooooooo....."/>
            <Rows value="....oooooooooooooooooooooooo...."/>
            <Rows value="...oooooooooooooooooooooooooo..."/>
            <Rows value="..oooooooooooooooooooooooooooo.."/>
            <Rows value="..oooooooooooooooooooooooooooo.."/>
            <Rows value=".oooooooooooooooooooooooooooooo."/>
            <Rows value=".oooooooooooooooooooooooooooooo."/>
            <Rows value=".oooooooooooooooooooooooooooooo."/>
            <Rows value="oooooooooooooooooooooooooooooooo"/>
            <Rows value="oooooooooooooooooooooooooooooooo"/>
            <Rows value="oooooooooooooooooooooooooooooooo"/>
            <Rows value="oooooooooooooooooooooooooooooooo"/>
            <Rows value="oooooooooooooooooooooooooooooooo"/>
            <Rows value="oooooooooooooooooooooooooooooooo"/>
            <Rows value="oooooooooooooooooooooooooooooooo"/>
            <Rows value="oooooooooooooooooooooooooooooooo"/>
            <Rows value=".oooooooooooooooooooooooooooooo."/>
            <Rows value=".oooooooooooooooooooooooooooooo."/>
            <Rows value=".oooooooooooooooooooooooooooooo."/>
            <Rows value="..oooooooooooooooooooooooooooo.."/>
            <Rows value="..oooooooooooooooooooooooooooo.."/>
            <Rows value="...oooooooooooooooooooooooooo..."/>
            <Rows value="....oooooooooooooooooooooooo...."/>
            <Rows value=".....oooooooooooooooooooooo....."/>
            <Rows value="......oooooooooooooooooooo......"/>
            <Rows value=".......oooooooooooooooooo......."/>
            <Rows value=".........oooooooooooooo........."/>
            <Rows value="............oooooooo............"/>
        </Layers>
        <!--Layers index="Place" Area="-24,-24,24,24">
            <Sets Character="o">
                <Positive index="Creep" value="1"/>
            </Sets>
            <Rows value="..................oooooooooooo.................."/>
            <Rows value="..............ooooooooooooooooooooo............."/>
            <Rows value="............oooooooooooooooooooooooo............"/>
            <Rows value="...........oooooooooooooooooooooooooo..........."/>
            <Rows value="..........oooooooooooooooooooooooooooo.........."/>
            <Rows value=".........oooooooooooooooooooooooooooooo........."/>
            <Rows value="........oooooooooooooooooooooooooooooooo........"/>
            <Rows value=".......oooooooooooooooooooooooooooooooooo......."/>
            <Rows value="......oooooooooooooooooooooooooooooooooooo......"/>
            <Rows value=".....oooooooooooooooooooooooooooooooooooooo....."/>
            <Rows value="....oooooooooooooooooooooooooooooooooooooooo...."/>
            <Rows value="...oooooooooooooooooooooooooooooooooooooooooo..."/>
            <Rows value="..oooooooooooooooooooooooooooooooooooooooooooo.."/>
            <Rows value="..oooooooooooooooooooooooooooooooooooooooooooo.."/>
            <Rows value=".oooooooooooooooooooooooooooooooooooooooooooooo."/>
            <Rows value=".oooooooooooooooooooooooooooooooooooooooooooooo."/>
            <Rows value=".oooooooooooooooooooooooooooooooooooooooooooooo."/>
            <Rows value=".oooooooooooooooooooooooooooooooooooooooooooooo."/>
            <Rows value="oooooooooooooooooooooooooooooooooooooooooooooooo"/>
            <Rows value="oooooooooooooooooooooooooooooooooooooooooooooooo"/>
            <Rows value="oooooooooooooooooooooooooooooooooooooooooooooooo"/>
            <Rows value="oooooooooooooooooooooooooooooooooooooooooooooooo"/>
            <Rows value="oooooooooooooooooooooooooooooooooooooooooooooooo"/>
            <Rows value="oooooooooooooooooooooooooooooooooooooooooooooooo"/>
            <Rows value="oooooooooooooooooooooooooooooooooooooooooooooooo"/>
            <Rows value="oooooooooooooooooooooooooooooooooooooooooooooooo"/>
            <Rows value="oooooooooooooooooooooooooooooooooooooooooooooooo"/>
            <Rows value="oooooooooooooooooooooooooooooooooooooooooooooooo"/>
            <Rows value="oooooooooooooooooooooooooooooooooooooooooooooooo"/>
            <Rows value="oooooooooooooooooooooooooooooooooooooooooooooooo"/>
            <Rows value=".oooooooooooooooooooooooooooooooooooooooooooooo."/>
            <Rows value=".oooooooooooooooooooooooooooooooooooooooooooooo."/>
            <Rows value=".oooooooooooooooooooooooooooooooooooooooooooooo."/>
            <Rows value=".oooooooooooooooooooooooooooooooooooooooooooooo."/>
            <Rows value="..oooooooooooooooooooooooooooooooooooooooooooo.."/>
            <Rows value="..oooooooooooooooooooooooooooooooooooooooooooo.."/>
            <Rows value="...oooooooooooooooooooooooooooooooooooooooooo..."/>
            <Rows value="....oooooooooooooooooooooooooooooooooooooooo...."/>
            <Rows value=".....oooooooooooooooooooooooooooooooooooooo....."/>
            <Rows value="......oooooooooooooooooooooooooooooooooooo......"/>
            <Rows value=".......oooooooooooooooooooooooooooooooooo......."/>
            <Rows value="........oooooooooooooooooooooooooooooooo........"/>
            <Rows value=".........oooooooooooooooooooooooooooooo........."/>
            <Rows value="..........oooooooooooooooooooooooooooo.........."/>
            <Rows value="...........oooooooooooooooooooooooooo..........."/>
            <Rows value="............oooooooooooooooooooooooo............"/>
            <Rows value="..............oooooooooooooooooooo.............."/>
            <Rows value="..................oooooooooooo.................."/>
        </Layers-->
        <Shape>
            <Radius value="22.6274"/>
            <Offsets value="-16,-16;16,-16;-16,16;16,16"/>
            <Borders value="0,2,2;1,0,2;2,3,2;3,1,2"/>
        </Shape>
        <!--Borders value="0,2,1;1,0,1;2,3,1;3,1,1"/-->
    </CFootprint>
    <CFootprint id="Footprint1x1">
        <Layers index="Check">
            <Sets index="0">
                <Negative index="Creep" value="0"/>
            </Sets>
        </Layers>
        <Shape>
            <Offsets value="-0.5,-0.5;0.5,-0.5;-0.5,0.5;0.5,0.5"/>
            <Borders value="0,2,2;1,0,2;2,3,2;3,1,2"/>
        </Shape>
    </CFootprint>
    <CFootprint id="Footprint2x2">
        <Layers index="Check">
            <Sets index="0">
                <Negative index="Creep" value="0"/>
            </Sets>
        </Layers>
        <Shape>
            <Offsets value="-1,-1;1,-1;-1,1;1,1"/>
            <Borders value="0,2,2;1,0,2;2,3,2;3,1,2"/>
        </Shape>
    </CFootprint>
    <CFootprint id="Footprint2x2Contour">
        <Layers index="Check">
            <Sets index="0">
                <Negative index="Creep" value="0"/>
            </Sets>
        </Layers>
        <Shape>
            <Offsets value="-0.5,-1;0.5,-1;-0.5,1;0.5,1;-1,-0.5;-1,0.5;1,-0.5;1,0.5"/>
            <Borders value="0,4,2;1,0,2;2,3,2;3,7,2;4,5,2;5,2,2;6,1,2;7,6,2"/>
        </Shape>
    </CFootprint>
    <CFootprint id="Footprint3x3ContourIgnoreCreep">
        <Layers index="Check" Area="-1,-1,2,2">
            <Sets index="0">
                <Negative index="Creep" value="0"/>
            </Sets>
            <Rows value="xxx"/>
            <Rows value="xxx"/>
            <Rows value="xxx"/>
        </Layers>
        <Layers index="Place" Area="-1,-1,2,2">
            <Rows value="xxx"/>
            <Rows value="xxx"/>
            <Rows value="xxx"/>
        </Layers>
        <Shape>
            <Radius value="1.803"/>
            <Offsets value="-1,-1.5;1,-1.5;-1,1.5;1,1.5;-1.5,-1;-1.5,1;1.5,-1;1.5,1"/>
            <Borders value="0,4,2;1,0,2;2,3,2;3,7,2;4,5,2;5,2,2;6,1,2;7,6,2"/>
        </Shape>
    </CFootprint>
    <CFootprint id="FootprintFusionReactor">
        <Layers index="Check">
            <Rows index="0" value="xxxx"/>
            <Rows index="1" value="xxxx"/>
            <Rows index="2" value="xxxx"/>
            <Rows index="3" value="xxxx"/>
        </Layers>
        <Layers index="Place">
            <Rows index="0" value="xxxx"/>
            <Rows index="1" value="xxxx"/>
            <Rows index="2" value="xxxx"/>
            <Rows index="3" value="xxxx"/>
        </Layers>
        <Layers index="Pathing" removed="1"/>
        <Shape Borders="0,4,2;1,0,2;2,3,2;3,7,2;4,5,2;5,2,2;6,1,2;7,6,2"/>
    </CFootprint>
    <CFootprint id="Virophage">
        <Layers index="Check" Area="-1,-1,2,2">
            <Sets index="0">
                <Negative index="Creep" value="0"/>
            </Sets>
            <Rows value="xxx"/>
            <Rows value="xxx"/>
            <Rows value="xxx"/>
        </Layers>
        <Layers index="Place" Area="-1,-1,2,2">
            <Rows value="xxx"/>
            <Rows value="xxx"/>
            <Rows value="xxx"/>
        </Layers>
        <Shape>
            <Radius value="1.803"/>
            <Offsets value="-1,-1.5;1,-1.5;-1,1.5;1,1.5;-1.5,-1;-1.5,1;1.5,-1;1.5,1"/>
            <Borders value="0,4,2;1,0,2;2,3,2;3,7,2;4,5,2;5,2,2;6,1,2;7,6,2"/>
        </Shape>
    </CFootprint>
    <CFootprint id="MarSaraBridgeENLARGED">
        <Layers index="Check" Area="-5,-5,5,5">
            <Rows value=".........."/>
            <Rows value=".........."/>
            <Rows value=".........."/>
            <Rows value=".........."/>
            <Rows value=".........."/>
            <Rows value=".........."/>
            <Rows value=".........."/>
            <Rows value=".........."/>
            <Rows value=".........."/>
            <Rows value=".........."/>
        </Layers>
        <Layers index="Place" Area="-5,-5,5,5">
            <Sets index="0">
                <Positive index="BoostCliff" value="1"/>
            </Sets>
            <Rows value="..xxx....."/>
            <Rows value=".xxxxx...."/>
            <Rows value="xxxxxxx..."/>
            <Rows value="xxxxxxxx.."/>
            <Rows value="xxxxxxxxx."/>
            <Rows value=".xxxxxxxxx"/>
            <Rows value="..xxxxxxxx"/>
            <Rows value="...xxxxxxx"/>
            <Rows value="....xxxxx."/>
            <Rows value=".....xxx.."/>
        </Layers>
        <Shape>
            <Mode value="Persist"/>
            <Radius value="5.2202"/>
            <Offsets value="0.5,-5;1.5,-5;-1.5,5;-0.5,5;-5,0.5;-5,1.5;5,-1.5;5,-0.5"/>
            <Borders value="0,4,0;1,0,0;2,3,0;3,7,0;4,5,0;5,1,0;6,2,0;7,6,0;1,5,1;2,6,1;5,2,1;6,1,1"/>
        </Shape>
        <EditorCategories value="FootprintGroup:SpecificDoodads"/>
    </CFootprint>
</Catalog>
