<?xml version="1.0" encoding="utf-8"?>
<Catalog>
    <CGame id="Dflt">
        <FormationSeparationFactor value="4.5"/>
        <AttackArmorTable index="Spell">
            <ArmorFactor index="Hero" value="1"/>
            <ArmorFactor index="Divine" value="1"/>
        </AttackArmorTable>
        <AttackArmorTable index="Normal" SupportedFilters="-;-">
            <ArmorFactor index="Medium" value="0.5"/>
            <ArmorFactor index="Large" value="0.25"/>
            <ArmorFactor index="Fort" value="0.25"/>
            <ArmorFactor index="Hero" value="0.25"/>
            <ArmorFactor index="Divine" value="1"/>
            <ArmorFactor index="None" value="0.75"/>
        </AttackArmorTable>
        <AttackArmorTable index="Pierce" SupportedFilters="-;-">
            <ArmorFactor index="Small" value="0.75"/>
            <ArmorFactor index="Medium" value="0.5"/>
            <ArmorFactor index="Large" value="0.25"/>
            <ArmorFactor index="Fort" value="0.5"/>
            <ArmorFactor index="Normal" value="0.75"/>
            <ArmorFactor index="Hero" value="1"/>
            <ArmorFactor index="Divine" value="1"/>
            <ArmorFactor index="None" value="0.75"/>
        </AttackArmorTable>
        <AttackArmorTable index="Siege" SupportedFilters="-;-">
            <ArmorFactor index="Small" value="0.5"/>
            <ArmorFactor index="Medium" value="0.75"/>
            <ArmorFactor index="Large" value="0.75"/>
            <ArmorFactor index="Fort" value="1"/>
            <ArmorFactor index="Normal" value="0.5"/>
            <ArmorFactor index="Divine" value="1"/>
            <ArmorFactor index="None" value="1"/>
        </AttackArmorTable>
        <AttackArmorTable index="Magic" SupportedFilters="-;-">
            <ArmorFactor index="Small" value="0.25"/>
            <ArmorFactor index="Medium" value="1"/>
            <ArmorFactor index="Large" value="1"/>
            <ArmorFactor index="Fort" value="1"/>
            <ArmorFactor index="Normal" value="0.25"/>
            <ArmorFactor index="Hero" value="0.75"/>
            <ArmorFactor index="Divine" value="1"/>
        </AttackArmorTable>
        <AttackArmorTable index="Chaos" SupportedFilters="-;-">
            <ArmorFactor index="Medium" value="0.01"/>
            <ArmorFactor index="Large" value="0.01"/>
            <ArmorFactor index="Fort" value="0.01"/>
            <ArmorFactor index="Hero" value="0.01"/>
            <ArmorFactor index="None" value="0.01"/>
        </AttackArmorTable>
        <AttackArmorTable index="Hero" SupportedFilters="-;-"/>
        <TriggerLibs Id="3B48F5E9"/>
        <VeterancySearchRadius value="0"/>
        <DamageMinimum value="0"/>
        <CreepDecayTime value="0.75"/>
        <!-- Test Builds -->
        <!-- <AIBuilds index="200">
            <AttributeId value="B200"/>
            <Name value="UI/AIBuild200"/>
            <MenuTooltip value="UI/AIBuild200Tip"/>
            <Enabled value="1"/>
            <Race value="Prot"/>
            <MinDiff value="0"/>
            <MaxDiff value="10"/>
            <BuildScriptNum value="0"/>
        </AIBuilds>
        <AIBuilds index="201">
            <AttributeId value="B201"/>
            <Name value="UI/AIBuild201"/>
            <MenuTooltip value="UI/AIBuild201Tip"/>
            <Enabled value="1"/>
            <Race value="Terr"/>
            <MinDiff value="0"/>
            <MaxDiff value="10"/>
            <BuildScriptNum value="0"/>
        </AIBuilds>
        <AIBuilds index="202">
            <AttributeId value="B202"/>
            <Name value="UI/AIBuild202"/>
            <MenuTooltip value="UI/AIBuild202Tip"/>
            <Enabled value="1"/>
            <Race value="Zerg"/>
            <MinDiff value="0"/>
            <MaxDiff value="10"/>
            <BuildScriptNum value="0"/>
        </AIBuilds>
        <AIBuilds index="203">
            <AttributeId value="B203"/>
            <Name value="UI/AIBuild203"/>
            <MenuTooltip value="UI/AIBuild203Tip"/>
            <Enabled value="1"/>
            <Race value="Rand"/>
            <MinDiff value="0"/>
            <MaxDiff value="10"/>
            <BuildScriptNum value="0"/>
        </AIBuilds>
        <AIBuilds index="204">
            <AttributeId value="B204"/>
            <Name value="UI/AIBuild204"/>
            <MenuTooltip value="UI/AIBuild204Tip"/>
            <Enabled value="1"/>
            <Race value="Prot"/>
            <MinDiff value="1"/>
            <MaxDiff value="5"/>
            <BuildScriptNum value="0"/>
        </AIBuilds>
        <AIBuilds index="205">
            <AttributeId value="B205"/>
            <Name value="UI/AIBuild205"/>
            <MenuTooltip value="UI/AIBuild205Tip"/>
            <Enabled value="1"/>
            <Race value="Terr"/>
            <MinDiff value="1"/>
            <MaxDiff value="5"/>
            <BuildScriptNum value="0"/>
        </AIBuilds>
        <AIBuilds index="206">
            <AttributeId value="B206"/>
            <Name value="UI/AIBuild206"/>
            <MenuTooltip value="UI/AIBuild206Tip"/>
            <Enabled value="1"/>
            <Race value="Zerg"/>
            <MinDiff value="1"/>
            <MaxDiff value="5"/>
            <BuildScriptNum value="0"/>
        </AIBuilds>
        <AIBuilds index="207">
            <AttributeId value="B207"/>
            <Name value="UI/AIBuild207"/>
            <MenuTooltip value="UI/AIBuild207Tip"/>
            <Enabled value="1"/>
            <Race value="Rand"/>
            <MinDiff value="1"/>
            <MaxDiff value="5"/>
            <BuildScriptNum value="0"/>
        </AIBuilds>
        <AIBuilds index="208">
            <AttributeId value="B208"/>
            <Name value="UI/AIBuild208"/>
            <MenuTooltip value="UI/AIBuild208Tip"/>
            <Enabled value="1"/>
            <Race value="Prot"/>
            <MinDiff value="6"/>
            <MaxDiff value="10"/>
            <BuildScriptNum value="0"/>
        </AIBuilds>
        <AIBuilds index="209">
            <AttributeId value="B209"/>
            <Name value="UI/AIBuild209"/>
            <MenuTooltip value="UI/AIBuild209Tip"/>
            <Enabled value="1"/>
            <Race value="Terr"/>
            <MinDiff value="6"/>
            <MaxDiff value="10"/>
            <BuildScriptNum value="0"/>
        </AIBuilds>
        <AIBuilds index="210">
            <AttributeId value="B210"/>
            <Name value="UI/AIBuild210"/>
            <MenuTooltip value="UI/AIBuild210Tip"/>
            <Enabled value="1"/>
            <Race value="Zerg"/>
            <MinDiff value="6"/>
            <MaxDiff value="10"/>
            <BuildScriptNum value="0"/>
        </AIBuilds>
        <AIBuilds index="211">
            <AttributeId value="B211"/>
            <Name value="UI/AIBuild211"/>
            <MenuTooltip value="UI/AIBuild211Tip"/>
            <Enabled value="1"/>
            <Race value="Rand"/>
            <MinDiff value="6"/>
            <MaxDiff value="10"/>
            <BuildScriptNum value="0"/>
        </AIBuilds>
        <AIBuilds index="212">
            <AttributeId value="B212"/>
            <Name value="UI/AIBuild212"/>
            <MenuTooltip value="UI/AIBuild212Tip"/>
            <Enabled value="1"/>
            <Race value="All"/>
            <MinDiff value="0"/>
            <MaxDiff value="10"/>
            <BuildScriptNum value="0"/>
        </AIBuilds>
        <AIBuilds index="213">
            <AttributeId value="B213"/>
            <Name value="UI/AIBuild213"/>
            <MenuTooltip value="UI/AIBuild213Tip"/>
            <Enabled value="1"/>
            <Race value="All"/>
            <MinDiff value="0"/>
            <MaxDiff value="10"/>
            <BuildScriptNum value="0"/>
        </AIBuilds>
        <AIBuilds index="214">
            <AttributeId value="B214"/>
            <Name value="UI/AIBuild214"/>
            <MenuTooltip value="UI/AIBuild214Tip"/>
            <Enabled value="0"/>
            <Race value="All"/>
            <MinDiff value="0"/>
            <MaxDiff value="10"/>
            <BuildScriptNum value="0"/>
        </AIBuilds>>
        <AIBuilds index="215">
            <AttributeId value="B215"/>
            <Name value="UI/AIBuild215"/>
            <MenuTooltip value="UI/AIBuild215Tip"/>
            <Enabled value="0"/>
            <Race value="All"/>
            <MinDiff value="0"/>
            <MaxDiff value="10"/>
            <BuildScriptNum value="0"/>
        </AIBuilds> -->
    </CGame>
</Catalog>
