<?xml version="1.0" encoding="utf-8"?>
<Catalog>
    <CModel id="BattlecruiserMengsk" parent="BattlecruiserBase">
        <Model value="Assets\COOP\Mengsk\Units\Battlecruiser_Mengsk_COOP\Battlecruiser_Mengsk_COOP.m3"/>
        <Lighting value=""/>
        <ScaleMax value="1.000000,1.000000,1.000000"/>
        <ScaleMin value="1.000000,1.000000,1.000000"/>
    </CModel>
    <CModel id="BattlecruiserMengskDeath" parent="BattlecruiserDeathBase">
        <Model value="Assets\COOP\Mengsk\Units\Battlecruiser_Mengsk_COOP_Death\Battlecruiser_Mengsk_COOP_Death.m3"/>
        <Lighting value=""/>
        <SelectionRadius value="0.625000"/>
        <ShadowRadius value="0.625000"/>
    </CModel>
    <CModel id="BattlecruiserMengskDeathRagdoll" parent="BattlecruiserDeathRagdollBase">
        <Model value="Assets\COOP\Mengsk\Units\Battlecruiser_Mengsk_COOP_DeathRagdoll\Battlecruiser_Mengsk_COOP_DeathRagdoll.m3"/>
        <Lighting value=""/>
    </CModel>
    <CModel id="ConstructionCrane">
        <SelectionLayer value="2"/>
    </CModel>
    <CModel id="DetectionCone" parent="UI">
        <Model value="Assets/UI/Cursors/DOM_TerranCone/DOM_TerranCone.m3"/>
        <EditorCategories value="Race:Terran"/>
        <ScaleMax value="1.000000,1.000000,5.000000"/>
        <ScaleMin value="1.000000,1.000000,5.000000"/>
        <SelectionRadius value="2.500000"/>
        <ShadowRadius value="2.500000"/>
    </CModel>
    <CModel id="DevastationTurret" parent="Unit">
        <Model value="Assets\Buildings\Terran\GrenadeTurret\GrenadeTurret.m3"/>
        <EditorCategories value=""/>
        <SelectionLayer value="2"/>
    </CModel>
    <CModel id="FirebatAttackLaunch">
        <ScaleMax value="1.000000,3.750000,1.000000"/>
        <ScaleMin value="1.000000,3.750000,1.000000"/>
    </CModel>
    <CModel id="LowPower" parent="Glaze">
        <Model value="Assets\Effects\Glaze\Glaze_Corrupted_TangentSpace\Glaze_Corrupted_TangentSpace.m3"/>
        <EditorCategories value=""/>
        <AnimSpeed value="0.750000"/>
    </CModel>
    <CModel id="MarauderMengsk" parent="MarauderBase">
        <Model value="Assets\COOP\Mengsk\Units\Marauder_Mengsk_COOP\Marauder_Mengsk_COOP.m3"/>
        <Lighting value=""/>
    </CModel>
    <CModel id="MarauderMengskDeath" parent="MarauderDeathBase">
        <Model value="Assets\COOP\Mengsk\Units\Marauder_Mengsk_COOP_Death\Marauder_Mengsk_COOP_Death.m3"/>
        <Lighting value=""/>
    </CModel>
    <CModel id="MarauderMengskDeathEviscerate" parent="MarauderDeathEviscerateBase">
        <Model value="Assets\COOP\Mengsk\Units\Marauder_Mengsk_COOP_DeathEviscerate\Marauder_Mengsk_COOP_DeathEviscerate.m3"/>
        <Lighting value=""/>
    </CModel>
    <CModel id="MarauderMengskDeathRagdoll" parent="MarauderDeathRagdollBase">
        <Model value="Assets\COOP\Mengsk\Units\Marauder_Mengsk_COOP_DeathRagdoll\Marauder_Mengsk_COOP_DeathRagdoll.m3"/>
        <Lighting value=""/>
    </CModel>
    <CModel id="NuclearAnnihilationMengskBigNukeDrop" parent="OneShotSpellFX">
        <Model value="Assets\Effects\Terran\NukeFalling\NukeFalling.m3"/>
        <AnimSpeed value="0.260000"/>
        <EditorCategories value="Race:Terran"/>
        <Events>
            <Anim value="Birth,00"/>
            <Name value="Mengsk_BigNuke_Drop"/>
            <Type value="Sound"/>
            <Time value="0.010000"/>
            <Attachment value="Ref_Head"/>
            <Payload value="Mengsk_BigNuke_Drop"/>
        </Events>
        <RadiusLoose value="1.000000"/>
        <ScaleMax value="2.000000,2.000000,2.000000"/>
        <ScaleMin value="2.000000,2.000000,2.000000"/>
    </CModel>
    <CModel id="NuclearAnnihilationMengskBigNukeExplode" parent="OneShotSpellFX">
        <Model value="Assets\Effects\Terran\Nuke\Nuke.m3"/>
        <EditorCategories value="Race:Terran"/>
        <Events>
            <Anim value="Death,00"/>
            <Name value="NukeBig_Mengsk_FireCloud"/>
            <Type value="Sound"/>
            <Time value="0.343000"/>
            <Payload value="NukeBig_Mengsk_FireCloud"/>
        </Events>
        <Events>
            <Anim value="Death,00"/>
            <Name value="NukeBig_Mengsk_FireCloud_Sweet"/>
            <Type value="Sound"/>
            <Time value="1.105000"/>
            <Payload value="NukeBig_Mengsk_FireCloud_Sweet"/>
        </Events>
        <RadiusLoose value="1.000000"/>
        <ScaleMax value="1.700000,1.700000,1.700000"/>
        <ScaleMin value="1.700000,1.700000,1.700000"/>
    </CModel>
    <CModel id="NuclearAnnihilationMengskSmallNukeDrop" parent="OneShotSpellFX">
        <Model value="Assets\COOP\Mengsk\Effects\Ghost_Mengsk_COOP_MiniNuke_Land\Ghost_Mengsk_COOP_MiniNuke_Land.m3"/>
        <EditorCategories value="Race:Terran"/>
        <RadiusLoose value="1.000000"/>
        <ScaleMax value="0.500000,0.500000,1.000000"/>
        <ScaleMin value="0.500000,0.500000,1.000000"/>
    </CModel>
    <CModel id="NuclearAnnihilationMengskSmallNukeExplode" parent="OneShotSpellFX">
        <Model value="Assets\COOP\Mengsk\Effects\Ghost_Mengsk_COOP_MiniNuke_Impact\Ghost_Mengsk_COOP_MiniNuke_Impact.m3"/>
        <AnimSpeed value="2.000000"/>
        <EditorCategories value="Race:Terran"/>
        <RadiusLoose value="1.000000"/>
        <ScaleMax value="0.500000,0.500000,0.500000"/>
        <ScaleMin value="0.500000,0.500000,0.500000"/>
    </CModel>
    <CModel id="ProtossGenericWarpInOut" parent="OneShotSpellFX">
        <Model value="Assets\Effects\Protoss\Protoss_Generic_WarpOut\Protoss_Generic_WarpOut.m3"/>
        <LowQualityModel value="ProtossUnitBirth"/>
        <EditorCategories value="Race:Protoss"/>
        <Occlusion value="Show"/>
        <SelectionRadius value="0.555400"/>
        <ShadowRadius value="0.555400"/>
    </CModel>
    <CModel id="Purifier_Collapsible_Rock_Tower" parent="Doodad">
        <Model value="Assets\Buildings\Neutral\Purifier_Collapsible_Rock_Tower\Purifier_Collapsible_Rock_Tower.m3"/>
        <Events>
            <Anim value="Death,Alternate,00"/>
            <Name value="Doodad_CollapsibleRockTower_Start"/>
            <Type value="Sound"/>
            <Time value="0.222000"/>
            <Payload value="Doodad_CollapsibleRockTower_Start"/>
        </Events>
        <Events>
            <Anim value="Death,Alternate,00"/>
            <Name value="Doodad_CollapsibleRockTower_Impact"/>
            <Type value="Sound"/>
            <Time value="1.665000"/>
            <Payload value="Doodad_CollapsibleRockTower_Impact"/>
        </Events>
        <SelectionRadius value="3.000000"/>
        <ShadowRadius value="3.000000"/>
        <Tipability value="0.900000"/>
        <TipabilityLength value="1.000000"/>
        <TipabilityWidth value="1.000000"/>
        <TextureDeclares Prefix="collapsiblerocktower_">
            <Adaptions TriggerOnSubstring="_Diffuse" Slot="main"/>
        </TextureDeclares>
        <TextureDeclares Prefix="collapsiblerocktowerflat_">
            <Adaptions TriggerOnSubstring="_Diffuse" Slot="generic01"/>
        </TextureDeclares>
    </CModel>
    <CModel id="SiegeTankMengskSiegedDeath" parent="SiegeTankSiegedDeathBase">
        <Model value="Assets\COOP\Mengsk\Units\SiegeTank_Mengsk_COOP_Sieged_Death\SiegeTank_Mengsk_COOP_Sieged_Death.m3"/>
        <Events>
            <Anim value="Death,00"/>
            <Name value="SiegeTankMengskUnsiegeMorphFastSound"/>
            <Type value="Sound"/>
            <Time value="0.006000"/>
            <Payload value="SiegeTankMengskUnsiegeMorphFastSound"/>
        </Events>
        <Events>
            <Anim value="Death,00"/>
            <Name value="TerranMengsk_Death_FireTrail"/>
            <Type value="Sound"/>
            <Time value="0.820000"/>
            <Payload value="TerranMengsk_Death_FireTrail"/>
        </Events>
        <Events>
            <Anim value="Death,00"/>
            <Name value="TerranMengsk_Explo_Metal_Fire"/>
            <Type value="Sound"/>
            <Time value="0.258000"/>
            <Payload value="TerranMengsk_Explo_Metal_Fire"/>
        </Events>
        <Events>
            <Anim value="Death,01"/>
            <Name value="TerranMengsk_UnitDeath_Explosion"/>
            <Type value="Sound"/>
            <Time value="0.146000"/>
            <Payload value="TerranMengsk_UnitDeath_Explosion"/>
        </Events>
        <Events>
            <Anim value="Death,01"/>
            <Name value="TerranMengsk_UnitDeath_ExploHits"/>
            <Type value="Sound"/>
            <Time value="0.052000"/>
            <Payload value="TerranMengsk_UnitDeath_ExploHits"/>
        </Events>
        <Events>
            <Anim value="Death,02"/>
            <Name value="TerranMengsk_UnitDeath_Explosion"/>
            <Type value="Sound"/>
            <Time value="0.146000"/>
            <Payload value="TerranMengsk_UnitDeath_Explosion"/>
        </Events>
        <Events>
            <Anim value="Death,02"/>
            <Name value="TerranMengsk_UnitDeath_ExploHits"/>
            <Type value="Sound"/>
            <Payload value="TerranMengsk_UnitDeath_ExploHits"/>
        </Events>
        <Events>
            <Anim value="Death,03"/>
            <Name value="TerranMengsk_UnitDeath_Explosion"/>
            <Type value="Sound"/>
            <Time value="0.205000"/>
            <Payload value="TerranMengsk_UnitDeath_Explosion"/>
        </Events>
        <Events>
            <Anim value="Death,03"/>
            <Name value="TerranMengsk_UnitDeath_ExploHits"/>
            <Type value="Sound"/>
            <Payload value="TerranMengsk_UnitDeath_ExploHits"/>
        </Events>
    </CModel>
    <CModel id="SiegeTank_Mengsk_COOP" parent="Unit_COOP" COOP="Mengsk" Race="Terran">
        <AttachProps Id="Ref_Hardpoint">
            <Keys index="Turret" value="0"/>
        </AttachProps>
        <Lighting value=""/>
        <Radius value="1.000000"/>
        <ScaleMax value="0.800000,0.800000,0.800000"/>
        <ScaleMin value="0.800000,0.800000,0.800000"/>
        <SelectionRadius value="1.250000"/>
        <ShadowRadius value="1.250000"/>
        <SquibTypeDefault value="Metal"/>
        <Tipability value="0.750000"/>
        <TipabilityLength value="0.800000"/>
        <TipabilityWidth value="0.400000"/>
    </CModel>
    <CModel id="SiegeTank_Mengsk_COOP_Death" parent="UnitDeath_COOP" COOP="Mengsk" Race="Terran">
        <Events>
            <Anim value="Death,00"/>
            <Name value="TerranMengsk_UnitDeath_ExploHits"/>
            <Type value="Sound"/>
            <Time value="0.009000"/>
            <Payload value="TerranMengsk_UnitDeath_ExploHits"/>
        </Events>
        <Lighting value=""/>
    </CModel>
    <CModel id="SiegeTank_Mengsk_COOP_DeathRagdoll" parent="UnitDeath_COOP" COOP="Mengsk" Race="Terran">
        <Events>
            <Anim value="Death,00"/>
            <Name value="TerranMengsk_UnitDeath_ExploHits"/>
            <Type value="Sound"/>
            <Time value="0.007000"/>
            <Payload value="TerranMengsk_UnitDeath_ExploHits"/>
        </Events>
        <Lighting value=""/>
    </CModel>
    <CModel id="SiegeTank_Mengsk_COOP_Morph" parent="Unit_COOP" COOP="Mengsk" Race="Terran">
        <Lighting value=""/>
        <Radius value="1.000000"/>
        <ScaleMax value="0.800000,0.800000,0.800000"/>
        <ScaleMin value="0.800000,0.800000,0.800000"/>
        <SelectionRadius value="1.250000"/>
        <ShadowRadius value="1.250000"/>
        <SquibTypeDefault value="Metal"/>
        <Tipability value="0.750000"/>
        <TipabilityLength value="0.800000"/>
        <TipabilityWidth value="0.400000"/>
    </CModel>
    <CModel id="SiegeTank_Mengsk_COOP_Sieged" parent="Unit_COOP" COOP="Mengsk" Race="Terran">
        <AttachProps Id="Ref_Hardpoint">
            <Keys index="Turret" value="0"/>
        </AttachProps>
        <Lighting value=""/>
        <Radius value="1.000000"/>
        <ScaleMax value="0.800000,0.800000,0.800000"/>
        <ScaleMin value="0.800000,0.800000,0.800000"/>
        <SelectionRadius value="1.250000"/>
        <ShadowRadius value="1.250000"/>
        <SquibTypeDefault value="Metal"/>
        <Tipability value="0.750000"/>
        <TipabilityLength value="0.800000"/>
        <TipabilityWidth value="0.400000"/>
    </CModel>
    <CModel id="Spectre_Heavens_COOP_UltrasonicPulse" parent="PersistentSpellFX">
        <Model value="Assets\COOP\Tychus\Effects\Spectre_Heavens_COOP_UltrasonicPulse\Spectre_Heavens_COOP_UltrasonicPulse.m3"/>
        <EditorCategories value="Race:Terran"/>
        <ScaleMax value="0.725000,0.725000,0.725000"/>
        <ScaleMin value="0.725000,0.725000,0.725000"/>
    </CModel>
    <CModel id="SuperCloak" parent="RacePersistentSpellFX" Race="Zerg">
        <Model value="Assets\COOP\Zeratul\Effects\SuperCloak_Zeratul_COOP\SuperCloak_Zeratul_COOP.m3"/>
    </CModel>
    <CModel id="VikingFighterDeathRagdoll2" parent="VikingFighterDeathRagdollBase">
        <Model value="Assets\COOP\Mengsk\Units\Viking_Mengsk_COOP_Fighter_DeathRagdoll\Viking_Mengsk_COOP_Fighter_DeathRagdoll.m3"/>
        <Events>
            <Anim value="Death,02"/>
            <Name value="TerranMengsk_Death_MetalHits"/>
            <Type value="Sound"/>
            <Time value="0.038000"/>
            <Payload value="TerranMengsk_Death_MetalHits"/>
        </Events>
        <Events>
            <Anim value="Death,02"/>
            <Name value="TerranMengsk_Death_FireTrail"/>
            <Type value="Sound"/>
            <Time value="0.100000"/>
            <Payload value="TerranMengsk_Death_FireTrail"/>
        </Events>
        <Lighting value=""/>
    </CModel>
    <CModel id="VikingMengskAssault" parent="VikingAssaultBase">
        <Model value="Assets\COOP\Mengsk\Units\Viking_Mengsk_COOP_Assault\Viking_Mengsk_COOP_Assault.m3"/>
        <Lighting value=""/>
    </CModel>
    <CModel id="VikingMengskAssaultDeath" parent="VikingAssaultDeathBase">
        <Model value="Assets\COOP\Mengsk\Units\Viking_Mengsk_COOP_Assault_Death\Viking_Mengsk_COOP_Assault_Death.m3"/>
        <Events>
            <Anim value="Death,00"/>
            <Name value="TerranMengsk_Death_MetalHits"/>
            <Type value="Sound"/>
            <Time value="0.036000"/>
            <Payload value="TerranMengsk_Death_MetalHits"/>
        </Events>
        <Events>
            <Anim value="Death,00"/>
            <Name value="TerranMengsk_Death_MetalHits"/>
            <Type value="Sound"/>
            <Time value="0.789000"/>
            <Payload value="TerranMengsk_Death_MetalHits"/>
        </Events>
        <Events>
            <Anim value="Death,00"/>
            <Name value="Korhal_Explosion_Metal_Impact_Cu"/>
            <Type value="Sound"/>
            <Time value="2.648000"/>
            <Payload value="Korhal_Explosion_Metal_Impact_Cu"/>
        </Events>
        <Events>
            <Anim value="Death,00"/>
            <Name value="Pylon_Containment_Unit_Metal_Hits"/>
            <Type value="Sound"/>
            <Time value="0.560000"/>
            <Payload value="Pylon_Containment_Unit_Metal_Hits"/>
        </Events>
        <Events>
            <Anim value="Death,00"/>
            <Name value="TerranMengsk_UnitDeath_ExploHits"/>
            <Type value="Sound"/>
            <Time value="0.059000"/>
            <Payload value="TerranMengsk_UnitDeath_ExploHits"/>
        </Events>
        <Events>
            <Anim value="Death,00"/>
            <Name value="TerranMengsk_UnitDeath_ExploHits"/>
            <Type value="Sound"/>
            <Time value="0.811000"/>
            <Payload value="TerranMengsk_UnitDeath_ExploHits"/>
        </Events>
        <Events>
            <Anim value="Death,00"/>
            <Name value="TerranMengsk_MechRoboFlail_Death"/>
            <Type value="Sound"/>
            <Time value="1.290000"/>
            <Payload value="TerranMengsk_MechRoboFlail_Death"/>
        </Events>
        <Events>
            <Anim value="Death,00"/>
            <Name value="TerranMengsk_Death_Fire"/>
            <Type value="Sound"/>
            <Time value="0.169000"/>
            <Payload value="TerranMengsk_Death_Fire"/>
        </Events>
        <Events>
            <Anim value="Death,01"/>
            <Name value="TerranMengsk_Death_MetalHits"/>
            <Type value="Sound"/>
            <Time value="0.036000"/>
            <Payload value="TerranMengsk_Death_MetalHits"/>
        </Events>
        <Events>
            <Anim value="Death,01"/>
            <Name value="TerranMengsk_Death_MetalHits"/>
            <Type value="Sound"/>
            <Time value="0.789000"/>
            <Payload value="TerranMengsk_Death_MetalHits"/>
        </Events>
        <Events>
            <Anim value="Death,01"/>
            <Name value="Korhal_Explosion_Metal_Impact_Cu"/>
            <Type value="Sound"/>
            <Time value="2.648000"/>
            <Payload value="Korhal_Explosion_Metal_Impact_Cu"/>
        </Events>
        <Events>
            <Anim value="Death,01"/>
            <Name value="Pylon_Containment_Unit_Metal_Hits"/>
            <Type value="Sound"/>
            <Time value="1.261000"/>
            <Payload value="Pylon_Containment_Unit_Metal_Hits"/>
        </Events>
        <Events>
            <Anim value="Death,01"/>
            <Name value="TerranMengsk_UnitDeath_ExploHits"/>
            <Type value="Sound"/>
            <Time value="0.059000"/>
            <Payload value="TerranMengsk_UnitDeath_ExploHits"/>
        </Events>
        <Events>
            <Anim value="Death,01"/>
            <Name value="TerranMengsk_UnitDeath_ExploHits"/>
            <Type value="Sound"/>
            <Time value="0.811000"/>
            <Payload value="TerranMengsk_UnitDeath_ExploHits"/>
        </Events>
        <Events>
            <Anim value="Death,01"/>
            <Name value="TerranMengsk_MechRoboFlail_Death"/>
            <Type value="Sound"/>
            <Time value="0.081000"/>
            <Payload value="TerranMengsk_MechRoboFlail_Death"/>
        </Events>
        <Events>
            <Anim value="Death,01"/>
            <Name value="TerranMengsk_Death_Fire"/>
            <Type value="Sound"/>
            <Time value="0.169000"/>
            <Payload value="TerranMengsk_Death_Fire"/>
        </Events>
        <Events>
            <Anim value="Death,02"/>
            <Name value="Korhal_Explosion_Metal_Impact_Cu"/>
            <Type value="Sound"/>
            <Time value="0.789000"/>
            <Payload value="Korhal_Explosion_Metal_Impact_Cu"/>
        </Events>
        <Events>
            <Anim value="Death,02"/>
            <Name value="TerranMengsk_UnitDeath_ExploHits"/>
            <Type value="Sound"/>
            <Time value="0.059000"/>
            <Payload value="TerranMengsk_UnitDeath_ExploHits"/>
        </Events>
        <Events>
            <Anim value="Death,02"/>
            <Name value="TerranMengsk_Death_Fire"/>
            <Type value="Sound"/>
            <Time value="0.169000"/>
            <Payload value="TerranMengsk_Death_Fire"/>
        </Events>
        <Events>
            <Anim value="Death,02"/>
            <Name value="TerranMengsk_Death_MetalHits"/>
            <Type value="Sound"/>
            <Time value="0.026000"/>
            <Payload value="TerranMengsk_Death_MetalHits"/>
        </Events>
        <Events>
            <Anim value="Death,03"/>
            <Name value="Korhal_Explosion_Metal_Impact_Cu"/>
            <Type value="Sound"/>
            <Time value="1.384000"/>
            <Payload value="Korhal_Explosion_Metal_Impact_Cu"/>
        </Events>
        <Events>
            <Anim value="Death,03"/>
            <Name value="TerranMengsk_Death_Fire"/>
            <Type value="Sound"/>
            <Time value="0.169000"/>
            <Payload value="TerranMengsk_Death_Fire"/>
        </Events>
        <Events>
            <Anim value="Death,03"/>
            <Name value="TerranMengsk_Death_MetalHits"/>
            <Type value="Sound"/>
            <Time value="0.026000"/>
            <Payload value="TerranMengsk_Death_MetalHits"/>
        </Events>
        <Events>
            <Anim value="Death,03"/>
            <Name value="TerranMengsk_Death_MetalHits"/>
            <Type value="Sound"/>
            <Time value="0.961000"/>
            <Payload value="TerranMengsk_Death_MetalHits"/>
        </Events>
        <Events>
            <Anim value="Death,03"/>
            <Name value="TerranMengsk_MechElm_Death_02"/>
            <Type value="Sound"/>
            <Time value="0.022000"/>
            <Payload value="TerranMengsk_MechElm_Death_02"/>
        </Events>
        <Events>
            <Anim value="Death,03"/>
            <Name value="TerranMengsk_Death_FireTrail"/>
            <Type value="Sound"/>
            <Time value="0.022000"/>
            <Payload value="TerranMengsk_Death_FireTrail"/>
        </Events>
        <Lighting value=""/>
    </CModel>
    <CModel id="VikingMengskAssaultDeathRagdoll" parent="VikingAssaultDeathRagdollBase">
        <Model value="Assets\COOP\Mengsk\Units\Viking_Mengsk_COOP_Assault_DeathRagdoll\Viking_Mengsk_COOP_Assault_DeathRagdoll.m3"/>
        <Events>
            <Anim value="Death,00"/>
            <Name value="TerranMengsk_UnitDeath_ExploHits"/>
            <Type value="Sound"/>
            <Time value="0.058000"/>
            <Payload value="TerranMengsk_UnitDeath_ExploHits"/>
        </Events>
        <Lighting value=""/>
    </CModel>
    <CModel id="VikingMengskFighter" parent="VikingFighterBase">
        <Model value="Assets\COOP\Mengsk\Units\Viking_Mengsk_COOP_Fighter\Viking_Mengsk_COOP_Fighter.m3"/>
        <Events>
            <Anim value="Spell,00"/>
            <Name value="TerranMengsk_Death_FireTrail"/>
            <Type value="Sound"/>
            <Time value="0.018000"/>
            <Payload value="TerranMengsk_Death_FireTrail"/>
        </Events>
        <Events>
            <Anim value="Spell,00"/>
            <Name value="VikingFighter_BarrelRoll_01"/>
            <Type value="Sound"/>
            <Time value="0.018000"/>
            <Payload value="VikingFighter_BarrelRoll_01"/>
        </Events>
        <Events>
            <Anim value="Spell,00"/>
            <Name value="VikingFighter_BarrelRoll_02"/>
            <Type value="Sound"/>
            <Time value="0.018000"/>
            <Payload value="VikingFighter_BarrelRoll_02"/>
        </Events>
        <Events>
            <Anim value="Spell,01"/>
            <Name value="TerranMengsk_Death_FireTrail"/>
            <Type value="Sound"/>
            <Payload value="TerranMengsk_Death_FireTrail"/>
        </Events>
        <Events>
            <Anim value="Spell,01"/>
            <Name value="VikingFighter_BarrelRoll_01"/>
            <Type value="Sound"/>
            <Time value="0.018000"/>
            <Payload value="VikingFighter_BarrelRoll_01"/>
        </Events>
        <Lighting value=""/>
    </CModel>
    <CModel id="VikingMengskFighterDeath" parent="VikingFighterDeathBase">
        <Model value="Assets\COOP\Mengsk\Units\Viking_Mengsk_COOP_Fighter_Death\Viking_Mengsk_COOP_Fighter_Death.m3"/>
        <Events>
            <Anim value="Death,00"/>
            <Name value="TerranMengsk_Death_FireTrail"/>
            <Type value="Sound"/>
            <Time value="0.077000"/>
            <Payload value="TerranMengsk_Death_FireTrail"/>
        </Events>
        <Events>
            <Anim value="Death,01"/>
            <Name value="TerranMengsk_Death_FireTrail"/>
            <Type value="Sound"/>
            <Time value="0.077000"/>
            <Payload value="TerranMengsk_Death_FireTrail"/>
        </Events>
        <Events>
            <Anim value="Death,01"/>
            <Name value="TerranMengsk_MechElm_Death_01"/>
            <Type value="Sound"/>
            <Time value="0.147000"/>
            <Payload value="TerranMengsk_MechElm_Death_01"/>
        </Events>
        <Events>
            <Anim value="Death,03"/>
            <Name value="TerranMengsk_Death_FireTrail"/>
            <Type value="Sound"/>
            <Time value="0.077000"/>
            <Payload value="TerranMengsk_Death_FireTrail"/>
        </Events>
        <Events>
            <Anim value="Death,03"/>
            <Name value="TerranMengsk_MechElm_Death_01"/>
            <Type value="Sound"/>
            <Time value="0.147000"/>
            <Payload value="TerranMengsk_MechElm_Death_01"/>
        </Events>
        <Lighting value=""/>
    </CModel>
    <CModel id="VikingMengskMorph" parent="VikingMorphBase">
        <Model value="Assets\COOP\Mengsk\Units\Viking_Mengsk_COOP_Morph\Viking_Mengsk_COOP_Morph.m3"/>
        <Lighting value=""/>
    </CModel>
</Catalog>
