<?xml version="1.0" encoding="utf-8"?>
<Catalog>
    <CModel id="BattlecruiserMengsk" parent="BattlecruiserBase">
        <Model value="Assets\COOP\Mengsk\Units\Battlecruiser_Mengsk_COOP\Battlecruiser_Mengsk_COOP.m3"/>
        <Lighting value=""/>
        <ScaleMax value="1.000000,1.000000,1.000000"/>
        <ScaleMin value="1.000000,1.000000,1.000000"/>
    </CModel>
    <CModel id="BattlecruiserMengskDeath" parent="BattlecruiserDeathBase">
        <Model value="Assets\COOP\Mengsk\Units\Battlecruiser_Mengsk_COOP_Death\Battlecruiser_Mengsk_COOP_Death.m3"/>
        <Lighting value=""/>
        <SelectionRadius value="0.625000"/>
        <ShadowRadius value="0.625000"/>
    </CModel>
    <CModel id="BattlecruiserMengskDeathRagdoll" parent="BattlecruiserDeathRagdollBase">
        <Model value="Assets\COOP\Mengsk\Units\Battlecruiser_Mengsk_COOP_DeathRagdoll\Battlecruiser_Mengsk_COOP_DeathRagdoll.m3"/>
        <Lighting value=""/>
    </CModel>
    <CModel id="Brutalisk">
        <Model value="Assets\Units\Zerg\BrutaliskEx3\BrutaliskEx3.m3"/>
        <Events>
            <Anim value="Burrow,Superior,00"/>
            <Name value="Brutalisk_Dig_Burrow"/>
            <Type value="Sound"/>
            <Time value="0.009000"/>
            <Payload value="Brutalisk_Dig_Burrow"/>
        </Events>
        <Events>
            <Anim value="Unburrow,Superior,00"/>
            <Name value="Brutalisk_Dig_UnBurrow"/>
            <Type value="Sound"/>
            <Time value="0.008000"/>
            <Payload value="Brutalisk_Dig_UnBurrow"/>
        </Events>
        <Events>
            <Anim value="Unburrow,00"/>
            <Name value="Brutalisk_UnBurrow"/>
            <Type value="Sound"/>
            <Time value="0.006000"/>
            <Payload value="Brutalisk_UnBurrow"/>
        </Events>
        <Events>
            <Anim value="Burrow,00"/>
            <Name value="Brutalisk_Burrow"/>
            <Type value="Sound"/>
            <Time value="0.006000"/>
            <Payload value="Brutalisk_Burrow"/>
        </Events>
        <Events>
            <Anim value="Spell,00"/>
            <Name value="Brutalisk_Spell_Vx"/>
            <Type value="Sound"/>
            <Time value="0.094000"/>
            <Payload value="Brutalisk_Spell_Vx"/>
        </Events>
        <Events>
            <Anim value="Spell,00"/>
            <Name value="Brutalisk_Foot_ClawTip"/>
            <Type value="Sound"/>
            <Time value="0.038000"/>
            <Payload value="Brutalisk_Foot_ClawTip"/>
        </Events>
        <Events>
            <Anim value="Spell,00"/>
            <Name value="Brutalisk_Foot_ClawTip"/>
            <Type value="Sound"/>
            <Time value="1.286000"/>
            <Payload value="Brutalisk_Foot_ClawTip"/>
        </Events>
        <Events>
            <Anim value="Spell,00"/>
            <Name value="Brutalisk_Footsteps"/>
            <Type value="Sound"/>
            <Time value="1.415000"/>
            <Payload value="Brutalisk_Footsteps"/>
        </Events>
        <Events>
            <Anim value="Spell,A,00"/>
            <Name value="Brutalisk_Foot_ClawTip"/>
            <Type value="Sound"/>
            <Time value="0.016000"/>
            <Payload value="Brutalisk_Foot_ClawTip"/>
        </Events>
        <Events>
            <Anim value="Spell,A,00"/>
            <Name value="Brutalisk_Foot_ClawTip"/>
            <Type value="Sound"/>
            <Time value="0.481000"/>
            <Payload value="Brutalisk_Foot_ClawTip"/>
        </Events>
        <Events>
            <Anim value="Spell,A,00"/>
            <Name value="Brutalisk_Footsteps"/>
            <Type value="Sound"/>
            <Time value="0.546000"/>
            <Payload value="Brutalisk_Footsteps"/>
        </Events>
        <Events>
            <Anim value="Spell,A,00"/>
            <Name value="Brutalisk_AttackLaunch"/>
            <Type value="Sound"/>
            <Time value="0.548000"/>
            <Payload value="Brutalisk_AttackLaunch"/>
        </Events>
        <Events>
            <Anim value="Spell,A,00"/>
            <Name value="Brutalisk_AttackImpact"/>
            <Type value="Sound"/>
            <Time value="0.685000"/>
            <Payload value="Brutalisk_AttackImpact"/>
        </Events>
        <Events>
            <Anim value="Spell,A,00"/>
            <Name value="Brutalisk_SpellA_Vx"/>
            <Type value="Sound"/>
            <Time value="0.015000"/>
            <Payload value="Brutalisk_SpellA_Vx"/>
        </Events>
        <Events>
            <Anim value="Spell,B,00"/>
            <Name value="Brutalisk_Foot_ClawTip"/>
            <Type value="Sound"/>
            <Time value="0.016000"/>
            <Payload value="Brutalisk_Foot_ClawTip"/>
        </Events>
        <Events>
            <Anim value="Spell,B,00"/>
            <Name value="Brutalisk_AttackLaunch"/>
            <Type value="Sound"/>
            <Time value="0.110000"/>
            <Payload value="Brutalisk_AttackLaunch"/>
        </Events>
        <Events>
            <Anim value="Spell,B,00"/>
            <Name value="Brutalisk_SpellA_Vx"/>
            <Type value="Sound"/>
            <Time value="0.015000"/>
            <Payload value="Brutalisk_SpellA_Vx"/>
        </Events>
        <Events>
            <Anim value="Spell,C,00"/>
            <Name value="Brutalisk_Stand2_Vx"/>
            <Type value="Sound"/>
            <Time value="0.009000"/>
            <Payload value="Brutalisk_Stand2_Vx"/>
        </Events>
        <Events>
            <Anim value="Spell,C,00"/>
            <Name value="Brutalisk_Dig"/>
            <Type value="Sound"/>
            <Time value="0.102000"/>
            <Payload value="Brutalisk_Dig"/>
        </Events>
        <Events>
            <Anim value="Fidget,00"/>
            <Name value="Brutalisk_Footsteps"/>
            <Type value="Sound"/>
            <Time value="4.837000"/>
            <Payload value="Brutalisk_Footsteps"/>
        </Events>
        <Events>
            <Anim value="Fidget,00"/>
            <Name value="Brutalisk_Foot_ClawTip"/>
            <Type value="Sound"/>
            <Time value="4.628000"/>
            <Payload value="Brutalisk_Foot_ClawTip"/>
        </Events>
        <Events>
            <Anim value="Fidget,00"/>
            <Name value="Brutalisk_Foot_ClawTip"/>
            <Type value="Sound"/>
            <Time value="0.146000"/>
            <Payload value="Brutalisk_Foot_ClawTip"/>
        </Events>
        <Events>
            <Anim value="Attack,00"/>
            <Name value="Brutalisk_AttackLaunch"/>
            <Type value="Sound"/>
            <Time value="0.231000"/>
            <Payload value="Brutalisk_AttackLaunch"/>
        </Events>
        <Events>
            <Anim value="Attack,00"/>
            <Name value="Brutalisk_AttackImpact"/>
            <Type value="Sound"/>
            <Time value="0.313000"/>
            <Payload value="Brutalisk_AttackImpact"/>
        </Events>
        <Events>
            <Anim value="Attack,00"/>
            <Name value="Brutalisk_AttackLaunch"/>
            <Type value="Sound"/>
            <Time value="0.585000"/>
            <Payload value="Brutalisk_AttackLaunch"/>
        </Events>
        <Events>
            <Anim value="Attack,00"/>
            <Name value="Brutalisk_AttackImpact"/>
            <Type value="Sound"/>
            <Time value="0.764000"/>
            <Payload value="Brutalisk_AttackImpact"/>
        </Events>
        <Events>
            <Anim value="Attack,03"/>
            <Name value="Brutalisk_AttackLaunch"/>
            <Type value="Sound"/>
            <Time value="0.057000"/>
            <Payload value="Brutalisk_AttackLaunch"/>
        </Events>
        <Events>
            <Anim value="Attack,03"/>
            <Name value="Brutalisk_AttackImpact"/>
            <Type value="Sound"/>
            <Time value="0.171000"/>
            <Payload value="Brutalisk_AttackImpact"/>
        </Events>
        <Events>
            <Anim value="Attack,03"/>
            <Name value="Brutalisk_AttackLaunch"/>
            <Type value="Sound"/>
            <Time value="0.441000"/>
            <Payload value="Brutalisk_AttackLaunch"/>
        </Events>
        <Events>
            <Anim value="Attack,03"/>
            <Name value="Brutalisk_AttackImpact"/>
            <Type value="Sound"/>
            <Time value="0.563000"/>
            <Payload value="Brutalisk_AttackImpact"/>
        </Events>
        <Events>
            <Anim value="Attack,04"/>
            <Name value="Brutalisk_AttackLaunch"/>
            <Type value="Sound"/>
            <Time value="0.202000"/>
            <Payload value="Brutalisk_AttackLaunch"/>
        </Events>
        <Events>
            <Anim value="Attack,04"/>
            <Name value="Brutalisk_AttackImpact"/>
            <Type value="Sound"/>
            <Time value="0.400000"/>
            <Payload value="Brutalisk_AttackImpact"/>
        </Events>
        <ScaleMax value="2.250000,2.250000,2.250000"/>
        <ScaleMin value="2.250000,2.250000,2.250000"/>
    </CModel>
    <CModel id="CarrierRepairDrone" parent="Unit" Race="Protoss">
        <Model value="Assets\Units\Protoss\Carrier_RepairDrone\Carrier_RepairDrone.m3"/>
        <Occlusion value="Show"/>
        <PlanetPanelCamera value="Star2CameraLow05"/>
        <SquibTypeDefault value="Metal"/>
        <TechPurchaseCamera value="Star2CameraLow05"/>
        <UnitGlossaryCamera value="Star2CameraLow05"/>
    </CModel>
    <CModel id="CarrierRepairDroneDeath" parent="UnitDeath" Race="Protoss">
        <Model value="Assets\Units\Protoss\Carrier_RepairDrone_Death\Carrier_RepairDrone_Death.m3"/>
    </CModel>
    <CModel id="CausticSprayImpact2" parent="ImpactFX">
        <Model value="Assets\Effects\Zerg\CausticSpray_Missile_Impact\CausticSpray_Missile_Impact.m3"/>
        <EditorCategories value="Race:Zerg"/>
        <Lighting value="CausticSprayImpact"/>
    </CModel>
    <CModel id="CausticSprayWeapon2" parent="MissileFX">
        <Model value="Assets\Effects\Zerg\CausticSpray_Missile\CausticSpray_Missile.m3"/>
        <EditorCategories value="Race:Zerg"/>
        <Lighting value="CausticSprayWeapon"/>
    </CModel>
    <CModel id="ConstructionCrane">
        <SelectionLayer value="2"/>
        <SelectionRadius value="2.150300"/>
    </CModel>
    <CModel id="DetectionCone" parent="UI">
        <Model value="Assets/UI/Cursors/DOM_TerranCone/DOM_TerranCone.m3"/>
        <EditorCategories value="Race:Terran"/>
        <ScaleMax value="1.000000,1.000000,5.000000"/>
        <ScaleMin value="1.000000,1.000000,5.000000"/>
        <SelectionRadius value="2.500000"/>
        <ShadowRadius value="2.500000"/>
    </CModel>
    <CModel id="DevastationTurret" parent="Unit">
        <Model value="Assets\Buildings\Terran\GrenadeTurret\GrenadeTurret.m3"/>
        <EditorCategories value=""/>
        <SelectionLayer value="2"/>
    </CModel>
    <CModel id="Dragoon_Purifier_Coop_AirBomb" parent="RaceImpactFX" Race="Protoss"/>
    <CModel id="Dragoon_Purifier_Coop_AirBomb_Beam" parent="RaceMissileFX" Race="Protoss">
        <Events>
            <Anim value="Birth,00"/>
            <Name value="SoundFollowContinuous"/>
            <Type value="Sound"/>
            <Time value="0.003000"/>
            <Payload value="Dragoon_Purifier_Coop_AirBomb_Missile"/>
        </Events>
    </CModel>
    <CModel id="Dragoon_Purifier_Coop_AirBomb_Charged" parent="RaceImpactFX" Race="Protoss"/>
    <CModel id="Dragoon_Purifier_Coop_AirBomb_Impact" parent="RaceImpactFX" Race="Protoss"/>
    <CModel id="Dragoon_Purifier_Coop_AirBomb_Impact_Charged" parent="RaceImpactFX" Race="Protoss"/>
    <CModel id="Dragoon_Purifier_Coop_AirBomb_Missile" parent="RaceMissileFX" Race="Protoss"/>
    <CModel id="Dragoon_Purifier_Coop_AirBomb_MissileA" parent="RaceMissileFX" Race="Protoss"/>
    <CModel id="DrakkenLaserDrill">
        <Model value="Assets\Buildings\Neutral\LaserDrill_Coop\LaserDrill_Coop.m3"/>
        <Events index="0">
            <Anim value="Birth,00"/>
            <Name value="Terran_BuildingLand"/>
            <Time value="0.172000"/>
            <Payload value="Terran_BuildingLand"/>
        </Events>
        <Events index="1">
            <Anim value="Birth,00"/>
            <Name value="Uni_LandingThud_MetalLarge"/>
            <Time value="3.135000"/>
            <Payload value="Uni_LandingThud_MetalLarge"/>
        </Events>
        <Events index="2">
            <Anim value="Build,00"/>
            <Name value="LaserDrillConstruction_Sparks"/>
            <Time value="0.010000"/>
            <Payload value="LaserDrillConstruction_Sparks"/>
        </Events>
        <Events>
            <Anim value="Build,00"/>
            <Name value="LaserDrillConstruction_Sparks"/>
            <Type value="Sound"/>
            <Time value="0.840000"/>
            <Payload value="LaserDrillConstruction_Sparks"/>
        </Events>
        <Events>
            <Anim value="Build,00"/>
            <Name value="LaserDrillConstruction_Sparks"/>
            <Type value="Sound"/>
            <Time value="1.649000"/>
            <Payload value="LaserDrillConstruction_Sparks"/>
        </Events>
        <Events>
            <Anim value="Build,00"/>
            <Name value="LaserDrillConstruction_Sparks"/>
            <Type value="Sound"/>
            <Time value="2.469000"/>
            <Payload value="LaserDrillConstruction_Sparks"/>
        </Events>
        <Events>
            <Anim value="Stand,Work,Start,00"/>
            <Name value="LaserDrill_StandWorkStart2"/>
            <Type value="Sound"/>
            <Time value="0.010000"/>
            <Payload value="LaserDrill_StandWorkStart2"/>
        </Events>
        <Events>
            <Anim value="Stand,Work,Start,00"/>
            <Name value="Pylon_Containment_Unit_Metal_Hits"/>
            <Type value="Sound"/>
            <Time value="0.446000"/>
            <Payload value="Pylon_Containment_Unit_Metal_Hits"/>
        </Events>
        <Events>
            <Anim value="Stand,Work,Start,00"/>
            <Name value="Pylon_Containment_Unit_Metal_Hits"/>
            <Type value="Sound"/>
            <Time value="0.686000"/>
            <Payload value="Pylon_Containment_Unit_Metal_Hits"/>
        </Events>
        <Events>
            <Anim value="Stand,Work,Start,00"/>
            <Name value="Pylon_Containment_Unit_Metal_Hits"/>
            <Type value="Sound"/>
            <Time value="0.899000"/>
            <Payload value="Pylon_Containment_Unit_Metal_Hits"/>
        </Events>
        <Events>
            <Anim value="Stand,Work,Start,00"/>
            <Name value="Korhal_Metal_VentDoor_SteamChuf"/>
            <Type value="Sound"/>
            <Time value="0.048000"/>
            <Payload value="Korhal_Metal_VentDoor_SteamChuf"/>
        </Events>
        <Events>
            <Anim value="Stand,Work,Start,00"/>
            <Name value="LaserDrill_StandWorkStart0"/>
            <Type value="Sound"/>
            <Time value="2.000000"/>
            <Payload value="LaserDrill_StandWorkStart0"/>
        </Events>
        <Events>
            <Anim value="Stand,Work,End,00"/>
            <Name value="LaserDrill_StandWorkStart1"/>
            <Type value="Sound"/>
            <Time value="0.010000"/>
            <Payload value="LaserDrill_StandWorkStart1"/>
        </Events>
        <Events>
            <Anim value="Stand,Work,End,00"/>
            <Name value="Pylon_Containment_Unit_Metal_Hits"/>
            <Type value="Sound"/>
            <Time value="1.578000"/>
            <Payload value="Pylon_Containment_Unit_Metal_Hits"/>
        </Events>
        <Events>
            <Anim value="Stand,Work,End,00"/>
            <Name value="Pylon_Containment_Unit_Metal_Hits"/>
            <Type value="Sound"/>
            <Time value="2.004000"/>
            <Payload value="Pylon_Containment_Unit_Metal_Hits"/>
        </Events>
        <Events>
            <Anim value="Stand,Work,End,00"/>
            <Name value="Pylon_Containment_Unit_Metal_Hits"/>
            <Type value="Sound"/>
            <Time value="2.299000"/>
            <Payload value="Pylon_Containment_Unit_Metal_Hits"/>
        </Events>
        <Events>
            <Anim value="Stand,Work,End,00"/>
            <Name value="Korhal_Metal_VentDoor_SteamChuf"/>
            <Type value="Sound"/>
            <Time value="1.091000"/>
            <Payload value="Korhal_Metal_VentDoor_SteamChuf"/>
        </Events>
    </CModel>
    <CModel id="FenixDragoonAirBombCursor" parent="UI">
        <Model value="Assets\UI\Cursors\ProtossCursor_Purifier_Small\ProtossCursor_Purifier_Small.m3"/>
    </CModel>
    <CModel id="FirebatAttackLaunch">
        <ScaleMax value="1.000000,3.750000,1.000000"/>
        <ScaleMin value="1.000000,3.750000,1.000000"/>
    </CModel>
    <CModel id="Flamethrower">
        <Model value="Assets\Models\Flamethrower.m3"/>
    </CModel>
    <CModel id="SOAMothershipLineAttackMissileBeam" parent="PersistentSpellFX">
        <Model value="Assets\Effects\Protoss\Mothership_Taldarim_Thermal_Lance_Beam\Mothership_Taldarim_Thermal_Lance_Beam.m3"/>
        <EditorCategories value="Race:Protoss"/>
    </CModel>
    <CModel id="SOAMothershipLineAttackWeapon" parent="MissileFX">
        <Model value="Assets\Effects\Protoss\Mothership_Taldarim_Thermal_Lance_Beam_Impact\Mothership_Taldarim_Thermal_Lance_Beam_Impact.m3"/>
    </CModel>
    <CModel id="Shield">
        <Model value="Assets\Models\Shield.m3"/>
        <Lighting value="Flamethrower"/>
    </CModel>
    <CModel id="KelMorianGrenadeTurretPlacement" parent="Placement" Race="Terran">
        <Model value="Assets\Buildings\Terran\GrenadeTurretPlacement\GrenadeTurretPlacement.m3"/>
        <LowQualityModel value="KelMorianGrenadeTurret"/>
        <SelectionRadius value="0.625000"/>
        <ShadowRadius value="0.625000"/>
    </CModel>
    <CModel id="LowPower" parent="Glaze">
        <Model value="Assets\Effects\Glaze\Glaze_Corrupted_TangentSpace\Glaze_Corrupted_TangentSpace.m3"/>
        <EditorCategories value=""/>
        <AnimSpeed value="0.750000"/>
    </CModel>
    <CModel id="MarauderMengsk" parent="MarauderBase">
        <Model value="Assets\COOP\Mengsk\Units\Marauder_Mengsk_COOP\Marauder_Mengsk_COOP.m3"/>
        <Lighting value=""/>
    </CModel>
    <CModel id="MarauderMengskDeath" parent="MarauderDeathBase">
        <Model value="Assets\COOP\Mengsk\Units\Marauder_Mengsk_COOP_Death\Marauder_Mengsk_COOP_Death.m3"/>
        <Lighting value=""/>
    </CModel>
    <CModel id="MarauderMengskDeathEviscerate" parent="MarauderDeathEviscerateBase">
        <Model value="Assets\COOP\Mengsk\Units\Marauder_Mengsk_COOP_DeathEviscerate\Marauder_Mengsk_COOP_DeathEviscerate.m3"/>
        <Lighting value=""/>
    </CModel>
    <CModel id="MarauderMengskDeathRagdoll" parent="MarauderDeathRagdollBase">
        <Model value="Assets\COOP\Mengsk\Units\Marauder_Mengsk_COOP_DeathRagdoll\Marauder_Mengsk_COOP_DeathRagdoll.m3"/>
        <Lighting value=""/>
    </CModel>
    <CModel id="NuclearAnnihilationMengskBigNukeDrop" parent="OneShotSpellFX">
        <Model value="Assets\Effects\Terran\NukeFalling\NukeFalling.m3"/>
        <AnimSpeed value="0.260000"/>
        <EditorCategories value="Race:Terran"/>
        <Events>
            <Anim value="Birth,00"/>
            <Name value="Mengsk_BigNuke_Drop"/>
            <Type value="Sound"/>
            <Time value="0.010000"/>
            <Attachment value="Ref_Head"/>
            <Payload value="Mengsk_BigNuke_Drop"/>
        </Events>
        <RadiusLoose value="1.000000"/>
        <ScaleMax value="2.000000,2.000000,2.000000"/>
        <ScaleMin value="2.000000,2.000000,2.000000"/>
    </CModel>
    <CModel id="NuclearAnnihilationMengskBigNukeExplode" parent="OneShotSpellFX">
        <Model value="Assets\Effects\Terran\Nuke\Nuke.m3"/>
        <EditorCategories value="Race:Terran"/>
        <Events>
            <Anim value="Death,00"/>
            <Name value="NukeBig_Mengsk_FireCloud"/>
            <Type value="Sound"/>
            <Time value="0.343000"/>
            <Payload value="NukeBig_Mengsk_FireCloud"/>
        </Events>
        <Events>
            <Anim value="Death,00"/>
            <Name value="NukeBig_Mengsk_FireCloud_Sweet"/>
            <Type value="Sound"/>
            <Time value="1.105000"/>
            <Payload value="NukeBig_Mengsk_FireCloud_Sweet"/>
        </Events>
        <RadiusLoose value="1.000000"/>
        <ScaleMax value="1.700000,1.700000,1.700000"/>
        <ScaleMin value="1.700000,1.700000,1.700000"/>
    </CModel>
    <CModel id="NuclearAnnihilationMengskSmallNukeDrop" parent="OneShotSpellFX">
        <Model value="Assets\COOP\Mengsk\Effects\Ghost_Mengsk_COOP_MiniNuke_Land\Ghost_Mengsk_COOP_MiniNuke_Land.m3"/>
        <EditorCategories value="Race:Terran"/>
        <RadiusLoose value="1.000000"/>
        <ScaleMax value="0.500000,0.500000,1.000000"/>
        <ScaleMin value="0.500000,0.500000,1.000000"/>
    </CModel>
    <CModel id="NuclearAnnihilationMengskSmallNukeExplode" parent="OneShotSpellFX">
        <Model value="Assets\COOP\Mengsk\Effects\Ghost_Mengsk_COOP_MiniNuke_Impact\Ghost_Mengsk_COOP_MiniNuke_Impact.m3"/>
        <AnimSpeed value="2.000000"/>
        <EditorCategories value="Race:Terran"/>
        <RadiusLoose value="1.000000"/>
        <ScaleMax value="0.500000,0.500000,0.500000"/>
        <ScaleMin value="0.500000,0.500000,0.500000"/>
    </CModel>
    <CModel id="PowerRadius_Stetmann" parent="PersistentSpellFX_COOP" COOP="Stetmann" Race="Zerg"/>
    <CModel id="ProtossGenericWarpInOut" parent="OneShotSpellFX">
        <Model value="Assets\Effects\Protoss\Protoss_Generic_WarpOut\Protoss_Generic_WarpOut.m3"/>
        <LowQualityModel value="ProtossUnitBirth"/>
        <EditorCategories value="Race:Protoss"/>
        <Occlusion value="Show"/>
        <SelectionRadius value="0.555400"/>
        <ShadowRadius value="0.555400"/>
    </CModel>
    <CModel id="Purifier_Collapsible_Rock_Tower" parent="Doodad">
        <Model value="Assets\Buildings\Neutral\Purifier_Collapsible_Rock_Tower\Purifier_Collapsible_Rock_Tower.m3"/>
        <Events>
            <Anim value="Death,Alternate,00"/>
            <Name value="Doodad_CollapsibleRockTower_Start"/>
            <Type value="Sound"/>
            <Time value="0.222000"/>
            <Payload value="Doodad_CollapsibleRockTower_Start"/>
        </Events>
        <Events>
            <Anim value="Death,Alternate,00"/>
            <Name value="Doodad_CollapsibleRockTower_Impact"/>
            <Type value="Sound"/>
            <Time value="1.665000"/>
            <Payload value="Doodad_CollapsibleRockTower_Impact"/>
        </Events>
        <SelectionRadius value="3.000000"/>
        <ShadowRadius value="3.000000"/>
        <Tipability value="0.900000"/>
        <TipabilityLength value="1.000000"/>
        <TipabilityWidth value="1.000000"/>
        <TextureDeclares Prefix="collapsiblerocktower_">
            <Adaptions TriggerOnSubstring="_Diffuse" Slot="main"/>
        </TextureDeclares>
        <TextureDeclares Prefix="collapsiblerocktowerflat_">
            <Adaptions TriggerOnSubstring="_Diffuse" Slot="generic01"/>
        </TextureDeclares>
    </CModel>
    <CModel id="TankGun">
        <Model value="Assets\Models\TankGun.m3"/>
        <Lighting value="Flamethrower"/>
    </CModel>
    <CModel id="TaldarimScoutDeath" parent="UnitDeath" Race="Protoss">
        <Model value="Assets\Units\Protoss\Scout_Taldarim_Death\Scout_Taldarim_Death.m3"/>
        <LowQualityModel value="ProtossMediumUnitDeathLow"/>
        <Lighting value="ScoutDeath"/>
        <Occlusion value="Show"/>
        <Radius value="0.750000"/>
        <SelectionRadius value="0.750000"/>
        <ShadowRadius value="0.750000"/>
    </CModel>
    <CModel id="TaldarimScout" parent="Unit" Race="Protoss">
        <Model value="Assets\Units\Protoss\Scout_Taldarim\Scout_Taldarim.m3"/>
        <Lighting value="Scout"/>
        <Occlusion value="Show"/>
        <PlanetPanelCamera value="Star2CameraLow05"/>
        <Radius value="0.750000"/>
        <SelectionRadius value="0.750000"/>
        <ShadowRadius value="0.750000"/>
        <TechPurchaseCamera value="Star2CameraLow05"/>
        <UnitGlossaryCamera value="Star2CameraLow05"/>
    </CModel>
    <CModel id="Sentry_HealingBeam" parent="PersistentSpellFX">
        <Model value="Assets\Effects\Protoss\Sentry_HealingBeam\Sentry_HealingBeam.m3"/>
        <EditorCategories value="Race:Protoss"/>
    </CModel>
    <CModel id="Sentry_HealingBeam_Impact" parent="PersistentSpellFX">
        <Model value="Assets\Effects\Protoss\Sentry_HealingBeam_Impact\Sentry_HealingBeam_Impact.m3"/>
        <EditorCategories value="Race:Protoss"/>
    </CModel>
    <CModel id="SiegeTankMengskSiegedDeath" parent="SiegeTankSiegedDeathBase">
        <Model value="Assets\COOP\Mengsk\Units\SiegeTank_Mengsk_COOP_Sieged_Death\SiegeTank_Mengsk_COOP_Sieged_Death.m3"/>
        <Events>
            <Anim value="Death,00"/>
            <Name value="SiegeTankMengskUnsiegeMorphFastSound"/>
            <Type value="Sound"/>
            <Time value="0.006000"/>
            <Payload value="SiegeTankMengskUnsiegeMorphFastSound"/>
        </Events>
        <Events>
            <Anim value="Death,00"/>
            <Name value="TerranMengsk_Death_FireTrail"/>
            <Type value="Sound"/>
            <Time value="0.820000"/>
            <Payload value="TerranMengsk_Death_FireTrail"/>
        </Events>
        <Events>
            <Anim value="Death,00"/>
            <Name value="TerranMengsk_Explo_Metal_Fire"/>
            <Type value="Sound"/>
            <Time value="0.258000"/>
            <Payload value="TerranMengsk_Explo_Metal_Fire"/>
        </Events>
        <Events>
            <Anim value="Death,01"/>
            <Name value="TerranMengsk_UnitDeath_Explosion"/>
            <Type value="Sound"/>
            <Time value="0.146000"/>
            <Payload value="TerranMengsk_UnitDeath_Explosion"/>
        </Events>
        <Events>
            <Anim value="Death,01"/>
            <Name value="TerranMengsk_UnitDeath_ExploHits"/>
            <Type value="Sound"/>
            <Time value="0.052000"/>
            <Payload value="TerranMengsk_UnitDeath_ExploHits"/>
        </Events>
        <Events>
            <Anim value="Death,02"/>
            <Name value="TerranMengsk_UnitDeath_Explosion"/>
            <Type value="Sound"/>
            <Time value="0.146000"/>
            <Payload value="TerranMengsk_UnitDeath_Explosion"/>
        </Events>
        <Events>
            <Anim value="Death,02"/>
            <Name value="TerranMengsk_UnitDeath_ExploHits"/>
            <Type value="Sound"/>
            <Payload value="TerranMengsk_UnitDeath_ExploHits"/>
        </Events>
        <Events>
            <Anim value="Death,03"/>
            <Name value="TerranMengsk_UnitDeath_Explosion"/>
            <Type value="Sound"/>
            <Time value="0.205000"/>
            <Payload value="TerranMengsk_UnitDeath_Explosion"/>
        </Events>
        <Events>
            <Anim value="Death,03"/>
            <Name value="TerranMengsk_UnitDeath_ExploHits"/>
            <Type value="Sound"/>
            <Payload value="TerranMengsk_UnitDeath_ExploHits"/>
        </Events>
    </CModel>
    <CModel id="SiegeTank_Mengsk_COOP" parent="Unit_COOP" COOP="Mengsk" Race="Terran">
        <AttachProps Id="Ref_Hardpoint">
            <Keys index="Turret" value="0"/>
        </AttachProps>
        <Lighting value=""/>
        <Radius value="1.000000"/>
        <ScaleMax value="0.800000,0.800000,0.800000"/>
        <ScaleMin value="0.800000,0.800000,0.800000"/>
        <SelectionRadius value="1.250000"/>
        <ShadowRadius value="1.250000"/>
        <SquibTypeDefault value="Metal"/>
        <Tipability value="0.750000"/>
        <TipabilityLength value="0.800000"/>
        <TipabilityWidth value="0.400000"/>
    </CModel>
    <CModel id="SiegeTank_Mengsk_COOP_Death" parent="UnitDeath_COOP" COOP="Mengsk" Race="Terran">
        <Events>
            <Anim value="Death,00"/>
            <Name value="TerranMengsk_UnitDeath_ExploHits"/>
            <Type value="Sound"/>
            <Time value="0.009000"/>
            <Payload value="TerranMengsk_UnitDeath_ExploHits"/>
        </Events>
        <Lighting value=""/>
    </CModel>
    <CModel id="SiegeTank_Mengsk_COOP_DeathRagdoll" parent="UnitDeath_COOP" COOP="Mengsk" Race="Terran">
        <Events>
            <Anim value="Death,00"/>
            <Name value="TerranMengsk_UnitDeath_ExploHits"/>
            <Type value="Sound"/>
            <Time value="0.007000"/>
            <Payload value="TerranMengsk_UnitDeath_ExploHits"/>
        </Events>
        <Lighting value=""/>
    </CModel>
    <CModel id="SiegeTank_Mengsk_COOP_Morph" parent="Unit_COOP" COOP="Mengsk" Race="Terran">
        <Lighting value=""/>
        <Radius value="1.000000"/>
        <ScaleMax value="0.800000,0.800000,0.800000"/>
        <ScaleMin value="0.800000,0.800000,0.800000"/>
        <SelectionRadius value="1.250000"/>
        <ShadowRadius value="1.250000"/>
        <SquibTypeDefault value="Metal"/>
        <Tipability value="0.750000"/>
        <TipabilityLength value="0.800000"/>
        <TipabilityWidth value="0.400000"/>
    </CModel>
    <CModel id="SiegeTank_Mengsk_COOP_Sieged" parent="Unit_COOP" COOP="Mengsk" Race="Terran">
        <AttachProps Id="Ref_Hardpoint">
            <Keys index="Turret" value="0"/>
        </AttachProps>
        <Lighting value=""/>
        <Radius value="1.000000"/>
        <ScaleMax value="0.800000,0.800000,0.800000"/>
        <ScaleMin value="0.800000,0.800000,0.800000"/>
        <SelectionRadius value="1.250000"/>
        <ShadowRadius value="1.250000"/>
        <SquibTypeDefault value="Metal"/>
        <Tipability value="0.750000"/>
        <TipabilityLength value="0.800000"/>
        <TipabilityWidth value="0.400000"/>
    </CModel>
    <CModel id="Spectre_Heavens_COOP_UltrasonicPulse" parent="PersistentSpellFX">
        <Model value="Assets\COOP\Tychus\Effects\Spectre_Heavens_COOP_UltrasonicPulse\Spectre_Heavens_COOP_UltrasonicPulse.m3"/>
        <EditorCategories value="Race:Terran"/>
        <ScaleMax value="0.725000,0.725000,0.725000"/>
        <ScaleMin value="0.725000,0.725000,0.725000"/>
    </CModel>
    <CModel id="SuperCloak" parent="RacePersistentSpellFX" Race="Zerg">
        <Model value="Assets\COOP\Zeratul\Effects\SuperCloak_Zeratul_COOP\SuperCloak_Zeratul_COOP.m3"/>
    </CModel>
    <CModel id="Railgun">
        <Model value="Assets\Models\Railgun.m3"/>
        <Lighting value="Flamethrower"/>
    </CModel>
    <CModel id="VikingFighterDeathRagdoll2" parent="VikingFighterDeathRagdollBase">
        <Model value="Assets\COOP\Mengsk\Units\Viking_Mengsk_COOP_Fighter_DeathRagdoll\Viking_Mengsk_COOP_Fighter_DeathRagdoll.m3"/>
        <Events>
            <Anim value="Death,02"/>
            <Name value="TerranMengsk_Death_MetalHits"/>
            <Type value="Sound"/>
            <Time value="0.038000"/>
            <Payload value="TerranMengsk_Death_MetalHits"/>
        </Events>
        <Events>
            <Anim value="Death,02"/>
            <Name value="TerranMengsk_Death_FireTrail"/>
            <Type value="Sound"/>
            <Time value="0.100000"/>
            <Payload value="TerranMengsk_Death_FireTrail"/>
        </Events>
        <Lighting value=""/>
    </CModel>
    <CModel id="VikingMengskAssault" parent="VikingAssaultBase">
        <Model value="Assets\COOP\Mengsk\Units\Viking_Mengsk_COOP_Assault\Viking_Mengsk_COOP_Assault.m3"/>
        <Lighting value=""/>
    </CModel>
    <CModel id="VikingMengskAssaultDeath" parent="VikingAssaultDeathBase">
        <Model value="Assets\COOP\Mengsk\Units\Viking_Mengsk_COOP_Assault_Death\Viking_Mengsk_COOP_Assault_Death.m3"/>
        <Events>
            <Anim value="Death,00"/>
            <Name value="TerranMengsk_Death_MetalHits"/>
            <Type value="Sound"/>
            <Time value="0.036000"/>
            <Payload value="TerranMengsk_Death_MetalHits"/>
        </Events>
        <Events>
            <Anim value="Death,00"/>
            <Name value="TerranMengsk_Death_MetalHits"/>
            <Type value="Sound"/>
            <Time value="0.789000"/>
            <Payload value="TerranMengsk_Death_MetalHits"/>
        </Events>
        <Events>
            <Anim value="Death,00"/>
            <Name value="Korhal_Explosion_Metal_Impact_Cu"/>
            <Type value="Sound"/>
            <Time value="2.648000"/>
            <Payload value="Korhal_Explosion_Metal_Impact_Cu"/>
        </Events>
        <Events>
            <Anim value="Death,00"/>
            <Name value="Pylon_Containment_Unit_Metal_Hits"/>
            <Type value="Sound"/>
            <Time value="0.560000"/>
            <Payload value="Pylon_Containment_Unit_Metal_Hits"/>
        </Events>
        <Events>
            <Anim value="Death,00"/>
            <Name value="TerranMengsk_UnitDeath_ExploHits"/>
            <Type value="Sound"/>
            <Time value="0.059000"/>
            <Payload value="TerranMengsk_UnitDeath_ExploHits"/>
        </Events>
        <Events>
            <Anim value="Death,00"/>
            <Name value="TerranMengsk_UnitDeath_ExploHits"/>
            <Type value="Sound"/>
            <Time value="0.811000"/>
            <Payload value="TerranMengsk_UnitDeath_ExploHits"/>
        </Events>
        <Events>
            <Anim value="Death,00"/>
            <Name value="TerranMengsk_MechRoboFlail_Death"/>
            <Type value="Sound"/>
            <Time value="1.290000"/>
            <Payload value="TerranMengsk_MechRoboFlail_Death"/>
        </Events>
        <Events>
            <Anim value="Death,00"/>
            <Name value="TerranMengsk_Death_Fire"/>
            <Type value="Sound"/>
            <Time value="0.169000"/>
            <Payload value="TerranMengsk_Death_Fire"/>
        </Events>
        <Events>
            <Anim value="Death,01"/>
            <Name value="TerranMengsk_Death_MetalHits"/>
            <Type value="Sound"/>
            <Time value="0.036000"/>
            <Payload value="TerranMengsk_Death_MetalHits"/>
        </Events>
        <Events>
            <Anim value="Death,01"/>
            <Name value="TerranMengsk_Death_MetalHits"/>
            <Type value="Sound"/>
            <Time value="0.789000"/>
            <Payload value="TerranMengsk_Death_MetalHits"/>
        </Events>
        <Events>
            <Anim value="Death,01"/>
            <Name value="Korhal_Explosion_Metal_Impact_Cu"/>
            <Type value="Sound"/>
            <Time value="2.648000"/>
            <Payload value="Korhal_Explosion_Metal_Impact_Cu"/>
        </Events>
        <Events>
            <Anim value="Death,01"/>
            <Name value="Pylon_Containment_Unit_Metal_Hits"/>
            <Type value="Sound"/>
            <Time value="1.261000"/>
            <Payload value="Pylon_Containment_Unit_Metal_Hits"/>
        </Events>
        <Events>
            <Anim value="Death,01"/>
            <Name value="TerranMengsk_UnitDeath_ExploHits"/>
            <Type value="Sound"/>
            <Time value="0.059000"/>
            <Payload value="TerranMengsk_UnitDeath_ExploHits"/>
        </Events>
        <Events>
            <Anim value="Death,01"/>
            <Name value="TerranMengsk_UnitDeath_ExploHits"/>
            <Type value="Sound"/>
            <Time value="0.811000"/>
            <Payload value="TerranMengsk_UnitDeath_ExploHits"/>
        </Events>
        <Events>
            <Anim value="Death,01"/>
            <Name value="TerranMengsk_MechRoboFlail_Death"/>
            <Type value="Sound"/>
            <Time value="0.081000"/>
            <Payload value="TerranMengsk_MechRoboFlail_Death"/>
        </Events>
        <Events>
            <Anim value="Death,01"/>
            <Name value="TerranMengsk_Death_Fire"/>
            <Type value="Sound"/>
            <Time value="0.169000"/>
            <Payload value="TerranMengsk_Death_Fire"/>
        </Events>
        <Events>
            <Anim value="Death,02"/>
            <Name value="Korhal_Explosion_Metal_Impact_Cu"/>
            <Type value="Sound"/>
            <Time value="0.789000"/>
            <Payload value="Korhal_Explosion_Metal_Impact_Cu"/>
        </Events>
        <Events>
            <Anim value="Death,02"/>
            <Name value="TerranMengsk_UnitDeath_ExploHits"/>
            <Type value="Sound"/>
            <Time value="0.059000"/>
            <Payload value="TerranMengsk_UnitDeath_ExploHits"/>
        </Events>
        <Events>
            <Anim value="Death,02"/>
            <Name value="TerranMengsk_Death_Fire"/>
            <Type value="Sound"/>
            <Time value="0.169000"/>
            <Payload value="TerranMengsk_Death_Fire"/>
        </Events>
        <Events>
            <Anim value="Death,02"/>
            <Name value="TerranMengsk_Death_MetalHits"/>
            <Type value="Sound"/>
            <Time value="0.026000"/>
            <Payload value="TerranMengsk_Death_MetalHits"/>
        </Events>
        <Events>
            <Anim value="Death,03"/>
            <Name value="Korhal_Explosion_Metal_Impact_Cu"/>
            <Type value="Sound"/>
            <Time value="1.384000"/>
            <Payload value="Korhal_Explosion_Metal_Impact_Cu"/>
        </Events>
        <Events>
            <Anim value="Death,03"/>
            <Name value="TerranMengsk_Death_Fire"/>
            <Type value="Sound"/>
            <Time value="0.169000"/>
            <Payload value="TerranMengsk_Death_Fire"/>
        </Events>
        <Events>
            <Anim value="Death,03"/>
            <Name value="TerranMengsk_Death_MetalHits"/>
            <Type value="Sound"/>
            <Time value="0.026000"/>
            <Payload value="TerranMengsk_Death_MetalHits"/>
        </Events>
        <Events>
            <Anim value="Death,03"/>
            <Name value="TerranMengsk_Death_MetalHits"/>
            <Type value="Sound"/>
            <Time value="0.961000"/>
            <Payload value="TerranMengsk_Death_MetalHits"/>
        </Events>
        <Events>
            <Anim value="Death,03"/>
            <Name value="TerranMengsk_MechElm_Death_02"/>
            <Type value="Sound"/>
            <Time value="0.022000"/>
            <Payload value="TerranMengsk_MechElm_Death_02"/>
        </Events>
        <Events>
            <Anim value="Death,03"/>
            <Name value="TerranMengsk_Death_FireTrail"/>
            <Type value="Sound"/>
            <Time value="0.022000"/>
            <Payload value="TerranMengsk_Death_FireTrail"/>
        </Events>
        <Lighting value=""/>
    </CModel>
    <CModel id="VikingMengskAssaultDeathRagdoll" parent="VikingAssaultDeathRagdollBase">
        <Model value="Assets\COOP\Mengsk\Units\Viking_Mengsk_COOP_Assault_DeathRagdoll\Viking_Mengsk_COOP_Assault_DeathRagdoll.m3"/>
        <Events>
            <Anim value="Death,00"/>
            <Name value="TerranMengsk_UnitDeath_ExploHits"/>
            <Type value="Sound"/>
            <Time value="0.058000"/>
            <Payload value="TerranMengsk_UnitDeath_ExploHits"/>
        </Events>
        <Lighting value=""/>
    </CModel>
    <CModel id="VikingMengskFighter" parent="VikingFighterBase">
        <Model value="Assets\COOP\Mengsk\Units\Viking_Mengsk_COOP_Fighter\Viking_Mengsk_COOP_Fighter.m3"/>
        <Events>
            <Anim value="Spell,00"/>
            <Name value="TerranMengsk_Death_FireTrail"/>
            <Type value="Sound"/>
            <Time value="0.018000"/>
            <Payload value="TerranMengsk_Death_FireTrail"/>
        </Events>
        <Events>
            <Anim value="Spell,00"/>
            <Name value="VikingFighter_BarrelRoll_01"/>
            <Type value="Sound"/>
            <Time value="0.018000"/>
            <Payload value="VikingFighter_BarrelRoll_01"/>
        </Events>
        <Events>
            <Anim value="Spell,00"/>
            <Name value="VikingFighter_BarrelRoll_02"/>
            <Type value="Sound"/>
            <Time value="0.018000"/>
            <Payload value="VikingFighter_BarrelRoll_02"/>
        </Events>
        <Events>
            <Anim value="Spell,01"/>
            <Name value="TerranMengsk_Death_FireTrail"/>
            <Type value="Sound"/>
            <Payload value="TerranMengsk_Death_FireTrail"/>
        </Events>
        <Events>
            <Anim value="Spell,01"/>
            <Name value="VikingFighter_BarrelRoll_01"/>
            <Type value="Sound"/>
            <Time value="0.018000"/>
            <Payload value="VikingFighter_BarrelRoll_01"/>
        </Events>
        <Lighting value=""/>
    </CModel>
    <CModel id="VikingMengskFighterDeath" parent="VikingFighterDeathBase">
        <Model value="Assets\COOP\Mengsk\Units\Viking_Mengsk_COOP_Fighter_Death\Viking_Mengsk_COOP_Fighter_Death.m3"/>
        <Events>
            <Anim value="Death,00"/>
            <Name value="TerranMengsk_Death_FireTrail"/>
            <Type value="Sound"/>
            <Time value="0.077000"/>
            <Payload value="TerranMengsk_Death_FireTrail"/>
        </Events>
        <Events>
            <Anim value="Death,01"/>
            <Name value="TerranMengsk_Death_FireTrail"/>
            <Type value="Sound"/>
            <Time value="0.077000"/>
            <Payload value="TerranMengsk_Death_FireTrail"/>
        </Events>
        <Events>
            <Anim value="Death,01"/>
            <Name value="TerranMengsk_MechElm_Death_01"/>
            <Type value="Sound"/>
            <Time value="0.147000"/>
            <Payload value="TerranMengsk_MechElm_Death_01"/>
        </Events>
        <Events>
            <Anim value="Death,03"/>
            <Name value="TerranMengsk_Death_FireTrail"/>
            <Type value="Sound"/>
            <Time value="0.077000"/>
            <Payload value="TerranMengsk_Death_FireTrail"/>
        </Events>
        <Events>
            <Anim value="Death,03"/>
            <Name value="TerranMengsk_MechElm_Death_01"/>
            <Type value="Sound"/>
            <Time value="0.147000"/>
            <Payload value="TerranMengsk_MechElm_Death_01"/>
        </Events>
        <Lighting value=""/>
    </CModel>
    <CModel id="VikingMengskMorph" parent="VikingMorphBase">
        <Model value="Assets\COOP\Mengsk\Units\Viking_Mengsk_COOP_Morph\Viking_Mengsk_COOP_Morph.m3"/>
        <Lighting value=""/>
    </CModel>
</Catalog>
