<?xml version="1.0" encoding="utf-8"?>
<Catalog>
    <CModel id="ConstructionCrane">
        <SelectionLayer value="2"/>
    </CModel>
    <CModel id="DetectionCone" parent="UI">
        <Model value="Assets/UI/Cursors/DOM_TerranCone/DOM_TerranCone.m3"/>
        <EditorCategories value="Race:Terran"/>
        <ScaleMax value="1.000000,1.000000,5.000000"/>
        <ScaleMin value="1.000000,1.000000,5.000000"/>
        <SelectionRadius value="2.500000"/>
        <ShadowRadius value="2.500000"/>
    </CModel>
    <CModel id="DevastationTurret" parent="Unit">
        <Model value="Assets\Buildings\Terran\GrenadeTurret\GrenadeTurret.m3"/>
        <EditorCategories value=""/>
        <SelectionLayer value="2"/>
    </CModel>
    <CModel id="FirebatAttackLaunch">
        <ScaleMax value="1.000000,3.750000,1.000000"/>
        <ScaleMin value="1.000000,3.750000,1.000000"/>
    </CModel>
    <CModel id="LowPower" parent="Glaze">
        <Model value="Assets\Effects\Glaze\Glaze_Corrupted_TangentSpace\Glaze_Corrupted_TangentSpace.m3"/>
        <EditorCategories value=""/>
        <AnimSpeed value="0.750000"/>
    </CModel>
    <CModel id="NuclearAnnihilationMengskBigNukeDrop" parent="OneShotSpellFX">
        <Model value="Assets\Effects\Terran\NukeFalling\NukeFalling.m3"/>
        <AnimSpeed value="0.260000"/>
        <EditorCategories value="Race:Terran"/>
        <Events>
            <Anim value="Birth,00"/>
            <Name value="Mengsk_BigNuke_Drop"/>
            <Type value="Sound"/>
            <Time value="0.010000"/>
            <Attachment value="Ref_Head"/>
            <Payload value="Mengsk_BigNuke_Drop"/>
        </Events>
        <RadiusLoose value="1.000000"/>
        <ScaleMax value="2.000000,2.000000,2.000000"/>
        <ScaleMin value="2.000000,2.000000,2.000000"/>
    </CModel>
    <CModel id="NuclearAnnihilationMengskBigNukeExplode" parent="OneShotSpellFX">
        <Model value="Assets\Effects\Terran\Nuke\Nuke.m3"/>
        <EditorCategories value="Race:Terran"/>
        <Events>
            <Anim value="Death,00"/>
            <Name value="NukeBig_Mengsk_FireCloud"/>
            <Type value="Sound"/>
            <Time value="0.343000"/>
            <Payload value="NukeBig_Mengsk_FireCloud"/>
        </Events>
        <Events>
            <Anim value="Death,00"/>
            <Name value="NukeBig_Mengsk_FireCloud_Sweet"/>
            <Type value="Sound"/>
            <Time value="1.105000"/>
            <Payload value="NukeBig_Mengsk_FireCloud_Sweet"/>
        </Events>
        <RadiusLoose value="1.000000"/>
        <ScaleMax value="1.700000,1.700000,1.700000"/>
        <ScaleMin value="1.700000,1.700000,1.700000"/>
    </CModel>
    <CModel id="NuclearAnnihilationMengskSmallNukeDrop" parent="OneShotSpellFX">
        <Model value="Assets\COOP\Mengsk\Effects\Ghost_Mengsk_COOP_MiniNuke_Land\Ghost_Mengsk_COOP_MiniNuke_Land.m3"/>
        <EditorCategories value="Race:Terran"/>
        <RadiusLoose value="1.000000"/>
        <ScaleMax value="0.500000,0.500000,1.000000"/>
        <ScaleMin value="0.500000,0.500000,1.000000"/>
    </CModel>
    <CModel id="NuclearAnnihilationMengskSmallNukeExplode" parent="OneShotSpellFX">
        <Model value="Assets\COOP\Mengsk\Effects\Ghost_Mengsk_COOP_MiniNuke_Impact\Ghost_Mengsk_COOP_MiniNuke_Impact.m3"/>
        <AnimSpeed value="2.000000"/>
        <EditorCategories value="Race:Terran"/>
        <RadiusLoose value="1.000000"/>
        <ScaleMax value="0.500000,0.500000,0.500000"/>
        <ScaleMin value="0.500000,0.500000,0.500000"/>
    </CModel>
    <CModel id="Purifier_Collapsible_Rock_Tower" parent="Doodad">
        <Model value="Assets\Buildings\Neutral\Purifier_Collapsible_Rock_Tower\Purifier_Collapsible_Rock_Tower.m3"/>
        <Events>
            <Anim value="Death,Alternate,00"/>
            <Name value="Doodad_CollapsibleRockTower_Start"/>
            <Type value="Sound"/>
            <Time value="0.222000"/>
            <Payload value="Doodad_CollapsibleRockTower_Start"/>
        </Events>
        <Events>
            <Anim value="Death,Alternate,00"/>
            <Name value="Doodad_CollapsibleRockTower_Impact"/>
            <Type value="Sound"/>
            <Time value="1.665000"/>
            <Payload value="Doodad_CollapsibleRockTower_Impact"/>
        </Events>
        <SelectionRadius value="3.000000"/>
        <ShadowRadius value="3.000000"/>
        <Tipability value="0.900000"/>
        <TipabilityLength value="1.000000"/>
        <TipabilityWidth value="1.000000"/>
        <TextureDeclares Prefix="collapsiblerocktower_">
            <Adaptions TriggerOnSubstring="_Diffuse" Slot="main"/>
        </TextureDeclares>
        <TextureDeclares Prefix="collapsiblerocktowerflat_">
            <Adaptions TriggerOnSubstring="_Diffuse" Slot="generic01"/>
        </TextureDeclares>
    </CModel>
    <CModel id="Spectre_Heavens_COOP_UltrasonicPulse" parent="PersistentSpellFX">
        <Model value="Assets\COOP\Tychus\Effects\Spectre_Heavens_COOP_UltrasonicPulse\Spectre_Heavens_COOP_UltrasonicPulse.m3"/>
        <EditorCategories value="Race:Terran"/>
        <ScaleMax value="0.725000,0.725000,0.725000"/>
        <ScaleMin value="0.725000,0.725000,0.725000"/>
    </CModel>
    <CModel id="SuperCloak" parent="RacePersistentSpellFX" Race="Zerg">
        <Model value="Assets\COOP\Zeratul\Effects\SuperCloak_Zeratul_COOP\SuperCloak_Zeratul_COOP.m3"/>
    </CModel>
</Catalog>
