<?xml version="1.0" encoding="utf-8"?>
<Catalog>
    <CMoverMissile id="CausticSprayMissile">
        <MotionPhases>
            <Driver value="Throw"/>
            <Speed value="10"/>
            <MaxSpeed value="10"/>
            <Outro value="0.1,4,0.1,0.1"/>
            <ThrowVector value="0,-1,0.25"/>
            <ThrowBandYaw value="-360,-360,-360,-360"/>
            <ThrowBandPitch value="-360,-360,-360,-360"/>
            <YawPitchRoll value="719.2968"/>
        </MotionPhases>
        <MotionPhases>
            <Driver value="Guidance"/>
            <Acceleration value="20"/>
            <MaxSpeed value="20"/>
            <ActorTracking value="Actual"/>
            <YawPitchRoll value="119.8828"/>
            <YawPitchRollAccel value="180"/>
        </MotionPhases>
    </CMoverMissile>
    <CMoverMissile id="CausticSprayMissileClose">
        <MotionPhases>
            <Driver value="Throw"/>
            <Speed value="10"/>
            <MaxSpeed value="10"/>
            <Outro value="0.1,4,0.1,0.1"/>
            <ThrowVector value="0,-1,-0.25"/>
            <ThrowBandYaw value="-360,-360,-360,-360"/>
            <ThrowBandPitch value="-360,-360,-360,-360"/>
            <YawPitchRoll value="719.2968"/>
        </MotionPhases>
        <MotionPhases>
            <Driver value="Guidance"/>
            <Acceleration value="20"/>
            <MaxSpeed value="20"/>
            <ActorTracking value="Actual"/>
            <YawPitchRoll value="119.8828"/>
            <YawPitchRollAccel value="180"/>
        </MotionPhases>
    </CMoverMissile>
    <CMoverMissile id="FenixDragoonAirBombWeapon">
        <MotionPhases>
            <Driver value="Ballistic"/>
            <Acceleration value="-1"/>
            <MinSpeed value="20"/>
            <MaxSpeed value="20"/>
            <Gravity value="70"/>
        </MotionPhases>
    </CMoverMissile>
    <CMoverMissile id="HunterSeekerMissile">
        <MotionPhases index="0">
            <Speed value="1"/>
            <ClearanceIgnoresTargetProximity value="1"/>
            <Outro value="0.9"/>
            <Timeout value="0.9"/>
            <FlightTime value="0.9"/>
        </MotionPhases>
        <MotionPhases index="1">
            <Driver value="Throw"/>
            <Acceleration value="0"/>
            <Speed value="0.0078"/>
            <MaxSpeed value="0.0078"/>
            <ClearanceAcceleration value="75"/>
            <ClearanceIgnoresTargetProximity value="1"/>
            <Outro value="4.9"/>
            <Timeout value="4.1"/>
            <ThrowVector value="0,-1,0"/>
            <FlightTime value="4.1"/>
        </MotionPhases>
        <MotionPhases index="2" MaxSpeed="16" Outro="5"/>
        <MotionPhases index="3">
            <Acceleration value="4"/>
            <MaxSpeed value="16"/>
            <Clearance value="0.5"/>
            <Outro value="-2.25,-2"/>
        </MotionPhases>
        <MotionPhases>
            <Driver value="Guidance"/>
            <Acceleration value="16"/>
            <MaxSpeed value="16"/>
            <Clearance value="0.25"/>
            <ClearanceLookahead value="3"/>
            <YawPitchRoll value="MAX"/>
        </MotionPhases>
    </CMoverMissile>
    <CMoverMissile id="HybridCPlasmaWeapon">
        <MotionPhases index="0" MaxSpeed="15" ThrowBandYaw="-360,-360,-360,-360" ThrowBandPitch="-360,-360,-360,-360"/>
    </CMoverMissile>
    <CMoverMissile id="LokiHurricaneMissile">
        <MotionPhases index="0">
            <Acceleration value="6"/>
            <Speed value="0.6015"/>
            <MaxSpeed value="4.7968"/>
            <ThrowBandYaw value="74.9597,-74.9597,64.995,-64.995"/>
        </MotionPhases>
        <MotionPhases index="1">
            <Acceleration value="1.75"/>
            <AccelerationRange value="4.25"/>
            <MaxSpeed value="9.6015"/>
            <ThrowBandYaw value="-360,-360,-360,-360"/>
            <ThrowBandPitch value="-360,-360,-360,-360"/>
        </MotionPhases>
    </CMoverMissile>
    <CMoverMissile id="PunisherGrenadesWeapon">
        <MotionPhases index="0">
            <MaxSpeed value="30"/>
            <ThrowBandYaw value="-360,-360,-360,-360"/>
            <ThrowBandPitch value="-360,-360,-360,-360"/>
            <YawPitchRoll value="5759.6484"/>
        </MotionPhases>
    </CMoverMissile>
    <CMoverMissile id="RavenScramblerMissile" parent="MissileDefault">
        <MotionPhases index="0">
            <Driver value="Guidance"/>
            <Acceleration value="16"/>
            <MaxSpeed value="30"/>
            <ClearanceAcceleration value="75"/>
            <Outro value="-1"/>
            <ThrowBandYaw value="-360,-360,-360,-360"/>
            <ThrowBandPitch value="-360,-360,-360,-360"/>
            <YawPitchRoll value="719.2968"/>
        </MotionPhases>
    </CMoverMissile>
    <CMoverMissile id="ReaperJumpDown">
        <MotionPhases index="0" Speed="10.5" MinSpeed="10.5" MaxSpeed="10.5"/>
    </CMoverMissile>
</Catalog>
