<?xml version="1.0" encoding="utf-8"?>
<Catalog>
    <CRequirementAllowAbil id="AllowAbilDeployLaserDrill0">
        <Link value="DeployLaserDrill"/>
    </CRequirementAllowAbil>
    <CRequirementAnd id="AndCountUnitAlias_ShadowOpsCompleteOnly3736050006TechTreeCheatCountUnitAlias_ArmoryCompleteOnly609241497Not1584299796CountUnitGhostQueuedOrBetter">
        <Tooltip value="RequirementNode/Tooltip/##id##"/>
        <OperandArray value="CountUnitAlias_ShadowOpsCompleteOnly3736050006TechTreeCheat"/>
        <OperandArray value="CountUnitAlias_ArmoryCompleteOnly609241497"/>
        <OperandArray value="Not1584299796CountUnitGhostQueuedOrBetter"/>
    </CRequirementAnd>
    <CRequirementAnd id="AndCountUnitAlias_ShadowOpsCompleteOnly3736050006TechTreeCheatCountUnitAlias_ArmoryCompleteOnly609241497Not1584299796CountUnitSpectreQueuedOrBetter">
        <Tooltip value="RequirementNode/Tooltip/##id##"/>
        <OperandArray value="CountUnitAlias_ShadowOpsCompleteOnly3736050006TechTreeCheat"/>
        <OperandArray value="CountUnitAlias_ArmoryCompleteOnly609241497"/>
        <OperandArray value="Not1584299796CountUnitSpectreQueuedOrBetter"/>
    </CRequirementAnd>
    <CRequirementAnd id="AndCountUnitAlias_SupplyDepotInProgressOrBetter3975993912TechTreeCheatCountUnitAlias_RefineryInProgressOrBetter2937904356TechTreeCheat">
        <OperandArray value="CountUnitAlias_SupplyDepotInProgressOrBetter3975993912TechTreeCheat"/>
        <OperandArray value="CountUnitAlias_RefineryInProgressOrBetter2937904356TechTreeCheat"/>
    </CRequirementAnd>
    <CRequirementAnd id="AndCountUnitAlias_TechLabCompleteOnlyAtUnit2589852481TechTreeCheatCountUnitAlias_ArmoryCompleteOnly609241497TechTreeCheat">
        <OperandArray value="CountUnitAlias_TechLabCompleteOnlyAtUnit2589852481TechTreeCheat"/>
        <OperandArray value="CountUnitAlias_ArmoryCompleteOnly609241497TechTreeCheat"/>
    </CRequirementAnd>
    <CRequirementAnd id="AndCountUnitAlias_TechLabCompleteOnlyAtUnit2589852481TechTreeCheatCountUnitAlias_ArmoryInProgressOrBetter609241497TechTreeCheat">
        <OperandArray value="CountUnitAlias_TechLabCompleteOnlyAtUnit2589852481TechTreeCheat"/>
        <OperandArray value="CountUnitAlias_ArmoryInProgressOrBetter609241497TechTreeCheat"/>
    </CRequirementAnd>
    <CRequirementAnd id="AndCountUnitAlias_TechLabCompleteOnlyAtUnit2589852481TechTreeCheatCountUnitAlias_ShadowOpsCompleteOnly3736050006TechTreeCheat">
        <OperandArray value="CountUnitAlias_TechLabCompleteOnlyAtUnit2589852481TechTreeCheat"/>
        <OperandArray value="CountUnitAlias_ShadowOpsCompleteOnly3736050006TechTreeCheat"/>
    </CRequirementAnd>
    <CRequirementAnd id="AndCountUnitFactoryTechLabCompleteOnlyAtUnit2589852481TechTreeCheatCountUnitAlias_ArmoryInProgressOrBetter609241497TechTreeCheat">
        <OperandArray value="CountUnitFactoryTechLabCompleteOnlyAtUnit2589852481TechTreeCheat"/>
        <OperandArray value="CountUnitAlias_ArmoryInProgressOrBetter609241497TechTreeCheat"/>
    </CRequirementAnd>
    <CRequirementAnd id="AndNotCountUpgradeImprovedPlasmaShieldsQueuedOrBetterCountUpgradeTechReactorCompleteOnly">
        <OperandArray value="NotCountUpgradeImprovedPlasmaShieldsQueuedOrBetter"/>
        <OperandArray value="CountUpgradeTechReactorCompleteOnly"/>
    </CRequirementAnd>
    <CRequirementAnd id="AndNotCountUpgradeTakeTheDrillQueuedOrBetterNotAllowAbilDeployLaserDrill0">
        <OperandArray value="NotCountUpgradeTakeTheDrillQueuedOrBetter"/>
        <OperandArray value="NotAllowAbilDeployLaserDrill0"/>
    </CRequirementAnd>
    <CRequirementCountBehavior id="CountBehaviorCraneBuiltCompleteOnlyAtUnit">
        <Flags index="TechTreeCheat" value="0"/>
        <Count Link="CraneBuilt" State="CompleteOnlyAtUnit"/>
    </CRequirementCountBehavior>
    <CRequirementCountBehavior id="CountBehaviorDevastatorTurretBuiltCompleteOnlyAtUnit">
        <Flags index="TechTreeCheat" value="0"/>
        <Count Link="DevastatorTurretBuilt" State="CompleteOnlyAtUnit"/>
    </CRequirementCountBehavior>
    <CRequirementCountBehavior id="CountBehaviorMercCompBuiltCompleteOnlyAtUnit">
        <Flags index="TechTreeCheat" value="0"/>
        <Count Link="MercCompBuilt" State="CompleteOnlyAtUnit"/>
    </CRequirementCountBehavior>
    <CRequirementCountBehavior id="CountBehaviorPerditionTurretBuiltCompleteOnlyAtUnit">
        <Flags index="TechTreeCheat" value="0"/>
        <Count Link="PerditionTurretBuilt" State="CompleteOnlyAtUnit"/>
    </CRequirementCountBehavior>
    <CRequirementCountBehavior id="CountBehaviorPsiSightCompleteOnlyAtUnit">
        <Flags index="TechTreeCheat" value="0"/>
        <Count Link="PsiSight" State="CompleteOnlyAtUnit"/>
    </CRequirementCountBehavior>
    <CRequirementCountBehavior id="CountBehaviorSupplyDepotBuiltCompleteOnly">
        <Flags index="TechTreeCheat" value="0"/>
        <Count Link="SupplyDepotBuilt" State="CompleteOnlyAtUnit"/>
    </CRequirementCountBehavior>
    <CRequirementCountBehavior id="CountBehaviorSupplyDropCompleteOnlyAtUnit">
        <Flags index="TechTreeCheat" value="0"/>
        <Count Link="SupplyDrop" State="CompleteOnlyAtUnit"/>
    </CRequirementCountBehavior>
    <CRequirementCountBehavior id="CountBehaviorSupplyDropEnRouteCompleteOnlyAtUnit">
        <Flags index="TechTreeCheat" value="0"/>
        <Count Link="SupplyDropEnRoute" State="CompleteOnlyAtUnit"/>
    </CRequirementCountBehavior>
    <CRequirementCountUnit id="CountUnitAlias_ArmoryCompleteOnly609241497">
        <Flags index="TechTreeCheat" value="0"/>
        <Count Link="Alias_Armory" State="CompleteOnly"/>
    </CRequirementCountUnit>
    <CRequirementCountUnit id="CountUnitAlias_ArmoryCompleteOnly609241497TechTreeCheat">
        <Count Link="Alias_Armory" State="CompleteOnly"/>
    </CRequirementCountUnit>
    <CRequirementCountUnit id="CountUnitAlias_ArmoryInProgressOrBetter609241497TechTreeCheat">
        <Count Link="Alias_Armory" State="InProgressOrBetter"/>
    </CRequirementCountUnit>
    <CRequirementCountUnit id="CountUnitAlias_BarracksCompleteOnly789532539TechTreeCheat">
        <Tooltip value="RequirementNode/Tooltip/CountUnitAlias_BarracksCompleteOnly789532539TechTreeCheat"/>
    </CRequirementCountUnit>
    <CRequirementCountUnit id="CountUnitAlias_BarracksInProgressOrBetter789532539TechTreeCheat">
        <Count Link="Alias_Barracks" State="InProgressOrBetter"/>
    </CRequirementCountUnit>
    <CRequirementCountUnit id="CountUnitAlias_EngineeringBayInProgressOrBetter700323805TechTreeCheat">
        <Count Link="Alias_EngineeringBay" State="InProgressOrBetter"/>
    </CRequirementCountUnit>
    <CRequirementCountUnit id="CountUnitAlias_FactoryInProgressOrBetter96167438TechTreeCheat">
        <Count Link="Alias_Factory" State="InProgressOrBetter"/>
    </CRequirementCountUnit>
    <CRequirementCountUnit id="CountUnitAlias_FusionCoreCompleteOnly3089280483TechTreeCheat">
        <Count Link="Alias_FusionCore" State="CompleteOnly"/>
    </CRequirementCountUnit>
    <CRequirementCountUnit id="CountUnitAlias_RefineryInProgressOrBetter2937904356TechTreeCheat">
        <Count Link="Alias_Refinery" State="InProgressOrBetter"/>
    </CRequirementCountUnit>
    <CRequirementCountUnit id="CountUnitAlias_ShadowOpsCompleteOnly3736050006TechTreeCheat">
        <Count Link="Alias_ShadowOps" State="CompleteOnly"/>
    </CRequirementCountUnit>
    <CRequirementCountUnit id="CountUnitAlias_StarportInProgressOrBetter4195804750TechTreeCheat">
        <Count Link="Alias_Starport" State="InProgressOrBetter"/>
    </CRequirementCountUnit>
    <CRequirementCountUnit id="CountUnitAlias_SupplyDepotInProgressOrBetter3975993912">
        <Flags index="TechTreeCheat" value="0"/>
        <Count Link="Alias_SupplyDepot" State="InProgressOrBetter"/>
    </CRequirementCountUnit>
    <CRequirementCountUnit id="CountUnitAlias_SupplyDepotInProgressOrBetter3975993912TechTreeCheat">
        <Count Link="Alias_SupplyDepot" State="InProgressOrBetter"/>
    </CRequirementCountUnit>
    <CRequirementCountUnit id="CountUnitAlias_TechLabCompleteOnlyAtUnit2589852481TechTreeCheat">
        <Tooltip value="RequirementNode/Tooltip/CountUnitAlias_TechLabCompleteOnlyAtUnit2589852481TechTreeCheat"/>
    </CRequirementCountUnit>
    <CRequirementCountUnit id="CountUnitCraneCompleteOnlyAtUnit">
        <Flags index="TechTreeCheat" value="0"/>
        <Count Link="Crane" State="CompleteOnlyAtUnit"/>
    </CRequirementCountUnit>
    <CRequirementCountUnit id="CountUnitDrakkenLaserDrillQueuedOrBetter">
        <Flags index="TechTreeCheat" value="0"/>
        <Count Link="DrakkenLaserDrill" State="QueuedOrBetter"/>
    </CRequirementCountUnit>
    <CRequirementCountUnit id="CountUnitGhostQueuedOrBetter">
        <Flags index="TechTreeCheat" value="0"/>
        <Tooltip value="RequirementNode/Tooltip/##id##"/>
        <Count Link="Ghost" State="QueuedOrBetter"/>
    </CRequirementCountUnit>
    <CRequirementCountUnit id="CountUnitSpectreQueuedOrBetter">
        <Flags index="TechTreeCheat" value="0"/>
        <Tooltip value="RequirementNode/Tooltip/##id##"/>
        <Count Link="Spectre" State="QueuedOrBetter"/>
    </CRequirementCountUnit>
    <CRequirementCountUpgrade id="CountUpgradeDrillFullPower2QueuedOrBetter">
        <Flags index="TechTreeCheat" value="0"/>
        <Count Link="DrillFullPower2" State="QueuedOrBetter"/>
    </CRequirementCountUpgrade>
    <CRequirementCountUpgrade id="CountUpgradeEnhancedExplosivesQueuedOrBetter">
        <Flags index="TechTreeCheat" value="0"/>
        <Count Link="EnhancedExplosives" State="QueuedOrBetter"/>
    </CRequirementCountUpgrade>
    <CRequirementCountUpgrade id="CountUpgradeHailstormLaunchersCompleteOnly">
        <Flags index="TechTreeCheat" value="0"/>
        <Count Link="HailstormLaunchers" State="CompleteOnly"/>
    </CRequirementCountUpgrade>
    <CRequirementCountUpgrade id="CountUpgradeHailstormLaunchersQueuedOrBetter">
        <Flags index="TechTreeCheat" value="0"/>
        <Count Link="HailstormLaunchers" State="QueuedOrBetter"/>
    </CRequirementCountUpgrade>
    <CRequirementCountUpgrade id="CountUpgradeHellionCampaignInfernalPreIgniterQueuedOrBetter">
        <Flags index="TechTreeCheat" value="0"/>
        <Count Link="HellionCampaignInfernalPreIgniter" State="QueuedOrBetter"/>
    </CRequirementCountUpgrade>
    <CRequirementCountUpgrade id="CountUpgradeHighEnergyCapacitorsQueuedOrBetter">
        <Flags index="TechTreeCheat" value="0"/>
        <Count Link="HighEnergyCapacitors" State="QueuedOrBetter"/>
    </CRequirementCountUpgrade>
    <CRequirementCountUpgrade id="CountUpgradeHydraulicStabilizersCompleteOnly">
        <Flags index="TechTreeCheat" value="0"/>
        <Count Link="HydraulicStabilizers" State="CompleteOnly"/>
    </CRequirementCountUpgrade>
    <CRequirementCountUpgrade id="CountUpgradeHyperflightRotorsQueuedOrBetter">
        <Flags index="TechTreeCheat" value="0"/>
        <Count Link="HyperflightRotors" State="QueuedOrBetter"/>
    </CRequirementCountUpgrade>
    <CRequirementCountUpgrade id="CountUpgradeImprovedPlasmaShieldsCompleteOnly">
        <Flags index="TechTreeCheat" value="0"/>
        <Count Link="ImprovedPlasmaShields" State="CompleteOnly"/>
    </CRequirementCountUpgrade>
    <CRequirementCountUpgrade id="CountUpgradeImprovedPlasmaShieldsQueuedOrBetter">
        <Flags index="TechTreeCheat" value="0"/>
        <Count Link="ImprovedPlasmaShields" State="QueuedOrBetter"/>
    </CRequirementCountUpgrade>
    <CRequirementCountUpgrade id="CountUpgradeImprovedRailgunsQueuedOrBetter">
        <Flags index="TechTreeCheat" value="0"/>
        <Count Link="ImprovedRailguns" State="QueuedOrBetter"/>
    </CRequirementCountUpgrade>
    <CRequirementCountUpgrade id="CountUpgradeLowPowerCompleteOnly">
        <Flags index="TechTreeCheat" value="0"/>
        <Count Link="LowPower" State="CompleteOnly"/>
    </CRequirementCountUpgrade>
    <CRequirementCountUpgrade id="CountUpgradeReaperScannerPackCompleteOnly">
        <Flags index="TechTreeCheat" value="0"/>
        <Count Link="ReaperScannerPack" State="CompleteOnly"/>
    </CRequirementCountUpgrade>
    <CRequirementCountUpgrade id="CountUpgradeReaperScannerPackQueuedOrBetter">
        <Flags index="TechTreeCheat" value="0"/>
        <Count Link="ReaperScannerPack" State="QueuedOrBetter"/>
    </CRequirementCountUpgrade>
    <CRequirementCountUpgrade id="CountUpgradeRegenerativeBioSteelCompleteOnly">
        <Flags index="TechTreeCheat" value="0"/>
        <Count Link="RegenerativeBioSteel" State="CompleteOnly"/>
    </CRequirementCountUpgrade>
    <CRequirementCountUpgrade id="CountUpgradeTakeTheDrillQueuedOrBetter">
        <Flags index="TechTreeCheat" value="0"/>
        <Count Link="TakeTheDrill" State="QueuedOrBetter"/>
    </CRequirementCountUpgrade>
    <CRequirementCountUpgrade id="CountUpgradeTerranBuildingArmorCompleteOnly">
        <Flags index="TechTreeCheat" value="0"/>
        <Count Link="TerranBuildingArmor" State="CompleteOnly"/>
    </CRequirementCountUpgrade>
    <CRequirementCountUpgrade id="CountUpgradeTerranInfantryUltraCapacitorsQueuedOrBetter">
        <Flags index="TechTreeCheat" value="0"/>
        <Count Link="TerranInfantryUltraCapacitors" State="QueuedOrBetter"/>
    </CRequirementCountUpgrade>
    <CRequirementCountUpgrade id="CountUpgradeTerranInfantryVanadiumPlatingQueuedOrBetter">
        <Flags index="TechTreeCheat" value="0"/>
        <Count Link="TerranInfantryVanadiumPlating" State="QueuedOrBetter"/>
    </CRequirementCountUpgrade>
    <CRequirementCountUpgrade id="CountUpgradeTerranShipUltraCapacitorsQueuedOrBetter">
        <Flags index="TechTreeCheat" value="0"/>
        <Count Link="TerranShipUltraCapacitors" State="QueuedOrBetter"/>
    </CRequirementCountUpgrade>
    <CRequirementCountUpgrade id="CountUpgradeTerranShipVanadiumPlatingQueuedOrBetter">
        <Flags index="TechTreeCheat" value="0"/>
        <Count Link="TerranShipVanadiumPlating" State="QueuedOrBetter"/>
    </CRequirementCountUpgrade>
    <CRequirementCountUpgrade id="CountUpgradeTerranVehicleUltraCapacitorsQueuedOrBetter">
        <Flags index="TechTreeCheat" value="0"/>
        <Count Link="TerranVehicleUltraCapacitors" State="QueuedOrBetter"/>
    </CRequirementCountUpgrade>
    <CRequirementCountUpgrade id="CountUpgradeTerranVehicleVanadiumPlatingQueuedOrBetter">
        <Flags index="TechTreeCheat" value="0"/>
        <Count Link="TerranVehicleVanadiumPlating" State="QueuedOrBetter"/>
    </CRequirementCountUpgrade>
    <CRequirementCountUpgrade id="CountUpgradeTitanEnginesQueuedOrBetter">
        <Flags index="TechTreeCheat" value="0"/>
        <Count Link="TitanEngines" State="QueuedOrBetter"/>
    </CRequirementCountUpgrade>
    <CRequirementEq id="EqCountBehaviorCraneBuiltCompleteOnlyAtUnit1">
        <OperandArray index="0" value="CountBehaviorCraneBuiltCompleteOnlyAtUnit"/>
        <OperandArray index="1" value="1"/>
    </CRequirementEq>
    <CRequirementCountBehavior id="CountBehaviorRefineryBuiltCompleteOnly">
        <Flags index="TechTreeCheat" value="0"/>
        <Count Link="RefineryBuilt" State="CompleteOnlyAtUnit"/>
    </CRequirementCountBehavior>
    <CRequirementCountBehavior id="CountBehaviorBarracksBuiltCompleteOnly">
        <Flags index="TechTreeCheat" value="0"/>
        <Count Link="BarracksBuilt" State="CompleteOnlyAtUnit"/>
    </CRequirementCountBehavior>
    <CRequirementCountBehavior id="CountBehaviorEngineeringBayBuiltCompleteOnly">
        <Flags index="TechTreeCheat" value="0"/>
        <Count Link="EngineeringBayBuilt" State="CompleteOnlyAtUnit"/>
    </CRequirementCountBehavior>
    <CRequirementCountBehavior id="CountBehaviorBunkerBuiltCompleteOnly">
        <Flags index="TechTreeCheat" value="0"/>
        <Count Link="BunkerBuilt" State="CompleteOnlyAtUnit"/>
    </CRequirementCountBehavior>
    <CRequirementCountBehavior id="CountBehaviorMissileTurretBuiltCompleteOnly">
        <Flags index="TechTreeCheat" value="0"/>
        <Count Link="MissileTurretBuilt" State="CompleteOnlyAtUnit"/>
    </CRequirementCountBehavior>
    <CRequirementCountBehavior id="CountBehaviorSensorTowerBuiltCompleteOnly">
        <Flags index="TechTreeCheat" value="0"/>
        <Count Link="SensorTowerBuilt" State="CompleteOnlyAtUnit"/>
    </CRequirementCountBehavior>
    <CRequirementCountBehavior id="CountBehaviorGhostAcademyBuiltCompleteOnly">
        <Flags index="TechTreeCheat" value="0"/>
        <Count Link="GhostAcademyBuilt" State="CompleteOnlyAtUnit"/>
    </CRequirementCountBehavior>
    <CRequirementCountBehavior id="CountBehaviorFactoryBuiltCompleteOnly">
        <Flags index="TechTreeCheat" value="0"/>
        <Count Link="FactoryBuilt" State="CompleteOnlyAtUnit"/>
    </CRequirementCountBehavior>
    <CRequirementCountBehavior id="CountBehaviorArmoryBuiltCompleteOnly">
        <Flags index="TechTreeCheat" value="0"/>
        <Count Link="ArmoryBuilt" State="CompleteOnlyAtUnit"/>
    </CRequirementCountBehavior>
    <CRequirementCountBehavior id="CountBehaviorStarportBuiltCompleteOnly">
        <Flags index="TechTreeCheat" value="0"/>
        <Count Link="StarportBuilt" State="CompleteOnlyAtUnit"/>
    </CRequirementCountBehavior>
    <CRequirementCountBehavior id="CountBehaviorFusionCoreBuiltCompleteOnly">
        <Flags index="TechTreeCheat" value="0"/>
        <Count Link="FusionCoreBuilt" State="CompleteOnlyAtUnit"/>
    </CRequirementCountBehavior>
    <CRequirementEq id="EqCountBehaviorMercCompBuiltCompleteOnlyAtUnit1">
        <OperandArray index="0" value="CountBehaviorMercCompBuiltCompleteOnlyAtUnit"/>
        <OperandArray index="1" value="1"/>
    </CRequirementEq>
    <CRequirementEq id="EqCountBehaviorSupplyDepotBuiltCompleteOnly1">
        <OperandArray index="0" value="CountBehaviorSupplyDepotBuiltCompleteOnly"/>
        <OperandArray index="1" value="1"/>
    </CRequirementEq>
    <CRequirementEq id="EqCountBehaviorRefineryBuiltCompleteOnly1">
        <OperandArray index="0" value="CountBehaviorRefineryBuiltCompleteOnly"/>
        <OperandArray index="1" value="1"/>
    </CRequirementEq>
    <CRequirementEq id="EqCountBehaviorBarracksBuiltCompleteOnly1">
        <OperandArray index="0" value="CountBehaviorBarracksBuiltCompleteOnly"/>
        <OperandArray index="1" value="1"/>
    </CRequirementEq>
    <CRequirementEq id="EqCountBehaviorEngineeringBayBuiltCompleteOnly1">
        <OperandArray index="0" value="CountBehaviorEngineeringBayBuiltCompleteOnly"/>
        <OperandArray index="1" value="1"/>
    </CRequirementEq>
    <CRequirementEq id="EqCountBehaviorBunkerBuiltCompleteOnly1">
        <OperandArray index="0" value="CountBehaviorBunkerBuiltCompleteOnly"/>
        <OperandArray index="1" value="1"/>
    </CRequirementEq>
    <CRequirementEq id="EqCountBehaviorMissileTurretBuiltCompleteOnly1">
        <OperandArray index="0" value="CountBehaviorMissileTurretBuiltCompleteOnly"/>
        <OperandArray index="1" value="1"/>
    </CRequirementEq>
    <CRequirementEq id="EqCountBehaviorSensorTowerBuiltCompleteOnly1">
        <OperandArray index="0" value="CountBehaviorSensorTowerBuiltCompleteOnly"/>
        <OperandArray index="1" value="1"/>
    </CRequirementEq>
    <CRequirementEq id="EqCountBehaviorGhostAcademyBuiltCompleteOnly1">
        <OperandArray index="0" value="CountBehaviorGhostAcademyBuiltCompleteOnly"/>
        <OperandArray index="1" value="1"/>
    </CRequirementEq>
    <CRequirementEq id="EqCountBehaviorFactoryBuiltCompleteOnly1">
        <OperandArray index="0" value="CountBehaviorFactoryBuiltCompleteOnly"/>
        <OperandArray index="1" value="1"/>
    </CRequirementEq>
    <CRequirementEq id="EqCountBehaviorArmoryBuiltCompleteOnly1">
        <OperandArray index="0" value="CountBehaviorArmoryBuiltCompleteOnly"/>
        <OperandArray index="1" value="1"/>
    </CRequirementEq>
    <CRequirementEq id="EqCountBehaviorStarportBuiltCompleteOnly1">
        <OperandArray index="0" value="CountBehaviorStarportBuiltCompleteOnly"/>
        <OperandArray index="1" value="1"/>
    </CRequirementEq>
    <CRequirementEq id="EqCountBehaviorFusionCoreBuiltCompleteOnly1">
        <OperandArray index="0" value="CountBehaviorFusionCoreBuiltCompleteOnly"/>
        <OperandArray index="1" value="1"/>
    </CRequirementEq>
    <CRequirementNot id="Not1">
        <OperandArray index="0" value="1"/>
    </CRequirementNot>
    <CRequirementNot id="Not1060723643CountUnitDrakkenLaserDrillQueuedOrBetter">
        <OperandArray index="0" value="CountUnitDrakkenLaserDrillQueuedOrBetter"/>
    </CRequirementNot>
    <CRequirementNot id="Not1584299796CountUnitGhostQueuedOrBetter">
        <OperandArray index="0" value="CountUnitGhostQueuedOrBetter"/>
    </CRequirementNot>
    <CRequirementNot id="Not1584299796CountUnitSpectreQueuedOrBetter">
        <OperandArray index="0" value="CountUnitSpectreQueuedOrBetter"/>
    </CRequirementNot>
    <CRequirementNot id="NotAllowAbilDeployLaserDrill0">
        <OperandArray index="0" value="AllowAbilDeployLaserDrill0"/>
    </CRequirementNot>
    <CRequirementNot id="NotCountUnitCraneCompleteOnlyAtUnit">
        <OperandArray index="0" value="CountUnitCraneCompleteOnlyAtUnit"/>
    </CRequirementNot>
    <CRequirementNot id="NotCountUpgradeDrillFullPower2QueuedOrBetter">
        <OperandArray index="0" value="CountUpgradeDrillFullPower2QueuedOrBetter"/>
    </CRequirementNot>
    <CRequirementNot id="NotCountUpgradeEnhancedExplosivesQueuedOrBetter">
        <OperandArray index="0" value="CountUpgradeEnhancedExplosivesQueuedOrBetter"/>
    </CRequirementNot>
    <CRequirementNot id="NotCountUpgradeHailstormLaunchersQueuedOrBetter">
        <OperandArray index="0" value="CountUpgradeHailstormLaunchersQueuedOrBetter"/>
    </CRequirementNot>
    <CRequirementNot id="NotCountUpgradeHellionCampaignInfernalPreIgniterQueuedOrBetter">
        <OperandArray index="0" value="CountUpgradeHellionCampaignInfernalPreIgniterQueuedOrBetter"/>
    </CRequirementNot>
    <CRequirementNot id="NotCountUpgradeHighEnergyCapacitorsQueuedOrBetter">
        <OperandArray index="0" value="CountUpgradeHighEnergyCapacitorsQueuedOrBetter"/>
    </CRequirementNot>
    <CRequirementNot id="NotCountUpgradeHyperflightRotorsQueuedOrBetter">
        <OperandArray index="0" value="CountUpgradeHyperflightRotorsQueuedOrBetter"/>
    </CRequirementNot>
    <CRequirementNot id="NotCountUpgradeImprovedPlasmaShieldsQueuedOrBetter">
        <OperandArray index="0" value="CountUpgradeImprovedPlasmaShieldsQueuedOrBetter"/>
    </CRequirementNot>
    <CRequirementNot id="NotCountUpgradeImprovedRailgunsQueuedOrBetter">
        <OperandArray index="0" value="CountUpgradeImprovedRailgunsQueuedOrBetter"/>
    </CRequirementNot>
    <CRequirementNot id="NotCountUpgradeLowPowerCompleteOnly">
        <OperandArray index="0" value="CountUpgradeLowPowerCompleteOnly"/>
    </CRequirementNot>
    <CRequirementNot id="NotCountUpgradeReaperScannerPackQueuedOrBetter">
        <OperandArray index="0" value="CountUpgradeReaperScannerPackQueuedOrBetter"/>
    </CRequirementNot>
    <CRequirementNot id="NotCountUpgradeTakeTheDrillQueuedOrBetter">
        <OperandArray index="0" value="CountUpgradeTakeTheDrillQueuedOrBetter"/>
    </CRequirementNot>
    <CRequirementNot id="NotCountUpgradeTerranBuildingArmorCompleteOnly">
        <OperandArray index="0" value="CountUpgradeTerranBuildingArmorCompleteOnly"/>
    </CRequirementNot>
    <CRequirementNot id="NotCountUpgradeTerranInfantryUltraCapacitorsQueuedOrBetter">
        <OperandArray index="0" value="CountUpgradeTerranInfantryUltraCapacitorsQueuedOrBetter"/>
    </CRequirementNot>
    <CRequirementNot id="NotCountUpgradeTerranInfantryVanadiumPlatingQueuedOrBetter">
        <OperandArray index="0" value="CountUpgradeTerranInfantryVanadiumPlatingQueuedOrBetter"/>
    </CRequirementNot>
    <CRequirementNot id="NotCountUpgradeTerranShipUltraCapacitorsQueuedOrBetter">
        <OperandArray index="0" value="CountUpgradeTerranShipUltraCapacitorsQueuedOrBetter"/>
    </CRequirementNot>
    <CRequirementNot id="NotCountUpgradeTerranShipVanadiumPlatingQueuedOrBetter">
        <OperandArray index="0" value="CountUpgradeTerranShipVanadiumPlatingQueuedOrBetter"/>
    </CRequirementNot>
    <CRequirementNot id="NotCountUpgradeTerranVehicleUltraCapacitorsQueuedOrBetter">
        <OperandArray index="0" value="CountUpgradeTerranVehicleUltraCapacitorsQueuedOrBetter"/>
    </CRequirementNot>
    <CRequirementNot id="NotCountUpgradeTerranVehicleVanadiumPlatingQueuedOrBetter">
        <OperandArray index="0" value="CountUpgradeTerranVehicleVanadiumPlatingQueuedOrBetter"/>
    </CRequirementNot>
    <CRequirementNot id="NotCountUpgradeTitanEnginesQueuedOrBetter">
        <OperandArray index="0" value="CountUpgradeTitanEnginesQueuedOrBetter"/>
    </CRequirementNot>
    <CRequirementNot id="NotOrCountBehaviorSupplyDropCompleteOnlyAtUnitCountBehaviorSupplyDropEnRouteCompleteOnlyAtUnit">
        <OperandArray index="0" value="OrCountBehaviorSupplyDropCompleteOnlyAtUnitCountBehaviorSupplyDropEnRouteCompleteOnlyAtUnit"/>
    </CRequirementNot>
    <CRequirementOr id="OrCountBehaviorSupplyDropCompleteOnlyAtUnitCountBehaviorSupplyDropEnRouteCompleteOnlyAtUnit">
        <OperandArray value="CountBehaviorSupplyDropCompleteOnlyAtUnit"/>
        <OperandArray value="CountBehaviorSupplyDropEnRouteCompleteOnlyAtUnit"/>
    </CRequirementOr>
    <CRequirementOr id="OrCountUpgradeHireHelsAngelsPHCompleteOnlyCountUpgradeHireDuskWingPHCompleteOnlyCountUpgradeHireDukesRevengeCompleteOnly">
        <OperandArray value="CountUpgradeHireHelsAngelsPHCompleteOnly"/>
        <OperandArray value="CountUpgradeHireDuskWingPHCompleteOnly"/>
        <OperandArray value="CountUpgradeHireDukesRevengeCompleteOnly"/>
    </CRequirementOr>
    <CRequirementOr id="OrCountUpgradeHireSpartanCompanyPHCompleteOnlyCountUpgradeHireSiegeBreakersPHCompleteOnly">
        <OperandArray value="CountUpgradeHireSpartanCompanyPHCompleteOnly"/>
        <OperandArray value="CountUpgradeHireSiegeBreakersPHCompleteOnly"/>
    </CRequirementOr>
</Catalog>
