<?xml version="1.0" encoding="utf-8"?>
<Catalog>
    <CRequirement id="CanBuildSupplyDepot">
        <NodeArray index="Show" Link="LTCountBehaviorSupplyDepotBuiltCompleteOnly1"/>
    </CRequirement>
    <CRequirement id="CanBuildRefinery">
        <NodeArray index="Show" Link="LTCountBehaviorRefineryBuiltCompleteOnly1"/>
    </CRequirement>
    <CRequirement id="CanBuildBarracks">
        <NodeArray index="Show" Link="LTCountBehaviorBarracksBuiltCompleteOnly1"/>
    </CRequirement>
    <CRequirement id="CanBuildEngineeringBay">
        <NodeArray index="Show" Link="LTCountBehaviorEngineeringBayBuiltCompleteOnly1"/>
    </CRequirement>
    <CRequirement id="CanBuildBunker">
        <NodeArray index="Show" Link="LTCountBehaviorBunkerBuiltCompleteOnly1"/>
    </CRequirement>
    <CRequirement id="CanBuildMissileTurret">
        <NodeArray index="Show" Link="LTCountBehaviorMissileTurretBuiltCompleteOnly1"/>
    </CRequirement>
    <CRequirement id="CanBuildSensorTower">
        <NodeArray index="Show" Link="LTCountBehaviorSensorTowerBuiltCompleteOnly1"/>
    </CRequirement>
    <CRequirement id="CanBuildGhostAcademy">
        <NodeArray index="Show" Link="LTCountBehaviorGhostAcademyBuiltCompleteOnly1"/>
    </CRequirement>
    <CRequirement id="CanBuildFactory">
        <NodeArray index="Show" Link="LTCountBehaviorFactoryBuiltCompleteOnly1"/>
    </CRequirement>
    <CRequirement id="CanBuildArmory">
        <NodeArray index="Show" Link="LTCountBehaviorArmoryBuiltCompleteOnly1"/>
    </CRequirement>
    <CRequirement id="CanBuildStarport">
        <NodeArray index="Show" Link="LTCountBehaviorStarportBuiltCompleteOnly1"/>
    </CRequirement>
    <CRequirement id="CanBuildFusionCore">
        <NodeArray index="Show" Link="LTCountBehaviorFusionCoreBuiltCompleteOnly1"/>
    </CRequirement>
    <CRequirement id="HasBiosteel">
        <NodeArray index="Show" Link="CountUpgradeRegenerativeBioSteelCompleteOnly"/>
    </CRequirement>
    <CRequirement id="HasBuiltCrane">
        <NodeArray index="Show" Link="EqCountBehaviorCraneBuiltCompleteOnlyAtUnit1"/>
    </CRequirement>
    <CRequirement id="HasBuiltDevastatorTurret">
        <NodeArray index="Show" Link="CountBehaviorDevastatorTurretBuiltCompleteOnlyAtUnit"/>
    </CRequirement>
    <CRequirement id="HasBuiltPerditionTurret">
        <NodeArray index="Show" Link="CountBehaviorPerditionTurretBuiltCompleteOnlyAtUnit"/>
    </CRequirement>
    <CRequirement id="HasBuiltSupplyDepot">
        <NodeArray index="Show" Link="EqCountBehaviorSupplyDepotBuiltCompleteOnly1"/>
    </CRequirement>
    <CRequirement id="HasBuiltRefinery">
        <NodeArray index="Show" Link="EqCountBehaviorRefineryBuiltCompleteOnly1"/>
    </CRequirement>
    <CRequirement id="HasBuiltBarracks">
        <NodeArray index="Show" Link="EqCountBehaviorBarracksBuiltCompleteOnly1"/>
    </CRequirement>
    <CRequirement id="HasBuiltEngineeringBay">
        <NodeArray index="Show" Link="EqCountBehaviorEngineeringBayBuiltCompleteOnly1"/>
    </CRequirement>
    <CRequirement id="HasBuiltBunker">
        <NodeArray index="Show" Link="EqCountBehaviorBunkerBuiltCompleteOnly1"/>
    </CRequirement>
    <CRequirement id="HasBuiltMissileTurret">
        <NodeArray index="Show" Link="EqCountBehaviorMissileTurretBuiltCompleteOnly1"/>
    </CRequirement>
    <CRequirement id="HasBuiltSensorTower">
        <NodeArray index="Show" Link="EqCountBehaviorSensorTowerBuiltCompleteOnly1"/>
    </CRequirement>
    <CRequirement id="HasBuiltGhostAcademy">
        <NodeArray index="Show" Link="EqCountBehaviorGhostAcademyBuiltCompleteOnly1"/>
    </CRequirement>
    <CRequirement id="HasBuiltFactory">
        <NodeArray index="Show" Link="EqCountBehaviorFactoryBuiltCompleteOnly1"/>
    </CRequirement>
    <CRequirement id="HasBuiltArmory">
        <NodeArray index="Show" Link="EqCountBehaviorArmoryBuiltCompleteOnly1"/>
    </CRequirement>
    <CRequirement id="HasBuiltStarport">
        <NodeArray index="Show" Link="EqCountBehaviorStarportBuiltCompleteOnly1"/>
    </CRequirement>
    <CRequirement id="HasBuiltFusionCore">
        <NodeArray index="Show" Link="EqCountBehaviorFusionCoreBuiltCompleteOnly1"/>
    </CRequirement>
    <CRequirement id="HasForgottenParaphernalia">
        <NodeArray index="Show" Link="CountBehaviorPsiSightCompleteOnlyAtUnit"/>
    </CRequirement>
    <CRequirement id="HasHailstormLaunchers">
        <NodeArray index="Use" Link="CountUpgradeHailstormLaunchersCompleteOnly"/>
    </CRequirement>
    <CRequirement id="HasImprovedPlasmaShields">
        <NodeArray index="Use" Link="CountUpgradeImprovedPlasmaShieldsCompleteOnly"/>
    </CRequirement>
    <CRequirement id="HasNotTakenDrill">
        <NodeArray index="Show" Link="NotCountUpgradeTakeTheDrillQueuedOrBetter"/>
    </CRequirement>
    <CRequirement id="HaveFusionCore">
        <EditorCategories value="Race:Terran,TechType:Unit"/>
        <NodeArray index="Use" Link="CountUnitAlias_FusionCoreCompleteOnly3089280483TechTreeCheat"/>
    </CRequirement>
    <CRequirement id="IsPlayer"/>
    <CRequirement id="LearnBattlecruiserTitanEngines">
        <EditorCategories value="Race:Terran,TechType:Upgrade"/>
        <NodeArray index="Show" Link="NotCountUpgradeTitanEnginesQueuedOrBetter"/>
    </CRequirement>
    <CRequirement id="LearnEnhancedExplosives">
        <NodeArray index="Show" Link="NotCountUpgradeEnhancedExplosivesQueuedOrBetter"/>
    </CRequirement>
    <CRequirement id="LearnHailstormLaunchers">
        <NodeArray index="Show" Link="NotCountUpgradeHailstormLaunchersQueuedOrBetter"/>
    </CRequirement>
    <CRequirement id="HaveArmory">
        <NodeArray index="Use" Link="CountUnitAlias_ArmoryInProgressOrBetter609241497TechTreeCheat"/>
    </CRequirement>
    <CRequirement id="HaveArmoryAndAttachedTechLab">
        <NodeArray index="Use" Link="AndCountUnitFactoryTechLabCompleteOnlyAtUnit2589852481TechTreeCheatCountUnitAlias_ArmoryInProgressOrBetter609241497TechTreeCheat"/>
    </CRequirement>
    <CRequirement id="HaveArmoryAndAttachedTechLabOrAttachedTechReactor">
        <NodeArray index="Use" Link="AndCountUnitAlias_TechLabCompleteOnlyAtUnit2589852481TechTreeCheatCountUnitAlias_ArmoryInProgressOrBetter609241497TechTreeCheat"/>
    </CRequirement>
    <CRequirement id="HaveAttachedBarrTechLabAndShadowOps">
        <NodeArray index="Use" Link="AndCountUnitAlias_ShadowOpsCompleteOnly3736050006TechTreeCheatCountUnitAlias_ArmoryCompleteOnly609241497Not1584299796CountUnitAlias_GhostQueuedOrBetter"/>
    </CRequirement>
    <CRequirement id="HaveAttachedBarrTechLabOrAttachedTechReactorAndShadowOps">
        <NodeArray index="Use" Link="AndCountUnitAlias_TechLabCompleteOnlyAtUnit2589852481TechTreeCheatCountUnitAlias_ShadowOpsCompleteOnly3736050006TechTreeCheat"/>
    </CRequirement>
    <CRequirement id="HaveAttachedStarportTechLabAndFusionCore">
        <NodeArray index="Use" Link="AndCountUnitAlias_TechLabCompleteOnlyAtUnit2589852481TechTreeCheatCountUnitAlias_ArmoryCompleteOnly609241497TechTreeCheat"/>
    </CRequirement>
    <CRequirement id="HaveBarracks">
        <NodeArray index="Use" Link="CountUnitAlias_BarracksInProgressOrBetter789532539TechTreeCheat"/>
    </CRequirement>
    <CRequirement id="HaveEngineeringBay">
        <NodeArray index="Use" Link="CountUnitAlias_EngineeringBayInProgressOrBetter700323805TechTreeCheat"/>
    </CRequirement>
    <CRequirement id="HaveFactory">
        <NodeArray index="Use" Link="CountUnitAlias_FactoryInProgressOrBetter96167438TechTreeCheat"/>
    </CRequirement>
    <CRequirement id="HaveRefandSupplyDepot">
        <EditorCategories value="TechType:Unit"/>
        <NodeArray index="Use" Link="AndCountUnitAlias_SupplyDepotInProgressOrBetter3975993912TechTreeCheatCountUnitAlias_RefineryInProgressOrBetter2937904356TechTreeCheat"/>
    </CRequirement>
    <CRequirement id="HaveShadowOps">
        <NodeArray index="Use" Link="CountUnitAlias_ShadowOpsCompleteOnly3736050006TechTreeCheat"/>
    </CRequirement>
    <CRequirement id="HaveStarport">
        <NodeArray index="Use" Link="CountUnitAlias_StarportInProgressOrBetter4195804750TechTreeCheat"/>
    </CRequirement>
    <CRequirement id="HaveSupplyDepot">
        <EditorCategories value="TechType:Unit"/>
        <NodeArray index="Use" Link="CountUnitAlias_SupplyDepotInProgressOrBetter3975993912"/>
    </CRequirement>
    <CRequirement id="IsNotCrane">
        <NodeArray index="Show" Link="NotCountUnitCraneCompleteOnlyAtUnit"/>
    </CRequirement>
    <CRequirement id="LearnHighEnergyCapacitors">
        <NodeArray index="Show" Link="NotCountUpgradeHighEnergyCapacitorsQueuedOrBetter"/>
    </CRequirement>
    <CRequirement id="LearnHyperflightRotors">
        <NodeArray index="Show" Link="NotCountUpgradeHyperflightRotorsQueuedOrBetter"/>
    </CRequirement>
    <CRequirement id="LearnImprovedPlasmaShields">
        <NodeArray index="Show" Link="AndNotCountUpgradeImprovedPlasmaShieldsQueuedOrBetterCountUpgradeTechReactorCompleteOnly"/>
    </CRequirement>
    <CRequirement id="LearnImprovedRailguns">
        <NodeArray index="Show" Link="NotCountUpgradeImprovedRailgunsQueuedOrBetter"/>
    </CRequirement>
    <CRequirement id="LearnThermiteFilamints">
        <EditorCategories value="Race:Protoss,TechType:Ability"/>
        <NodeArray index="Show" Link="NotCountUpgradeHellionCampaignInfernalPreIgniterQueuedOrBetter"/>
    </CRequirement>
    <CRequirement id="LearnInfantryUltraCaps">
        <NodeArray index="Show" Link="NotCountUpgradeTerranInfantryUltraCapacitorsQueuedOrBetter"/>
    </CRequirement>
    <CRequirement id="LearnVehicleUltraCaps">
        <NodeArray index="Show" Link="NotCountUpgradeTerranVehicleUltraCapacitorsQueuedOrBetter"/>
    </CRequirement>
    <CRequirement id="LearnInfantryVanadium">
        <NodeArray index="Show" Link="NotCountUpgradeTerranInfantryVanadiumPlatingQueuedOrBetter"/>
    </CRequirement>
    <CRequirement id="LearnStarshipUltraCaps">
        <NodeArray index="Show" Link="NotCountUpgradeTerranShipUltraCapacitorsQueuedOrBetter"/>
    </CRequirement>
    <CRequirement id="LearnVehicleVanadium">
        <NodeArray index="Show" Link="NotCountUpgradeTerranVehicleVanadiumPlatingQueuedOrBetter"/>
    </CRequirement>
    <CRequirement id="LearnStarshipVanadium">
        <NodeArray index="Show" Link="NotCountUpgradeTerranShipVanadiumPlatingQueuedOrBetter"/>
    </CRequirement>
    <CRequirement id="PlayerHasPower">
        <EditorCategories value="Race:Neutral"/>
        <NodeArray index="Show" Link="NotCountUpgradeLowPowerCompleteOnly"/>
    </CRequirement>
    <CRequirement id="StaticDefBarracks">
        <NodeArray index="Use" Link="CountUnitAlias_BarracksInProgressOrBetter789532539TechTreeCheat"/>
    </CRequirement>
    <CRequirement id="StaticDefEngineeringBay">
        <NodeArray index="Use" Link="CountUnitAlias_EngineeringBayInProgressOrBetter700323805TechTreeCheat"/>
    </CRequirement>
    <CRequirement id="SupplyDepotUpgrade">
        <NodeArray index="Use" Link="CountUnitAlias_EngineeringBayInProgressOrBetter700323805TechTreeCheat"/>
        <NodeArray index="Show" Link="NotOrCountBehaviorSupplyDropCompleteOnlyAtUnitCountBehaviorSupplyDropEnRouteCompleteOnlyAtUnit"/>
    </CRequirement>
    <CRequirement id="TriLithiumResearched">
        <EditorCategories value="Race:Terran"/>
        <NodeArray index="Use" Link="CountUpgradeTriLithiumPowerCellsCompleteOnly"/>
    </CRequirement>
    <CRequirement id="DoesnothaveLaserDrill">
        <NodeArray index="Use" Link="Not1060723643CountUnitDrakkenLaserDrillQueuedOrBetter"/>
    </CRequirement>
    <CRequirement id="UseReaperScannerPack">
        <NodeArray index="Show" Link="CountUpgradeReaperScannerPackCompleteOnly"/>
    </CRequirement>
    <CRequirement id="LearnReaperScannerPack">
        <NodeArray index="Show" Link="NotCountUpgradeReaperScannerPackQueuedOrBetter"/>
    </CRequirement>
</Catalog>
