<?xml version="1.0" encoding="utf-8"?>
<Catalog>
    <CSkin id="DominionMercs">
        <ReplacementArray Catalog="Model" From="HammerSecurity" To="MarauderMengsk"/>
        <ReplacementArray Catalog="Model" From="MarauderMercenaryDeath" To="MarauderMengskDeath"/>
        <ReplacementArray Catalog="Model" From="SiegeBreaker" To="SiegeTank_Mengsk_COOP"/>
        <ReplacementArray Catalog="Model" From="SiegeBreakerDeath" To="SiegeTank_Mengsk_COOP_Death"/>
        <ReplacementArray Catalog="Model" From="SiegeBreakerSieged" To="SiegeTank_Mengsk_COOP_Sieged"/>
        <ReplacementArray Catalog="Model" From="SiegeBreakerSiegedMorph" To="SiegeTank_Mengsk_COOP_Morph"/>
        <ReplacementArray Catalog="Model" From="SiegeBreakerSiegedDeath" To="SiegeTankMengskSiegedDeath"/>
        <ReplacementArray Catalog="Model" From="HelsAngelAssault" To="VikingMengskAssault"/>
        <ReplacementArray Catalog="Model" From="HelsAngelFighter" To="VikingMengskFighter"/>
        <ReplacementArray Catalog="Model" From="WreckingCrewAssaultDeath" To="VikingMengskAssaultDeath"/>
        <ReplacementArray Catalog="Model" From="WreckingCrewFighterDeath" To="VikingMengskFighterDeath"/>
        <ReplacementArray Catalog="Model" From="WreckingCrewMorph" To="VikingMengskMorph"/>
        <ReplacementArray Catalog="Model" From="DukesRevenge" To="BattlecruiserMengsk"/>
        <ReplacementArray Catalog="Model" From="DukesRevengeDeath" To="BattlecruiserMengskDeath"/>
    </CSkin>
    <!--
Find: ^'([a-zA-Z]+)(..?)
Replace: \t<CSkin id="\13">\r\n\t\t<ReplacementArray Catalog="Button" From="\1\2" To="\13"/>\r\n\t</CSkin>\r\n\t<CSkin id="\14">\r\n\t\t<ReplacementArray Catalog="Button" From="\1\2" To="\14"/>\r\n\t</CSkin>\r\n\t<CSkin id="\15">\r\n\t\t<ReplacementArray Catalog="Button" From="\1\2" To="\15"/>\r\n\t</CSkin>\r\n\t<CSkin id="\16">\r\n\t\t<ReplacementArray Catalog="Button" From="\1\2" To="\16"/>\r\n\t</CSkin>\r\n\t<CSkin id="\17">\r\n\t\t<ReplacementArray Catalog="Button" From="\1\2" To="\17"/>\r\n\t</CSkin>\r\n\t<CSkin id="\18">\r\n\t\t<ReplacementArray Catalog="Button" From="\1\2" To="\18"/>\r\n\t</CSkin>\r\n\t<CSkin id="\19">\r\n\t\t<ReplacementArray Catalog="Button" From="\1\2" To="\19"/>\r\n\t</CSkin>\r\n\t<CSkin id="\110">\r\n\t\t<ReplacementArray Catalog="Button" From="\1\2" To="\110"/>\r\n\t</CSkin>\r\n\t<CSkin id="\111">\r\n\t\t<ReplacementArray Catalog="Button" From="\1\2" To="\111"/>\r\n\t</CSkin>\r\n\t<CSkin id="\112">\r\n\t\t<ReplacementArray Catalog="Button" From="\1\2" To="\112"/>\r\n\t</CSkin>\r\n\t<CSkin id="\113">\r\n\t\t<ReplacementArray Catalog="Button" From="\1\2" To="\113"/>\r\n\t</CSkin>\r\n\t<CSkin id="\114">\r\n\t\t<ReplacementArray Catalog="Button" From="\1\2" To="\114"/>\r\n\t</CSkin>
-->
    <CSkin id="HyperionYamato3">
        <ReplacementArray Catalog="Button" From="HyperionYamato5" To="HyperionYamato3"/>
    </CSkin>
    <CSkin id="HyperionYamato4">
        <ReplacementArray Catalog="Button" From="HyperionYamato5" To="HyperionYamato4"/>
    </CSkin>
    <CSkin id="HyperionYamato5">
        <ReplacementArray Catalog="Button" From="HyperionYamato5" To="HyperionYamato5"/>
    </CSkin>
    <CSkin id="HyperionYamato6">
        <ReplacementArray Catalog="Button" From="HyperionYamato5" To="HyperionYamato6"/>
    </CSkin>
    <CSkin id="HyperionYamato7">
        <ReplacementArray Catalog="Button" From="HyperionYamato5" To="HyperionYamato7"/>
    </CSkin>
    <CSkin id="HyperionYamato8">
        <ReplacementArray Catalog="Button" From="HyperionYamato5" To="HyperionYamato8"/>
    </CSkin>
    <CSkin id="HyperionYamato9">
        <ReplacementArray Catalog="Button" From="HyperionYamato5" To="HyperionYamato9"/>
    </CSkin>
    <CSkin id="HyperionYamato10">
        <ReplacementArray Catalog="Button" From="HyperionYamato5" To="HyperionYamato10"/>
    </CSkin>
    <CSkin id="HyperionYamato11">
        <ReplacementArray Catalog="Button" From="HyperionYamato5" To="HyperionYamato11"/>
    </CSkin>
    <CSkin id="HyperionYamato12">
        <ReplacementArray Catalog="Button" From="HyperionYamato5" To="HyperionYamato12"/>
    </CSkin>
    <CSkin id="HyperionYamato13">
        <ReplacementArray Catalog="Button" From="HyperionYamato5" To="HyperionYamato13"/>
    </CSkin>
    <CSkin id="HyperionYamato14">
        <ReplacementArray Catalog="Button" From="HyperionYamato5" To="HyperionYamato14"/>
    </CSkin>
    <CSkin id="InfantryMercenaries3">
        <ReplacementArray Catalog="Button" From="InfantryMercenaries3" To="InfantryMercenaries3"/>
    </CSkin>
    <CSkin id="InfantryMercenaries4">
        <ReplacementArray Catalog="Button" From="InfantryMercenaries3" To="InfantryMercenaries4"/>
    </CSkin>
    <CSkin id="InfantryMercenaries5">
        <ReplacementArray Catalog="Button" From="InfantryMercenaries3" To="InfantryMercenaries5"/>
    </CSkin>
    <CSkin id="InfantryMercenaries6">
        <ReplacementArray Catalog="Button" From="InfantryMercenaries3" To="InfantryMercenaries6"/>
    </CSkin>
    <CSkin id="InfantryMercenaries7">
        <ReplacementArray Catalog="Button" From="InfantryMercenaries3" To="InfantryMercenaries7"/>
    </CSkin>
    <CSkin id="InfantryMercenaries8">
        <ReplacementArray Catalog="Button" From="InfantryMercenaries3" To="InfantryMercenaries8"/>
    </CSkin>
    <CSkin id="InfantryMercenaries9">
        <ReplacementArray Catalog="Button" From="InfantryMercenaries3" To="InfantryMercenaries9"/>
    </CSkin>
    <CSkin id="InfantryMercenaries10">
        <ReplacementArray Catalog="Button" From="InfantryMercenaries3" To="InfantryMercenaries10"/>
    </CSkin>
    <CSkin id="InfantryMercenaries11">
        <ReplacementArray Catalog="Button" From="InfantryMercenaries3" To="InfantryMercenaries11"/>
    </CSkin>
    <CSkin id="InfantryMercenaries12">
        <ReplacementArray Catalog="Button" From="InfantryMercenaries3" To="InfantryMercenaries12"/>
    </CSkin>
    <CSkin id="InfantryMercenaries13">
        <ReplacementArray Catalog="Button" From="InfantryMercenaries3" To="InfantryMercenaries13"/>
    </CSkin>
    <CSkin id="InfantryMercenaries14">
        <ReplacementArray Catalog="Button" From="InfantryMercenaries3" To="InfantryMercenaries14"/>
    </CSkin>
    <CSkin id="DeployLaserDrill3">
        <ReplacementArray Catalog="Button" From="DeployLaserDrill6" To="DeployLaserDrill3"/>
    </CSkin>
    <CSkin id="DeployLaserDrill4">
        <ReplacementArray Catalog="Button" From="DeployLaserDrill6" To="DeployLaserDrill4"/>
    </CSkin>
    <CSkin id="DeployLaserDrill5">
        <ReplacementArray Catalog="Button" From="DeployLaserDrill6" To="DeployLaserDrill5"/>
    </CSkin>
    <CSkin id="DeployLaserDrill6">
        <ReplacementArray Catalog="Button" From="DeployLaserDrill6" To="DeployLaserDrill6"/>
    </CSkin>
    <CSkin id="DeployLaserDrill7">
        <ReplacementArray Catalog="Button" From="DeployLaserDrill6" To="DeployLaserDrill7"/>
    </CSkin>
    <CSkin id="DeployLaserDrill8">
        <ReplacementArray Catalog="Button" From="DeployLaserDrill6" To="DeployLaserDrill8"/>
    </CSkin>
    <CSkin id="DeployLaserDrill9">
        <ReplacementArray Catalog="Button" From="DeployLaserDrill6" To="DeployLaserDrill9"/>
    </CSkin>
    <CSkin id="DeployLaserDrill10">
        <ReplacementArray Catalog="Button" From="DeployLaserDrill6" To="DeployLaserDrill10"/>
    </CSkin>
    <CSkin id="DeployLaserDrill11">
        <ReplacementArray Catalog="Button" From="DeployLaserDrill6" To="DeployLaserDrill11"/>
    </CSkin>
    <CSkin id="DeployLaserDrill12">
        <ReplacementArray Catalog="Button" From="DeployLaserDrill6" To="DeployLaserDrill12"/>
    </CSkin>
    <CSkin id="DeployLaserDrill13">
        <ReplacementArray Catalog="Button" From="DeployLaserDrill6" To="DeployLaserDrill13"/>
    </CSkin>
    <CSkin id="DeployLaserDrill14">
        <ReplacementArray Catalog="Button" From="DeployLaserDrill6" To="DeployLaserDrill14"/>
    </CSkin>
	<CSkin id="PsiDisruptor3">
		<ReplacementArray Catalog="Button" From="PsiDisruptor3" To="PsiDisruptor3"/>
	</CSkin>
	<CSkin id="PsiDisruptor4">
		<ReplacementArray Catalog="Button" From="PsiDisruptor3" To="PsiDisruptor4"/>
	</CSkin>
	<CSkin id="PsiDisruptor5">
		<ReplacementArray Catalog="Button" From="PsiDisruptor3" To="PsiDisruptor5"/>
	</CSkin>
	<CSkin id="PsiDisruptor6">
		<ReplacementArray Catalog="Button" From="PsiDisruptor3" To="PsiDisruptor6"/>
	</CSkin>
	<CSkin id="PsiDisruptor7">
		<ReplacementArray Catalog="Button" From="PsiDisruptor3" To="PsiDisruptor7"/>
	</CSkin>
	<CSkin id="PsiDisruptor8">
		<ReplacementArray Catalog="Button" From="PsiDisruptor3" To="PsiDisruptor8"/>
	</CSkin>
	<CSkin id="PsiDisruptor9">
		<ReplacementArray Catalog="Button" From="PsiDisruptor3" To="PsiDisruptor9"/>
	</CSkin>
	<CSkin id="PsiDisruptor10">
		<ReplacementArray Catalog="Button" From="PsiDisruptor3" To="PsiDisruptor10"/>
	</CSkin>
	<CSkin id="PsiDisruptor11">
		<ReplacementArray Catalog="Button" From="PsiDisruptor3" To="PsiDisruptor11"/>
	</CSkin>
	<CSkin id="PsiDisruptor12">
		<ReplacementArray Catalog="Button" From="PsiDisruptor3" To="PsiDisruptor12"/>
	</CSkin>
	<CSkin id="PsiDisruptor13">
		<ReplacementArray Catalog="Button" From="PsiDisruptor3" To="PsiDisruptor13"/>
	</CSkin>
	<CSkin id="PsiDisruptor14">
		<ReplacementArray Catalog="Button" From="PsiDisruptor3" To="PsiDisruptor14"/>
	</CSkin>
    <CSkin id="TacticalMissileStrike3">
        <ReplacementArray Catalog="Button" From="TacticalMissileStrike9" To="TacticalMissileStrike3"/>
    </CSkin>
    <CSkin id="TacticalMissileStrike4">
        <ReplacementArray Catalog="Button" From="TacticalMissileStrike9" To="TacticalMissileStrike4"/>
    </CSkin>
    <CSkin id="TacticalMissileStrike5">
        <ReplacementArray Catalog="Button" From="TacticalMissileStrike9" To="TacticalMissileStrike5"/>
    </CSkin>
    <CSkin id="TacticalMissileStrike6">
        <ReplacementArray Catalog="Button" From="TacticalMissileStrike9" To="TacticalMissileStrike6"/>
    </CSkin>
    <CSkin id="TacticalMissileStrike7">
        <ReplacementArray Catalog="Button" From="TacticalMissileStrike9" To="TacticalMissileStrike7"/>
    </CSkin>
    <CSkin id="TacticalMissileStrike8">
        <ReplacementArray Catalog="Button" From="TacticalMissileStrike9" To="TacticalMissileStrike8"/>
    </CSkin>
    <CSkin id="TacticalMissileStrike9">
        <ReplacementArray Catalog="Button" From="TacticalMissileStrike9" To="TacticalMissileStrike9"/>
    </CSkin>
    <CSkin id="TacticalMissileStrike10">
        <ReplacementArray Catalog="Button" From="TacticalMissileStrike9" To="TacticalMissileStrike10"/>
    </CSkin>
    <CSkin id="TacticalMissileStrike11">
        <ReplacementArray Catalog="Button" From="TacticalMissileStrike9" To="TacticalMissileStrike11"/>
    </CSkin>
    <CSkin id="TacticalMissileStrike12">
        <ReplacementArray Catalog="Button" From="TacticalMissileStrike9" To="TacticalMissileStrike12"/>
    </CSkin>
    <CSkin id="TacticalMissileStrike13">
        <ReplacementArray Catalog="Button" From="TacticalMissileStrike9" To="TacticalMissileStrike13"/>
    </CSkin>
    <CSkin id="TacticalMissileStrike14">
        <ReplacementArray Catalog="Button" From="TacticalMissileStrike9" To="TacticalMissileStrike14"/>
    </CSkin>
    <CSkin id="VehicleMercenaries3">
        <ReplacementArray Catalog="Button" From="VehicleMercenaries4" To="VehicleMercenaries3"/>
    </CSkin>
    <CSkin id="VehicleMercenaries4">
        <ReplacementArray Catalog="Button" From="VehicleMercenaries4" To="VehicleMercenaries4"/>
    </CSkin>
    <CSkin id="VehicleMercenaries5">
        <ReplacementArray Catalog="Button" From="VehicleMercenaries4" To="VehicleMercenaries5"/>
    </CSkin>
    <CSkin id="VehicleMercenaries6">
        <ReplacementArray Catalog="Button" From="VehicleMercenaries4" To="VehicleMercenaries6"/>
    </CSkin>
    <CSkin id="VehicleMercenaries7">
        <ReplacementArray Catalog="Button" From="VehicleMercenaries4" To="VehicleMercenaries7"/>
    </CSkin>
    <CSkin id="VehicleMercenaries8">
        <ReplacementArray Catalog="Button" From="VehicleMercenaries4" To="VehicleMercenaries8"/>
    </CSkin>
    <CSkin id="VehicleMercenaries9">
        <ReplacementArray Catalog="Button" From="VehicleMercenaries4" To="VehicleMercenaries9"/>
    </CSkin>
    <CSkin id="VehicleMercenaries10">
        <ReplacementArray Catalog="Button" From="VehicleMercenaries4" To="VehicleMercenaries10"/>
    </CSkin>
    <CSkin id="VehicleMercenaries11">
        <ReplacementArray Catalog="Button" From="VehicleMercenaries4" To="VehicleMercenaries11"/>
    </CSkin>
    <CSkin id="VehicleMercenaries12">
        <ReplacementArray Catalog="Button" From="VehicleMercenaries4" To="VehicleMercenaries12"/>
    </CSkin>
    <CSkin id="VehicleMercenaries13">
        <ReplacementArray Catalog="Button" From="VehicleMercenaries4" To="VehicleMercenaries13"/>
    </CSkin>
    <CSkin id="VehicleMercenaries14">
        <ReplacementArray Catalog="Button" From="VehicleMercenaries4" To="VehicleMercenaries14"/>
    </CSkin>
    <CSkin id="TacNukeStrikeTopbar3">
        <ReplacementArray Catalog="Button" From="NukeCalldown8" To="NukeCalldown3"/>
    </CSkin>
    <CSkin id="TacNukeStrikeTopbar4">
        <ReplacementArray Catalog="Button" From="NukeCalldown8" To="NukeCalldown4"/>
    </CSkin>
    <CSkin id="TacNukeStrikeTopbar5">
        <ReplacementArray Catalog="Button" From="NukeCalldown8" To="NukeCalldown5"/>
    </CSkin>
    <CSkin id="TacNukeStrikeTopbar6">
        <ReplacementArray Catalog="Button" From="NukeCalldown8" To="NukeCalldown6"/>
    </CSkin>
    <CSkin id="TacNukeStrikeTopbar7">
        <ReplacementArray Catalog="Button" From="NukeCalldown8" To="NukeCalldown7"/>
    </CSkin>
    <CSkin id="TacNukeStrikeTopbar8">
        <ReplacementArray Catalog="Button" From="NukeCalldown8" To="NukeCalldown8"/>
    </CSkin>
    <CSkin id="TacNukeStrikeTopbar9">
        <ReplacementArray Catalog="Button" From="NukeCalldown8" To="NukeCalldown9"/>
    </CSkin>
    <CSkin id="TacNukeStrikeTopbar10">
        <ReplacementArray Catalog="Button" From="NukeCalldown8" To="NukeCalldown10"/>
    </CSkin>
    <CSkin id="TacNukeStrikeTopbar11">
        <ReplacementArray Catalog="Button" From="NukeCalldown8" To="NukeCalldown11"/>
    </CSkin>
    <CSkin id="TacNukeStrikeTopbar12">
        <ReplacementArray Catalog="Button" From="NukeCalldown8" To="NukeCalldown12"/>
    </CSkin>
    <CSkin id="TacNukeStrikeTopbar13">
        <ReplacementArray Catalog="Button" From="NukeCalldown8" To="NukeCalldown13"/>
    </CSkin>
    <CSkin id="TacNukeStrikeTopbar14">
        <ReplacementArray Catalog="Button" From="NukeCalldown8" To="NukeCalldown14"/>
    </CSkin>
    <CSkin id="ScannerSweepTopbar3">
        <ReplacementArray Catalog="Button" From="ScannerSweepTopbar7" To="ScannerSweepTopbar3"/>
    </CSkin>
    <CSkin id="ScannerSweepTopbar4">
        <ReplacementArray Catalog="Button" From="ScannerSweepTopbar7" To="ScannerSweepTopbar4"/>
    </CSkin>
    <CSkin id="ScannerSweepTopbar5">
        <ReplacementArray Catalog="Button" From="ScannerSweepTopbar7" To="ScannerSweepTopbar5"/>
    </CSkin>
    <CSkin id="ScannerSweepTopbar6">
        <ReplacementArray Catalog="Button" From="ScannerSweepTopbar7" To="ScannerSweepTopbar6"/>
    </CSkin>
    <CSkin id="ScannerSweepTopbar7">
        <ReplacementArray Catalog="Button" From="ScannerSweepTopbar7" To="ScannerSweepTopbar7"/>
    </CSkin>
    <CSkin id="ScannerSweepTopbar8">
        <ReplacementArray Catalog="Button" From="ScannerSweepTopbar7" To="ScannerSweepTopbar8"/>
    </CSkin>
    <CSkin id="ScannerSweepTopbar9">
        <ReplacementArray Catalog="Button" From="ScannerSweepTopbar7" To="ScannerSweepTopbar9"/>
    </CSkin>
    <CSkin id="ScannerSweepTopbar10">
        <ReplacementArray Catalog="Button" From="ScannerSweepTopbar7" To="ScannerSweepTopbar10"/>
    </CSkin>
    <CSkin id="ScannerSweepTopbar11">
        <ReplacementArray Catalog="Button" From="ScannerSweepTopbar7" To="ScannerSweepTopbar11"/>
    </CSkin>
    <CSkin id="ScannerSweepTopbar12">
        <ReplacementArray Catalog="Button" From="ScannerSweepTopbar7" To="ScannerSweepTopbar12"/>
    </CSkin>
    <CSkin id="ScannerSweepTopbar13">
        <ReplacementArray Catalog="Button" From="ScannerSweepTopbar7" To="ScannerSweepTopbar13"/>
    </CSkin>
    <CSkin id="ScannerSweepTopbar14">
        <ReplacementArray Catalog="Button" From="ScannerSweepTopbar7" To="ScannerSweepTopbar14"/>
    </CSkin>
    <CSkin id="HiveMindEmulator3">
        <ReplacementArray Catalog="Button" From="HiveMindEmulator3" To="HiveMindEmulator3"/>
    </CSkin>
    <CSkin id="HiveMindEmulator4">
        <ReplacementArray Catalog="Button" From="HiveMindEmulator3" To="HiveMindEmulator4"/>
    </CSkin>
    <CSkin id="HiveMindEmulator5">
        <ReplacementArray Catalog="Button" From="HiveMindEmulator3" To="HiveMindEmulator5"/>
    </CSkin>
    <CSkin id="HiveMindEmulator6">
        <ReplacementArray Catalog="Button" From="HiveMindEmulator3" To="HiveMindEmulator6"/>
    </CSkin>
    <CSkin id="HiveMindEmulator7">
        <ReplacementArray Catalog="Button" From="HiveMindEmulator3" To="HiveMindEmulator7"/>
    </CSkin>
    <CSkin id="HiveMindEmulator8">
        <ReplacementArray Catalog="Button" From="HiveMindEmulator3" To="HiveMindEmulator8"/>
    </CSkin>
    <CSkin id="HiveMindEmulator9">
        <ReplacementArray Catalog="Button" From="HiveMindEmulator3" To="HiveMindEmulator9"/>
    </CSkin>
    <CSkin id="HiveMindEmulator10">
        <ReplacementArray Catalog="Button" From="HiveMindEmulator3" To="HiveMindEmulator10"/>
    </CSkin>
    <CSkin id="HiveMindEmulator11">
        <ReplacementArray Catalog="Button" From="HiveMindEmulator3" To="HiveMindEmulator11"/>
    </CSkin>
    <CSkin id="HiveMindEmulator12">
        <ReplacementArray Catalog="Button" From="HiveMindEmulator3" To="HiveMindEmulator12"/>
    </CSkin>
    <CSkin id="HiveMindEmulator13">
        <ReplacementArray Catalog="Button" From="HiveMindEmulator3" To="HiveMindEmulator13"/>
    </CSkin>
    <CSkin id="HiveMindEmulator14">
        <ReplacementArray Catalog="Button" From="HiveMindEmulator3" To="HiveMindEmulator14"/>
    </CSkin>
	<CSkin id="StarshipMercenaries3">
		<ReplacementArray Catalog="Button" From="StarshipMercenaries3" To="StarshipMercenaries3"/>
	</CSkin>
	<CSkin id="StarshipMercenaries4">
		<ReplacementArray Catalog="Button" From="StarshipMercenaries3" To="StarshipMercenaries4"/>
	</CSkin>
	<CSkin id="StarshipMercenaries5">
		<ReplacementArray Catalog="Button" From="StarshipMercenaries3" To="StarshipMercenaries5"/>
	</CSkin>
	<CSkin id="StarshipMercenaries6">
		<ReplacementArray Catalog="Button" From="StarshipMercenaries3" To="StarshipMercenaries6"/>
	</CSkin>
	<CSkin id="StarshipMercenaries7">
		<ReplacementArray Catalog="Button" From="StarshipMercenaries3" To="StarshipMercenaries7"/>
	</CSkin>
	<CSkin id="StarshipMercenaries8">
		<ReplacementArray Catalog="Button" From="StarshipMercenaries3" To="StarshipMercenaries8"/>
	</CSkin>
	<CSkin id="StarshipMercenaries9">
		<ReplacementArray Catalog="Button" From="StarshipMercenaries3" To="StarshipMercenaries9"/>
	</CSkin>
	<CSkin id="StarshipMercenaries10">
		<ReplacementArray Catalog="Button" From="StarshipMercenaries3" To="StarshipMercenaries10"/>
	</CSkin>
	<CSkin id="StarshipMercenaries11">
		<ReplacementArray Catalog="Button" From="StarshipMercenaries3" To="StarshipMercenaries11"/>
	</CSkin>
	<CSkin id="StarshipMercenaries12">
		<ReplacementArray Catalog="Button" From="StarshipMercenaries3" To="StarshipMercenaries12"/>
	</CSkin>
	<CSkin id="StarshipMercenaries13">
		<ReplacementArray Catalog="Button" From="StarshipMercenaries3" To="StarshipMercenaries13"/>
	</CSkin>
	<CSkin id="StarshipMercenaries14">
		<ReplacementArray Catalog="Button" From="StarshipMercenaries3" To="StarshipMercenaries14"/>
	</CSkin>
	<CSkin id="ZergHypervirus3">
		<ReplacementArray Catalog="Button" From="ZergHypervirus3" To="ZergHypervirus3"/>
	</CSkin>
	<CSkin id="ZergHypervirus4">
		<ReplacementArray Catalog="Button" From="ZergHypervirus3" To="ZergHypervirus4"/>
	</CSkin>
	<CSkin id="ZergHypervirus5">
		<ReplacementArray Catalog="Button" From="ZergHypervirus3" To="ZergHypervirus5"/>
	</CSkin>
	<CSkin id="ZergHypervirus6">
		<ReplacementArray Catalog="Button" From="ZergHypervirus3" To="ZergHypervirus6"/>
	</CSkin>
	<CSkin id="ZergHypervirus7">
		<ReplacementArray Catalog="Button" From="ZergHypervirus3" To="ZergHypervirus7"/>
	</CSkin>
	<CSkin id="ZergHypervirus8">
		<ReplacementArray Catalog="Button" From="ZergHypervirus3" To="ZergHypervirus8"/>
	</CSkin>
	<CSkin id="ZergHypervirus9">
		<ReplacementArray Catalog="Button" From="ZergHypervirus3" To="ZergHypervirus9"/>
	</CSkin>
	<CSkin id="ZergHypervirus10">
		<ReplacementArray Catalog="Button" From="ZergHypervirus3" To="ZergHypervirus10"/>
	</CSkin>
	<CSkin id="ZergHypervirus11">
		<ReplacementArray Catalog="Button" From="ZergHypervirus3" To="ZergHypervirus11"/>
	</CSkin>
	<CSkin id="ZergHypervirus12">
		<ReplacementArray Catalog="Button" From="ZergHypervirus3" To="ZergHypervirus12"/>
	</CSkin>
	<CSkin id="ZergHypervirus13">
		<ReplacementArray Catalog="Button" From="ZergHypervirus3" To="ZergHypervirus13"/>
	</CSkin>
	<CSkin id="ZergHypervirus14">
		<ReplacementArray Catalog="Button" From="ZergHypervirus3" To="ZergHypervirus14"/>
	</CSkin>
	<CSkin id="CallInGoldenArmada3">
		<ReplacementArray Catalog="Button" From="CallInGoldenArmada3" To="CallInGoldenArmada3"/>
	</CSkin>
	<CSkin id="CallInGoldenArmada4">
		<ReplacementArray Catalog="Button" From="CallInGoldenArmada3" To="CallInGoldenArmada4"/>
	</CSkin>
	<CSkin id="CallInGoldenArmada5">
		<ReplacementArray Catalog="Button" From="CallInGoldenArmada3" To="CallInGoldenArmada5"/>
	</CSkin>
	<CSkin id="CallInGoldenArmada6">
		<ReplacementArray Catalog="Button" From="CallInGoldenArmada3" To="CallInGoldenArmada6"/>
	</CSkin>
	<CSkin id="CallInGoldenArmada7">
		<ReplacementArray Catalog="Button" From="CallInGoldenArmada3" To="CallInGoldenArmada7"/>
	</CSkin>
	<CSkin id="CallInGoldenArmada8">
		<ReplacementArray Catalog="Button" From="CallInGoldenArmada3" To="CallInGoldenArmada8"/>
	</CSkin>
	<CSkin id="CallInGoldenArmada9">
		<ReplacementArray Catalog="Button" From="CallInGoldenArmada3" To="CallInGoldenArmada9"/>
	</CSkin>
	<CSkin id="CallInGoldenArmada10">
		<ReplacementArray Catalog="Button" From="CallInGoldenArmada3" To="CallInGoldenArmada10"/>
	</CSkin>
	<CSkin id="CallInGoldenArmada11">
		<ReplacementArray Catalog="Button" From="CallInGoldenArmada3" To="CallInGoldenArmada11"/>
	</CSkin>
	<CSkin id="CallInGoldenArmada12">
		<ReplacementArray Catalog="Button" From="CallInGoldenArmada3" To="CallInGoldenArmada12"/>
	</CSkin>
	<CSkin id="CallInGoldenArmada13">
		<ReplacementArray Catalog="Button" From="CallInGoldenArmada3" To="CallInGoldenArmada13"/>
	</CSkin>
	<CSkin id="CallInGoldenArmada14">
		<ReplacementArray Catalog="Button" From="CallInGoldenArmada3" To="CallInGoldenArmada14"/>
	</CSkin>
</Catalog>
