<?xml version="1.0" encoding="utf-8"?>
<Catalog>
    <CSound id="Alert_TerranBuildComplete" parent="Alert">
        <EditorCategories value="Race:Terran"/>
        <AssetArray File="LocalizedData\Sounds\TerranUnitVO\SCV\SCV_JobsFinished00.ogg" FacialGroup=""/>
    </CSound>
    <CSound id="Eat" parent="Campaign" Portrait="SMStetmann" Subtitle="Eat" Speaker="CharStetmann">
        <AssetArray index="0">
            <File value="Assets\sfx\Eat.ogg"/>
            <FacialAnim value="ScienceObjectiveCalloutsStetmann00007"/>
            <PortraitModel value="SMStetmann"/>
            <Speaker value="ConversationState/Characters/CharStetmann"/>
            <Subtitle value="Conversation/Eat/Line"/>
        </AssetArray>
    </CSound>
    <CSound id="FenixDragoonAirBombMissileExplode" parent="Combat">
        <EditorCategories value="Race:Protoss"/>
        <AssetArray File="Assets\Sounds\GrenadePulse_Explosion01.wav" FacialGroup=""/>
        <AssetArray File="Assets\Sounds\GrenadePulse_Explosion02.wav" FacialGroup=""/>
        <AssetArray File="Assets\Sounds\GrenadePulse_Explosion03.wav" FacialGroup=""/>
        <AssetArray File="Assets\Sounds\GrenadePulse_Explosion04.wav" FacialGroup=""/>
        <DupeHistoryCount value="5"/>
        <DupeMaximumMethod value="Replace"/>
        <DupeMuteCount value="6"/>
        <Pitch value="-4.000000,-4.000000"/>
        <Volume value="-2.000000,-2.000000"/>
    </CSound>
    <CSound id="BoldMove" parent="Campaign" Portrait="ToshPortrait" Subtitle="BoldMove" Speaker="CharTosh" Line="">
        <AssetArray index="0">
            <File value="Assets\sfx\BoldMove.ogg"/>
            <FacialAnim value="TTosh02Tosh00002"/>
            <PortraitModel value="ToshPortrait"/>
            <Speaker value="ConversationState/Characters/CharTosh"/>
            <Subtitle value="BoldMove"/>
        </AssetArray>
    </CSound>
    <CSound id="VultureBikes" parent="Campaign" Portrait="TychusPortrait" Subtitle="Vulture Bikes" Speaker="CharTychus" Line="">
        <AssetArray index="0">
            <File value="Assets\sfx\Vulture Bikes.ogg"/>
            <FacialAnim value="InfestedMarines"/>
            <PortraitModel value="TychusPortrait"/>
            <Speaker value="ConversationState/Characters/CharTychus"/>
            <Subtitle value="VultureBikesVultureBikes"/>
        </AssetArray>
    </CSound>
    <CSound id="MengskCommander_NuclearAnnihilationUsed" parent="ACVO_Pings">
        <AssetArray File="LocalizedData\Sounds\VO\Mengsk\MengskCommander_NuclearAnnihilationUsed00.ogg" FacialGroup=""/>
        <AssetArray File="LocalizedData\Sounds\VO\Mengsk\MengskCommander_NuclearAnnihilationUsed01.ogg" FacialGroup=""/>
        <AssetArray File="LocalizedData\Sounds\VO\Mengsk\MengskCommander_NuclearAnnihilationUsed02.ogg" FacialGroup=""/>
        <AssetArray File="LocalizedData\Sounds\VO\Mengsk\MengskCommander_NuclearAnnihilationUsed03.ogg" FacialGroup=""/>
        <AssetArray File="LocalizedData\Sounds\VO\Mengsk\MengskCommander_NuclearAnnihilationUsed04.ogg" FacialGroup=""/>
        <Flags index="NeedsUpdate" value="1"/>
        <Flags index="NeedsTTS" value="1"/>
    </CSound>
    <CSound id="NuclearAnnihilation_NukeDropWhistle" parent="Combat">
        <AssetArray File="Assets\Sounds\Griffin_Bomb_Whistle_01.wav" FacialGroup=""/>
        <DupeDestroyCount value="2"/>
        <DupeMuteCount value="2"/>
        <Pitch value="-3.000000,1.000000"/>
        <Spread value="15.000000"/>
        <Volume value="-15.000000,-12.000000"/>
    </CSound>
    <CSound id="NuclearAnnihilation_SmallNukeDropWhistle" parent="Combat">
        <AssetArray File="Assets\Sounds\Mengsk_ExpStrike_BombWhistle_01.wav" FacialGroup=""/>
        <AssetArray File="Assets\Sounds\Mengsk_ExpStrike_BombWhistle_02.wav" FacialGroup=""/>
        <AssetArray File="Assets\Sounds\Mengsk_ExpStrike_BombWhistle_03.wav" FacialGroup=""/>
        <AssetArray File="Assets\Sounds\Mengsk_ExpStrike_BombWhistle_04.wav" Pitch="-6.000000,-6.000000" FacialGroup=""/>
        <AssetArray File="Assets\Sounds\Mengsk_ExpStrike_BombWhistle_05.wav" Pitch="-2.000000,-2.000000" FacialGroup=""/>
        <AssetArray File="Assets\Sounds\Mengsk_ExpStrike_BombWhistle_08.wav" FacialGroup=""/>
        <Chance value="35"/>
        <Pitch value="-4.000000,0.000000"/>
        <Volume value="-12.000000,-8.000000"/>
    </CSound>
    <CSound id="NukeBig_Mengsk_Explode" parent="Death">
        <AssetArray File="Assets\Sounds\Nuke_Explo_01.wav" FacialGroup=""/>
        <AssetArray File="Assets\Sounds\Nuke_Explo_03.wav" FacialGroup=""/>
        <AssetArray File="Assets\Sounds\Nuke_Explo_04.wav" FacialGroup=""/>
        <AssetArray File="Assets\Sounds\Nuke_Explo_05.wav" FacialGroup=""/>
        <AssetArray File="Assets\Sounds\Nuke_Explo_06.wav" FacialGroup=""/>
        <Pitch value="-2.000000,0.000000"/>
        <Select value="Random"/>
        <SpeakerMix index="LFE" value="0.250000"/>
        <Spread value="15.000000"/>
        <SustainFade index="1" Time="1500"/>
        <Volume value="-1.000000,-1.000000"/>
    </CSound>
    <CSound id="NukeSmall_Mengsk_Explode" parent="Death">
        <AssetArray File="Assets\Sounds\Explo_Lrg_Distant_01.wav" FacialGroup=""/>
        <AssetArray File="Assets\Sounds\Explo_Lrg_Distant_02.wav" FacialGroup=""/>
        <AssetArray File="Assets\Sounds\Colossus_Explode_Large_01.wav" FacialGroup=""/>
        <AssetArray File="Assets\Sounds\Colossus_Explode_Large_02.wav" FacialGroup=""/>
        <AssetArray File="Assets\Sounds\Colossus_Explode_Large_03.wav" FacialGroup=""/>
        <AssetArray File="Assets\Sounds\Colossus_Explode_Large_04.wav" FacialGroup=""/>
        <AssetArray>
            <File value="Assets\Sounds\Mengsk_ExpStrike_Explo_RockHeavy.wav"/>
            <Pitch value="3.000000,3.000000"/>
            <Volume value="-2.000000,-2.000000"/>
            <FacialGroup value=""/>
        </AssetArray>
        <DupeMuteCount value="5"/>
        <Pitch value="-2.000000,1.000000"/>
        <Select value="Random"/>
        <SpeakerMix index="LFE" value="0.100000"/>
        <Spread value="15.000000"/>
        <SustainFade index="1" Time="1500"/>
        <Volume value="-2.000000,-2.000000"/>
    </CSound>
    <CSound id="RailGun_Impact" parent="Combat">
        <EditorCategories value="Race:Terran"/>
        <AssetArray File="Assets\Sounds\Thrasher_Missile_Impact_01.wav" FacialGroup=""/>
        <AssetArray File="Assets\Sounds\Thrasher_Missile_Impact_02.wav" FacialGroup=""/>
        <AssetArray File="Assets\Sounds\Thrasher_Missile_Impact_03.wav" FacialGroup=""/>
        <AssetArray File="Assets\Sounds\Thrasher_Missile_Impact_04.wav" FacialGroup=""/>
        <AssetArray File="Assets\Sounds\Thrasher_Missile_Impact_05.wav" FacialGroup=""/>
        <AssetArray File="Assets\Sounds\Thrasher_Missile_Impact_06.wav" FacialGroup=""/>
        <AssetArray File="Assets\Sounds\Thrasher_Missile_Impact_07.wav" FacialGroup=""/>
        <AssetArray File="Assets\Sounds\Thrasher_Missile_Impact_08.wav" FacialGroup=""/>
        <DupeDestroyCount value="6"/>
        <DupeMaximumMethod value="Replace"/>
        <DupeMuteCount value="6"/>
        <DupePrioritization value="Oldest"/>
        <Pitch value="-3.000000,-1.000000"/>
        <Select value="Random"/>
        <Spread value="20.000000"/>
        <Volume value="-4.000000,-2.000000"/>
    </CSound>
    <CSound id="RailGun_Launch" parent="Combat">
        <EditorCategories value="Race:Terran"/>
        <AssetArray File="Assets\Sounds\Eradicator_RailGun_Launch_01.wav" FacialGroup=""/>
        <AssetArray File="Assets\Sounds\Eradicator_RailGun_Launch_02.wav" FacialGroup=""/>
        <AssetArray File="Assets\Sounds\Eradicator_RailGun_Launch_03.wav" FacialGroup=""/>
        <AssetArray File="Assets\Sounds\Eradicator_RailGun_Launch_04.wav" FacialGroup=""/>
        <AssetArray File="Assets\Sounds\Eradicator_RailGun_Launch_05.wav" FacialGroup=""/>
        <AssetArray File="Assets\Sounds\Eradicator_RailGun_Launch_06.wav" FacialGroup=""/>
        <DupeDestroyCount value="8"/>
        <DupeMaximumMethod value="Replace"/>
        <DupeMuteCount value="3"/>
        <DupePrioritization value="Oldest"/>
        <OverlapTimeDelta value="50"/>
        <Pitch value="-2.000000,0.000000"/>
        <Volume value="-6.000000,-4.000000"/>
        <VolumeRolloffPoints Distance="15.472779"/>
        <VolumeRolloffPoints Distance="30.802292" Volume="-96.000000"/>
    </CSound>
    <CSound id="Raven_ScramblerMissileImpact" parent="Combat">
        <EditorCategories value="Race:Terran"/>
        <AssetArray File="Assets\Sounds\WarMissile_Impact00.wav" FacialGroup=""/>
        <AssetArray File="Assets\Sounds\WarMissile_Impact01.wav" FacialGroup=""/>
        <AssetArray File="Assets\Sounds\WarMissile_Impact02.wav" FacialGroup=""/>
        <DupeDestroyCount value="8"/>
        <DupeMaximumMethod value="Replace"/>
        <DupeMuteCount value="8"/>
    </CSound>
    <CSound id="Raven_ScramblerMissileLaunch" parent="Spell">
        <EditorCategories value="Race:Terran"/>
        <AssetArray File="Assets\Sounds\WarMissile_Launch00.wav" FacialGroup=""/>
        <AssetArray File="Assets\Sounds\WarMissile_Launch01.wav" FacialGroup=""/>
        <AssetArray File="Assets\Sounds\WarMissile_Launch02.wav" FacialGroup=""/>
        <DupeDestroyCount value="8"/>
        <DupeMaximumMethod value="Replace"/>
        <DupeMuteCount value="8"/>
        <Volume value="-0.920000,-0.500000"/>
    </CSound>
    <CSound id="Raven_ScramblerMissileLoop" parent="Spell">
        <EditorCategories value="Race:Terran"/>
        <AssetArray>
            <File value="Assets\Sounds\Goliath_BlackOps_Lockdown_Loop_01.wav"/>
            <Pitch value="-2.000000,-2.000000"/>
            <Volume value="-10.000000,-10.000000"/>
            <FacialGroup value=""/>
        </AssetArray>
        <LoopCount value="-1"/>
    </CSound>
    <CSound id="SkyTank_BarrageMissile_Impact" parent="Combat">
        <EditorCategories value="Race:Terran"/>
        <AssetArray File="Assets\Sounds\Liberator_AG_Impacts_03.wav" FacialGroup=""/>
        <AssetArray File="Assets\Sounds\Liberator_AG_Impacts_04.wav" FacialGroup=""/>
        <AssetArray File="Assets\Sounds\Liberator_AG_Impacts_05.wav" FacialGroup=""/>
        <AssetArray File="Assets\Sounds\Uni_ImpactExplosions_08.wav" FacialGroup=""/>
        <DupeDestroyCount value="8"/>
        <DupeMaximumMethod value="Replace"/>
        <DupeMuteCount value="3"/>
        <DupeThresholdPoints/>
        <DupeThresholdPoints Count="3" Volume="-3.000000"/>
        <DupePrioritization value="Oldest"/>
        <Pitch value="-2.000000,0.000000"/>
        <Select value="Random"/>
        <Volume value="-2.000000,-2.000000"/>
    </CSound>
    <CSound id="Spell_CombatDrugs_Launch" parent="Spell">
        <EditorCategories value="Race:Terran"/>
        <AssetArray File="Assets\Sounds\Reaper_CombatDrugs1a.wav" FacialGroup=""/>
        <AssetArray File="Assets\Sounds\Reaper_CombatDrugs1b.wav" Pitch="-2.700000,-2.700000" FacialGroup=""/>
        <AssetArray File="Assets\Sounds\Reaper_CombatDrugs1c.wav" FacialGroup=""/>
        <AssetArray File="Assets\Sounds\Reaper_CombatDrugs1d.wav" FacialGroup=""/>
        <DupeDestroyCount value="6"/>
        <DupeMuteCount value="3"/>
        <Pitch value="-2.000000,-1.000000"/>
        <Volume value="-16.000000,-15.000000"/>
        <VolumeRolloffPoints Distance="8.000000"/>
        <VolumeRolloffPoints Distance="24.000000" Volume="-96.000000"/>
    </CSound>
    <CSound id="Stone_Help" parent="Alert">
        <AssetArray File="LocalizedData\Sounds\VO\acObj_Stone_2291.ogg" FacialGroup=""/>
        <AssetArray File="LocalizedData\Sounds\VO\acObj_Stone_2292.ogg" FacialGroup=""/>
        <AssetArray File="LocalizedData\Sounds\VO\acObj_Stone_2293.ogg" FacialGroup=""/>
        <AssetArray File="LocalizedData\Sounds\VO\acObj_Stone_2288.ogg" FacialGroup=""/>
        <AssetArray File="LocalizedData\Sounds\VO\acObj_Stone_2289.ogg" FacialGroup=""/>
        <AssetArray File="LocalizedData\Sounds\VO\acObj_Stone_2294.ogg" FacialGroup=""/>
    </CSound>
    <CSound id="Stone_Movement" parent="Movement"/>
    <CSound id="Stone_Ready" parent="Alert">
        <AssetArray File="LocalizedData\Sounds\VO\acObj_Stone_2296.ogg" FacialGroup=""/>
        <AssetArray File="LocalizedData\Sounds\VO\acObj_Stone_2297.ogg" FacialGroup=""/>
        <AssetArray File="LocalizedData\Sounds\VO\acObj_Stone_2298.ogg" FacialGroup=""/>
        <AssetArray File="LocalizedData\Sounds\VO\acObj_Stone_2264.ogg" FacialGroup=""/>
    </CSound>
    <CSound id="Stone_What" parent="Alert">
        <AssetArray File="LocalizedData\Sounds\VO\acObj_Stone_2260.ogg" FacialGroup=""/>
        <AssetArray File="LocalizedData\Sounds\VO\acObj_Stone_2257.ogg" FacialGroup=""/>
        <AssetArray File="LocalizedData\Sounds\VO\acObj_Stone_2270.ogg" FacialGroup=""/>
    </CSound>
    <CSound id="Stone_Yes" parent="Alert">
        <AssetArray File="LocalizedData\Sounds\VO\acObj_Stone_2270.ogg" FacialGroup=""/>
        <AssetArray File="LocalizedData\Sounds\VO\acObj_Stone_2279.ogg" FacialGroup=""/>
    </CSound>
    <CSound id="InfestedMarines" parent="Campaign" Portrait="TychusPortrait" Subtitle="Infested Marines" Speaker="CharTychus" Line="">
        <AssetArray index="0">
            <File value="Assets\sfx\Infested Marines.ogg"/>
            <FacialAnim value="InfestedMarines"/>
            <PortraitModel value="TychusPortrait"/>
            <Speaker value="ConversationState/Characters/CharTychus"/>
            <Subtitle value="InfestedMarines"/>
        </AssetArray>
    </CSound>
    <CSound id="THorner01HornerKillTeams" parent="Campaign" Portrait="HornerPortrait" Subtitle="THorner01" Speaker="CharHorner" Line="KillTeams">
        <AssetArray index="0">
            <File value="Assets\sfx\KillTeamsReturn.ogg"/>
            <FacialAnim value="THorner01Horner00001"/>
            <PortraitModel value="HornerPortrait"/>
            <Speaker value="ConversationState/Characters/CharHorner"/>
            <Subtitle value="Conversation/THorner01/LineKillTeams"/>
        </AssetArray>
    </CSound>
    <CSound id="TRaynor02Raynor00037Mod" parent="Campaign" Portrait="RaynorCommanderPortrait" Subtitle="TRaynor02" Speaker="CharRaynor" Line="00037Mod">
        <AssetArray index="0">
            <File value="Assets\sfx\TrainSCV.ogg"/>
            <FacialAnim value="TRaynor02Raynor00037"/>
            <PortraitModel value=""/>
            <Speaker value="ConversationState/Characters/CharRaynor"/>
            <Subtitle value="Conversation//Line00037Mod"/>
        </AssetArray>
    </CSound>
    <CSound id="TTosh01SwannBruta" parent="Campaign" Portrait="SwannPortrait" Subtitle="TTosh01" Speaker="CharSwann" Line="RoastBruta">
        <AssetArray index="0">
            <File value="Assets\sfx\RoastBruta.ogg"/>
            <FacialAnim value="TTosh01SwannBruta"/>
            <PortraitModel value="SwannPortrait"/>
            <Speaker value="ConversationState/Characters/CharSwann"/>
            <Subtitle value="Conversation//LineRoastBruta"/>
        </AssetArray>
    </CSound>
    <CSound id="ExplosiveCharge" parent="Combat">
        <EditorCategories value="Race:Terran"/>
        <AssetArray File="Assets\Sounds\WidowMine_Pulse.wav" FacialGroup=""/>
        <DupeHistoryCount value="3"/>
        <Pitch value="6.000000,6.100000"/>
    </CSound>
    <CSound id="TTosh01SwannBruta2" parent="Campaign" Portrait="HornerPortrait" Subtitle="TTosh02MattMobilizing" Speaker="CharHorner" Line="HornerMobilizing">
        <AssetArray index="0">
            <File value="Assets\sfx\ProtossMobilizing.ogg"/>
            <FacialAnim value="TTosh02Horner00005"/>
            <FacialGroup value=""/>
            <PortraitModel value="HornerPortrait"/>
            <Speaker value="ConversationState/Characters/CharHorner"/>
            <Subtitle value="Conversation/TTosh02MattMobilizing/LineHornerMobilizing"/>
        </AssetArray>
    </CSound>
    <CSound id="Tosh_Explosives" parent="TerranAck">
        <AssetArray File="Assets\sfx\Tosh_Explosives.ogg" FacialGroup=""/>
    </CSound>
    <CSound id="UnleashThePredators" parent="Campaign" Portrait="WarfieldPortrait" Subtitle="UnleashThePredators" Speaker="CharWarfield" Line="">
        <AssetArray index="0">
            <File value="LocalizedData\Sounds\VO\zMission_Char03_GeneralWarfield_050.ogg"/>
            <FacialAnim value="UnleashThePredatorsWarfield"/>
            <PortraitModel value="WarfieldPortrait"/>
            <Speaker value="ConversationState/Characters/CharWarfield"/>
            <Subtitle value="Conversation/UnleashThePredators/Line"/>
        </AssetArray>
    </CSound>
    <CSound id="VoidMothership_ThermalLance_AttackLaunch" parent="Spell">
        <EditorCategories value="Race:Protoss"/>
        <AssetArray File="Assets\Sounds\VoidMothership_ThermalLance_AttackLaunch01.wav" FacialGroup=""/>
        <AssetArray File="Assets\Sounds\VoidMothership_ThermalLance_AttackLaunch02.wav" FacialGroup=""/>
        <AssetArray File="Assets\Sounds\VoidMothership_ThermalLance_AttackLaunch03.wav" FacialGroup=""/>
        <Pitch value="7.000000,7.000000"/>
        <Spread value="5.000000"/>
        <Volume value="2.000000,2.000000"/>
    </CSound>
    <CSound id="VoidMothership_ThermalLance_BeamDeath" parent="Spell">
        <EditorCategories value="Race:Protoss"/>
        <AssetArray File="Assets\Sounds\SOA_SolarLance_Launch01_1ch.wav" FacialGroup=""/>
        <AssetArray File="Assets\Sounds\SOA_SolarLance_Launch02_1ch.wav" FacialGroup=""/>
        <AssetArray File="Assets\Sounds\SOA_SolarLance_Launch03_1ch.wav" FacialGroup=""/>
        <AssetArray File="Assets\Sounds\SOA_SolarLance_Launch04_1ch.wav" FacialGroup=""/>
        <AssetArray File="Assets\Sounds\SOA_SolarLance_Launch05_1ch.wav" FacialGroup=""/>
        <AssetArray File="Assets\Sounds\SOA_SolarLance_Launch06_1ch.wav" FacialGroup=""/>
        <DupeMaximumMethod value="Replace"/>
        <Pitch value="1.000000,3.000000"/>
        <Spread value="30.000000"/>
    </CSound>
    <CSound id="zMission_Char02_GeneralWarfield_042" Portrait="WarfieldPortrait" Subtitle="zMission_Char02" Speaker="GeneralWarfield" Actor="" Line="00042">
        <AssetArray>
            <File value="LocalizedData\Sounds\VO\zMission_Char02_GeneralWarfield_042.ogg"/>
            <FacialAnim value="zMission_Char02_GeneralWarfield_042"/>
            <FacialGroup value="zMission_Char02_GeneralWarfield_042"/>
            <FacialFile value="LocalizedData\Sounds\VO\zMission_Char02_GeneralWarfield_042.fxe"/>
            <PortraitModel value="WarfieldPortrait"/>
            <Speaker value="Character/Name/GeneralWarfield"/>
            <Subtitle value="Conversation/zMission_Char02/Line00042"/>
        </AssetArray>
        <Flags index="AutoUnload" value="1"/>
        <Flags index="Stream" value="1"/>
        <Flags index="Wait" value="1"/>
        <Category value="Mission"/>
        <PanLevel value="0.750000"/>
        <ReverbBalance Room="-1000"/>
        <ReverbRolloffBlend value="Linear"/>
        <ReverbRolloffPoints Direct="1.000000" Room="0.250000"/>
        <ReverbRolloffPoints Distance="15.000000" Direct="1.000000" Room="0.250000"/>
        <SpeakerMix index="FrontLeft" value="0.700000"/>
        <SpeakerMix index="FrontRight" value="0.700000"/>
        <SpeakerMix index="BackLeft" value="0.000000"/>
        <SpeakerMix index="BackRight" value="0.000000"/>
        <SpeakerMix index="SideLeft" value="0.000000"/>
        <SpeakerMix index="SideRight" value="0.000000"/>
        <SustainFade index="1" Time="250" Volume="-96.000000"/>
        <Volume value="4.000000,4.000000"/>
    </CSound>
    <CSound id="zMission_Char02_GeneralWarfield_156" Portrait="WarfieldPortrait" Subtitle="zMission_Char02" Speaker="GeneralWarfield" Actor="" Line="00156">
        <AssetArray>
            <File value="LocalizedData\Sounds\VO\zMission_Char02_GeneralWarfield_156.ogg"/>
            <FacialAnim value="zMission_Char02_GeneralWarfield_156"/>
            <FacialGroup value="zMission_Char02_GeneralWarfield_156"/>
            <FacialFile value="LocalizedData\Sounds\VO\zMission_Char02_GeneralWarfield_156.fxe"/>
            <PortraitModel value="WarfieldPortrait"/>
            <Speaker value="Character/Name/GeneralWarfield"/>
            <Subtitle value="Conversation/zMission_Char02/Line00156"/>
        </AssetArray>
        <Flags index="AutoUnload" value="1"/>
        <Flags index="Stream" value="1"/>
        <Flags index="Wait" value="1"/>
        <Category value="Mission"/>
        <PanLevel value="0.750000"/>
        <ReverbBalance Room="-1000"/>
        <ReverbRolloffBlend value="Linear"/>
        <ReverbRolloffPoints Direct="1.000000" Room="0.250000"/>
        <ReverbRolloffPoints Distance="15.000000" Direct="1.000000" Room="0.250000"/>
        <SpeakerMix index="FrontLeft" value="0.700000"/>
        <SpeakerMix index="FrontRight" value="0.700000"/>
        <SpeakerMix index="BackLeft" value="0.000000"/>
        <SpeakerMix index="BackRight" value="0.000000"/>
        <SpeakerMix index="SideLeft" value="0.000000"/>
        <SpeakerMix index="SideRight" value="0.000000"/>
        <SustainFade index="1" Time="250" Volume="-96.000000"/>
        <Volume value="4.000000,4.000000"/>
    </CSound>
    <CSound id="zMission_Char03_GeneralWarfield_048" Portrait="WarfieldPortrait" Subtitle="zMission_Char03" Speaker="GeneralWarfield" Actor="" Line="00048">
        <AssetArray>
            <File value="LocalizedData\Sounds\VO\zMission_Char03_GeneralWarfield_048.ogg"/>
            <FacialAnim value="zMission_Char03_GeneralWarfield_048"/>
            <FacialGroup value="zMission_Char03_GeneralWarfield_048"/>
            <FacialFile value="LocalizedData\Sounds\VO\zMission_Char03_GeneralWarfield_048.fxe"/>
            <PortraitModel value="WarfieldPortrait"/>
            <Speaker value="Character/Name/GeneralWarfield"/>
            <Subtitle value="Conversation/zMission_Char03/Line00048"/>
        </AssetArray>
        <Flags index="AutoUnload" value="1"/>
        <Flags index="Stream" value="1"/>
        <Flags index="Wait" value="1"/>
        <Category value="Mission"/>
        <PanLevel value="0.750000"/>
        <ReverbBalance Room="-1000"/>
        <ReverbRolloffBlend value="Linear"/>
        <ReverbRolloffPoints Direct="1.000000" Room="0.250000"/>
        <ReverbRolloffPoints Distance="15.000000" Direct="1.000000" Room="0.250000"/>
        <SpeakerMix index="FrontLeft" value="0.700000"/>
        <SpeakerMix index="FrontRight" value="0.700000"/>
        <SpeakerMix index="BackLeft" value="0.000000"/>
        <SpeakerMix index="BackRight" value="0.000000"/>
        <SpeakerMix index="SideLeft" value="0.000000"/>
        <SpeakerMix index="SideRight" value="0.000000"/>
        <SustainFade index="1" Time="250" Volume="-96.000000"/>
        <Volume value="4.000000,4.000000"/>
    </CSound>
    <CSound id="zMission_Lab02_Raynor_078" Portrait="RaynorMarinePortrait" Subtitle="zMission_Lab02" Speaker="Raynor" Actor="" Line="00078">
        <AssetArray>
            <File value="LocalizedData\Sounds\VO\zMission_Lab02_Raynor_078.ogg"/>
            <FacialAnim value="zMission_Lab02_Raynor_078"/>
            <FacialGroup value="zMission_Lab02_Raynor_078"/>
            <FacialFile value="LocalizedData\Sounds\VO\zMission_Lab02_Raynor_078.fxe"/>
            <PortraitModel value="RaynorMarinePortrait"/>
            <Speaker value="Character/Name/Raynor"/>
            <Subtitle value="Conversation/zMission_Lab02/Line00078"/>
        </AssetArray>
        <Flags index="AutoUnload" value="1"/>
        <Flags index="Stream" value="1"/>
        <Flags index="Wait" value="1"/>
        <Flags index="Obsolete" value="1"/>
        <Category value="Mission"/>
        <PanLevel value="0.750000"/>
        <ReverbBalance Room="-1000"/>
        <ReverbRolloffPoints Direct="1.000000" Room="0.250000"/>
        <ReverbRolloffPoints Distance="15.000000" Direct="1.000000" Room="0.250000"/>
        <SpeakerMix index="FrontLeft" value="0.700000"/>
        <SpeakerMix index="FrontRight" value="0.700000"/>
        <SustainFade/>
        <SustainFade Time="250" Volume="-96.000000"/>
        <Volume value="2.000000,2.000000"/>
    </CSound>
</Catalog>
