<?xml version="1.0" encoding="utf-8"?>
<Catalog>
    <CSound id="MengskCommander_NuclearAnnihilationUsed" parent="ACVO_Pings">
        <AssetArray File="LocalizedData\Sounds\VO\Mengsk\MengskCommander_NuclearAnnihilationUsed00.ogg" FacialGroup=""/>
        <AssetArray File="LocalizedData\Sounds\VO\Mengsk\MengskCommander_NuclearAnnihilationUsed01.ogg" FacialGroup=""/>
        <AssetArray File="LocalizedData\Sounds\VO\Mengsk\MengskCommander_NuclearAnnihilationUsed02.ogg" FacialGroup=""/>
        <AssetArray File="LocalizedData\Sounds\VO\Mengsk\MengskCommander_NuclearAnnihilationUsed03.ogg" FacialGroup=""/>
        <AssetArray File="LocalizedData\Sounds\VO\Mengsk\MengskCommander_NuclearAnnihilationUsed04.ogg" FacialGroup=""/>
        <Flags index="NeedsUpdate" value="1"/>
        <Flags index="NeedsTTS" value="1"/>
    </CSound>
    <CSound id="NuclearAnnihilation_NukeDropWhistle" parent="Combat">
        <AssetArray File="Assets\Sounds\Griffin_Bomb_Whistle_01.wav" FacialGroup=""/>
        <DupeDestroyCount value="2"/>
        <DupeMuteCount value="2"/>
        <Pitch value="-3.000000,1.000000"/>
        <Spread value="15.000000"/>
        <Volume value="-15.000000,-12.000000"/>
    </CSound>
    <CSound id="NuclearAnnihilation_SmallNukeDropWhistle" parent="Combat">
        <AssetArray File="Assets\Sounds\Mengsk_ExpStrike_BombWhistle_01.wav" FacialGroup=""/>
        <AssetArray File="Assets\Sounds\Mengsk_ExpStrike_BombWhistle_02.wav" FacialGroup=""/>
        <AssetArray File="Assets\Sounds\Mengsk_ExpStrike_BombWhistle_03.wav" FacialGroup=""/>
        <AssetArray File="Assets\Sounds\Mengsk_ExpStrike_BombWhistle_04.wav" Pitch="-6.000000,-6.000000" FacialGroup=""/>
        <AssetArray File="Assets\Sounds\Mengsk_ExpStrike_BombWhistle_05.wav" Pitch="-2.000000,-2.000000" FacialGroup=""/>
        <AssetArray File="Assets\Sounds\Mengsk_ExpStrike_BombWhistle_08.wav" FacialGroup=""/>
        <Chance value="35"/>
        <Pitch value="-4.000000,0.000000"/>
        <Volume value="-12.000000,-8.000000"/>
    </CSound>
    <CSound id="NukeBig_Mengsk_Explode" parent="Death">
        <AssetArray File="Assets\Sounds\Nuke_Explo_01.wav" FacialGroup=""/>
        <AssetArray File="Assets\Sounds\Nuke_Explo_03.wav" FacialGroup=""/>
        <AssetArray File="Assets\Sounds\Nuke_Explo_04.wav" FacialGroup=""/>
        <AssetArray File="Assets\Sounds\Nuke_Explo_05.wav" FacialGroup=""/>
        <AssetArray File="Assets\Sounds\Nuke_Explo_06.wav" FacialGroup=""/>
        <Pitch value="-2.000000,0.000000"/>
        <Select value="Random"/>
        <SpeakerMix index="LFE" value="0.250000"/>
        <Spread value="15.000000"/>
        <SustainFade index="1" Time="1500"/>
        <Volume value="-1.000000,-1.000000"/>
    </CSound>
    <CSound id="NukeSmall_Mengsk_Explode" parent="Death">
        <AssetArray File="Assets\Sounds\Explo_Lrg_Distant_01.wav" FacialGroup=""/>
        <AssetArray File="Assets\Sounds\Explo_Lrg_Distant_02.wav" FacialGroup=""/>
        <AssetArray File="Assets\Sounds\Colossus_Explode_Large_01.wav" FacialGroup=""/>
        <AssetArray File="Assets\Sounds\Colossus_Explode_Large_02.wav" FacialGroup=""/>
        <AssetArray File="Assets\Sounds\Colossus_Explode_Large_03.wav" FacialGroup=""/>
        <AssetArray File="Assets\Sounds\Colossus_Explode_Large_04.wav" FacialGroup=""/>
        <AssetArray>
            <File value="Assets\Sounds\Mengsk_ExpStrike_Explo_RockHeavy.wav"/>
            <Pitch value="3.000000,3.000000"/>
            <Volume value="-2.000000,-2.000000"/>
            <FacialGroup value=""/>
        </AssetArray>
        <DupeMuteCount value="5"/>
        <Pitch value="-2.000000,1.000000"/>
        <Select value="Random"/>
        <SpeakerMix index="LFE" value="0.100000"/>
        <Spread value="15.000000"/>
        <SustainFade index="1" Time="1500"/>
        <Volume value="-2.000000,-2.000000"/>
    </CSound>
    <CSound id="RailGun_Impact" parent="Combat">
        <EditorCategories value="Race:Terran"/>
        <AssetArray File="Assets\Sounds\Thrasher_Missile_Impact_01.wav" FacialGroup=""/>
        <AssetArray File="Assets\Sounds\Thrasher_Missile_Impact_02.wav" FacialGroup=""/>
        <AssetArray File="Assets\Sounds\Thrasher_Missile_Impact_03.wav" FacialGroup=""/>
        <AssetArray File="Assets\Sounds\Thrasher_Missile_Impact_04.wav" FacialGroup=""/>
        <AssetArray File="Assets\Sounds\Thrasher_Missile_Impact_05.wav" FacialGroup=""/>
        <AssetArray File="Assets\Sounds\Thrasher_Missile_Impact_06.wav" FacialGroup=""/>
        <AssetArray File="Assets\Sounds\Thrasher_Missile_Impact_07.wav" FacialGroup=""/>
        <AssetArray File="Assets\Sounds\Thrasher_Missile_Impact_08.wav" FacialGroup=""/>
        <DupeDestroyCount value="6"/>
        <DupeMaximumMethod value="Replace"/>
        <DupeMuteCount value="6"/>
        <DupePrioritization value="Oldest"/>
        <Pitch value="-3.000000,-1.000000"/>
        <Select value="Random"/>
        <Spread value="20.000000"/>
        <Volume value="-4.000000,-2.000000"/>
    </CSound>
    <CSound id="RailGun_Launch" parent="Combat">
        <EditorCategories value="Race:Terran"/>
        <AssetArray File="Assets\Sounds\Eradicator_RailGun_Launch_01.wav" FacialGroup=""/>
        <AssetArray File="Assets\Sounds\Eradicator_RailGun_Launch_02.wav" FacialGroup=""/>
        <AssetArray File="Assets\Sounds\Eradicator_RailGun_Launch_03.wav" FacialGroup=""/>
        <AssetArray File="Assets\Sounds\Eradicator_RailGun_Launch_04.wav" FacialGroup=""/>
        <AssetArray File="Assets\Sounds\Eradicator_RailGun_Launch_05.wav" FacialGroup=""/>
        <AssetArray File="Assets\Sounds\Eradicator_RailGun_Launch_06.wav" FacialGroup=""/>
        <DupeDestroyCount value="8"/>
        <DupeMaximumMethod value="Replace"/>
        <DupeMuteCount value="3"/>
        <DupePrioritization value="Oldest"/>
        <OverlapTimeDelta value="50"/>
        <Pitch value="-2.000000,0.000000"/>
        <Volume value="-6.000000,-4.000000"/>
        <VolumeRolloffPoints Distance="15.472779"/>
        <VolumeRolloffPoints Distance="30.802292" Volume="-96.000000"/>
    </CSound>
    <CSound id="Spell_CombatDrugs_Launch" parent="Spell">
        <EditorCategories value="Race:Terran"/>
        <AssetArray File="Assets\Sounds\Reaper_CombatDrugs1a.wav" FacialGroup=""/>
        <AssetArray File="Assets\Sounds\Reaper_CombatDrugs1b.wav" Pitch="-2.700000,-2.700000" FacialGroup=""/>
        <AssetArray File="Assets\Sounds\Reaper_CombatDrugs1c.wav" FacialGroup=""/>
        <AssetArray File="Assets\Sounds\Reaper_CombatDrugs1d.wav" FacialGroup=""/>
        <DupeDestroyCount value="6"/>
        <DupeMuteCount value="3"/>
        <Pitch value="-2.000000,-1.000000"/>
        <Volume value="-16.000000,-15.000000"/>
        <VolumeRolloffPoints Distance="8.000000"/>
        <VolumeRolloffPoints Distance="24.000000" Volume="-96.000000"/>
    </CSound>
    <CSound id="TRaynor02Raynor00037Mod" parent="Campaign" Portrait="RaynorCommanderPortrait" Subtitle="TRaynor02" Speaker="CharRaynor" Line="00037Mod">
        <AssetArray index="0">
            <File value="Assets\sfx\TrainSCV.ogg"/>
            <FacialAnim value="TRaynor02Raynor00037"/>
            <PortraitModel value=""/>
            <Speaker value="ConversationState/Characters/CharRaynor"/>
            <Subtitle value="Conversation//Line00037Mod"/>
        </AssetArray>
    </CSound>
    <CSound id="TTosh01SwannBruta" parent="Campaign" Portrait="SwannPortrait" Subtitle="TTosh01" Speaker="CharSwann" Line="RoastBruta">
        <AssetArray index="0">
            <File value="Assets\sfx\RoastBruta.ogg"/>
            <FacialAnim value="TTosh01SwannBruta"/>
            <PortraitModel value="SwannPortrait"/>
            <Speaker value="ConversationState/Characters/CharSwann"/>
            <Subtitle value="Conversation//LineRoastBruta"/>
        </AssetArray>
    </CSound>
    <CSound id="ExplosiveCharge" parent="Combat">
        <EditorCategories value="Race:Terran"/>
        <AssetArray File="Assets\Sounds\WidowMine_Pulse.wav" FacialGroup=""/>
        <DupeHistoryCount value="3"/>
        <Pitch value="6.000000,6.100000"/>
    </CSound>
    <CSound id="Tosh_Explosives" parent="TerranAck">
        <AssetArray File="Assets\sfx\Tosh_Explosives.ogg" FacialGroup=""/>
    </CSound>
    <CSound id="acObj_Stone_2291" parent="ACVO_Priority" Portrait="GhostPortrait" Subtitle="acObj" Speaker="Stone" Line="02291">
        <Flags index="NeedsUpdate" value="1"/>
        <Flags index="NeedsTTS" value="1"/>
    </CSound>
    <CSound id="acObj_Stone_2292" parent="ACVO_Priority" Portrait="GhostPortrait" Subtitle="acObj" Speaker="Stone" Line="02292">
        <Flags index="NeedsUpdate" value="1"/>
        <Flags index="NeedsTTS" value="1"/>
    </CSound>
    <CSound id="acObj_Stone_2293" parent="ACVO_Priority" Portrait="GhostPortrait" Subtitle="acObj" Speaker="Stone" Line="02293">
        <Flags index="NeedsUpdate" value="1"/>
        <Flags index="NeedsTTS" value="1"/>
    </CSound>
    <CSound id="acObj_Stone_2301" parent="ACVO_Priority" Portrait="GhostPortrait" Subtitle="acObj" Speaker="Stone" Line="02301">
        <Flags index="NeedsUpdate" value="1"/>
        <Flags index="NeedsTTS" value="1"/>
    </CSound>
    <CSound id="acObj_Stone_2302" parent="ACVO_Priority" Portrait="GhostPortrait" Subtitle="acObj" Speaker="Stone" Line="02302">
        <Flags index="NeedsUpdate" value="1"/>
        <Flags index="NeedsTTS" value="1"/>
    </CSound>
</Catalog>
