<?xml version="1.0" encoding="utf-8"?>
<Catalog>
    <!--Infestor no longer has InfestorDisease ability-->
    <CTacticalSet id="Infestor">
        <Array value="InfestorFungal"/>
        <!--<Array value="InfestorDisease"/>-->
    </CTacticalSet>
    <CTacticalOrder id="InfestorFungal">
        <Abil value="FungalGrowth"/>
        <TargetFind value="InfestorFungal"/>
    </CTacticalOrder>
    <CTacticalSet id="Karass">
        <Array value="KarassPlasmaSurge"/>
        <Array value="KarassPsiStorm"/>
    </CTacticalSet>
    <CTacticalOrder id="KarassPlasmaSurge">
        <Abil value="KarassPlasmaSurge"/>
        <TargetFind value="KarassPlasmaSurgeSearch"/>
    </CTacticalOrder>
    <CTacticalOrder id="KarassPsiStorm">
        <Abil value="KarassPsiStorm"/>
        <TargetFind value="PsiStormKarass"/>
    </CTacticalOrder>
    <CTacticalSet id="Spectre">
        <Array value="SpectreEMP"/>
        <Array value="SpectreUltrasonic"/>
    </CTacticalSet>
    <CTacticalOrder id="SpectreEMP">
        <Abil value="EMPSpectre"/>
        <TargetFind value="EMP"/>
    </CTacticalOrder>
    <CTacticalOrder id="SpectreUltrasonic">
        <Abil value="UltrasonicPulse"/>
        <TargetFind value="PsiStorm"/>
    </CTacticalOrder>
    <CTacticalOrder id="Thor">
        <Abil value="330mmBarrageCannons"/>
        <TargetFind value="330mmBarrage"/>
    </CTacticalOrder>
</Catalog>
