<?xml version="1.0" encoding="utf-8"?>
<Catalog>
    <CTargetFindSet id="330mmBarrage">
        <Type value="Successful"/>
        <Array value="330mmBarrageNormal"/>
        <Array value="330mmBarrageLow"/>
    </CTargetFindSet>
    <CTargetFindBestPoint id="330mmBarrageBestPointNormal">
        <Flags index="EvaluateCmd" value="1"/>
        <DamageBase value="500"/>
        <Effect value="330mmBarrageCannonsDamage"/>
        <MinScore value="3"/>
    </CTargetFindBestPoint>
    <CTargetFindSet id="330mmBarrageLow">
        <CasterValidator value="CasterLifeLT50Percent"/>
        <Type value="Sequential"/>
        <Array value="330mmBarrageDamage"/>
        <Array value="330mmBarrageBestPointLow"/>
    </CTargetFindSet>
    <CTargetFindBestPoint id="330mmBarrageBestPointLow">
        <Flags index="EvaluateCmd" value="1"/>
        <DamageBase value="200"/>
        <Effect value="330mmBarrageCannonsDamage"/>
        <MinScore value="1"/>
    </CTargetFindBestPoint>
    <CTargetFindEffect id="330mmBarrageDamage">
        <Effect value="330mmBarrageCannonsDamage"/>
    </CTargetFindEffect>
    <CTargetFindSet id="330mmBarrageNormal">
        <Type value="Sequential"/>
        <Array value="330mmBarrageDamage"/>
        <Array value="330mmBarrageBestPointNormal"/>
    </CTargetFindSet>
    <!--    -->
    <!--    Stalker Blink-->
    <!--    -->
    <!--    -->
    <CTargetFindSet id="Blink">
        <CasterValidator value=""/>
    </CTargetFindSet>
    <!-- If we have an attack target and it is outside of attack range, blink to within attack range. -->
    <CTargetFindSet id="BlinkAttack">
        <TargetValidator value="IsSiegeTank"/>
    </CTargetFindSet>
    <CTargetFindOffset id="BlinkAttackOffset">
        <TargetValidator value="IsSiegeTank"/>
    </CTargetFindOffset>
    <CTargetFindSet id="InfestorFungal">
        <Type value="Sequential"/>
        <Array value="InfestorFungalSearch"/>
        <Array value="InfestorFungalBestPoint"/>
    </CTargetFindSet>
    <CTargetFindBestPoint id="InfestorFungalBestPoint">
        <Flags index="EvaluateCmd" value="1"/>
        <DamageBase value="30"/>
        <Effect value="FungalGrowthSearch"/>
        <MinCount value="5"/>
        <MinScore value="3"/>
    </CTargetFindBestPoint>
    <CTargetFindEffect id="InfestorFungalSearch">
        <TargetValidator value="IsNotFungalGrowthed"/>
        <Effect value="FungalGrowthSearch"/>
    </CTargetFindEffect>
    <CTargetFindEffect id="KarassPlasmaSurgeSearch">
        <TargetFilters value="Visible;Ally,Neutral,Enemy"/>
        <TargetValidator value="ShieldLQuarter"/>
        <Effect value="KarassPlasmaSurgeSearchArea"/>
    </CTargetFindEffect>
    <CTargetFindBestPoint id="PsiStormBestPointKarass">
        <Flags index="EvaluateCmd" value="1"/>
        <DamageBase value="40"/>
        <Effect value="KarassPsiStormSearch"/>
        <MinCount value="3"/>
        <MinScore value="2.5"/>
    </CTargetFindBestPoint>
    <CTargetFindBestPoint id="PlasmaSurgeBestPointKarass">
        <Flags index="EvaluateCmd" value="1"/>
        <Effect value="KarassPlasmaSurgeSearchArea"/>
        <MinCount value="3"/>
        <MinScore value="1"/>
    </CTargetFindBestPoint>
    <CTargetFindSet id="PsiStormKarass">
        <Type value="Sequential"/>
        <Array value="KarassPsiStormSearch"/>
        <Array value="PsiStormBestPointKarass"/>
    </CTargetFindSet>
    <CTargetFindEffect id="KarassPsiStormSearch">
        <TargetFilters value="Visible;Player,Ally,Neutral,Air"/>
        <TargetValidator value="PsiStormTestBuffKarass"/>
    </CTargetFindEffect>
    <CTargetFindSet id="PlasmaSurge">
        <Type value="Sequential"/>
        <Array value="KarassPlasmaSurgeSearch"/>
        <Array value="PlasmaSurgeBestPointKarass"/>
    </CTargetFindSet>
</Catalog>
