<?xml version="1.0" encoding="utf-8"?>
<Catalog>
    <CUpgrade id="BearclawNozzles">
        <EffectArray index="0" Reference="Effect,FirebatUFull,AreaArray[0].Radius" Value="0.4"/>
        <EffectArray index="1" Reference="Effect,DevilDogDamage,AreaArray[0].Radius" Value="0.4"/>
        <EffectArray index="2" removed="1"/>
        <EffectArray index="3" removed="1"/>
        <EffectArray index="4" removed="1"/>
        <EffectArray index="5" removed="1"/>
        <EffectArray index="6" removed="1"/>
        <EffectArray index="7" removed="1"/>
        <EffectArray index="8" removed="1"/>
        <EffectArray index="9" removed="1"/>
    </CUpgrade>
    <CUpgrade id="HiSecAutoTracking">
        <EffectArray Reference="Weapon,ConcussiveGrenades,Range" Value="1"/>
        <BonusResourcePerLevel index="Minerals" value="1000"/>
    </CUpgrade>
    <CUpgrade id="LowPower">
        <EditorCategories value="Race:Neutral"/>
    </CUpgrade>
    <CUpgrade id="ProtossShieldsLevel1">
        <EffectArray index="1" Value="2.667"/>
        <EffectArray index="3" Value="2.667"/>
        <EffectArray index="5" Value="2.667"/>
        <EffectArray index="7" Value="2.667"/>
        <EffectArray index="9" Value="2.667"/>
        <EffectArray index="11" Value="2.667"/>
        <EffectArray index="13" Value="2.667"/>
        <EffectArray index="15" Value="2.667"/>
        <EffectArray index="17" Value="2.667"/>
        <EffectArray index="19" Value="2.667"/>
        <EffectArray index="21" Value="2.667"/>
        <EffectArray index="23" Value="2.667"/>
        <EffectArray index="25" Value="2.667"/>
        <EffectArray index="27" Value="2.667"/>
        <EffectArray index="29" Value="2.667"/>
        <EffectArray index="31" Value="2.667"/>
        <EffectArray index="32" Value="2.667"/>
        <EffectArray index="35" Value="2.667"/>
        <EffectArray index="37" Value="2.667"/>
        <EffectArray index="39" Value="2.667"/>
        <EffectArray index="41" Value="2.667"/>
        <EffectArray index="43" Value="2.667"/>
        <EffectArray index="45" Value="2.667"/>
        <EffectArray index="47" Value="2.667"/>
        <EffectArray index="48" Value="2.667"/>
        <EffectArray index="51" Value="2.667"/>
        <EffectArray index="53" Value="2.667"/>
        <EffectArray index="55" Value="2.667"/>
        <EffectArray index="57" Value="2.667"/>
        <EffectArray index="59" Value="2.667"/>
        <EffectArray index="61" Value="2.667"/>
        <EffectArray index="63" Value="2.667"/>
        <EffectArray index="96" Value="2.667"/>
        <EffectArray index="98" Value="2.667"/>
        <EffectArray index="100" Value="2.667"/>
        <EffectArray index="102" Value="2.667"/>
        <EffectArray index="104" Value="2.667"/>
        <EffectArray index="106" Value="2.667"/>
        <EffectArray index="108" Value="2.667"/>
        <EffectArray index="110" Value="2.667"/>
        <EffectArray index="113" Value="2.667"/>
        <EffectArray index="114" Value="2.667"/>
        <EffectArray index="117" Value="2.667"/>
        <EffectArray index="119" Value="2.667"/>
        <EffectArray index="121" Value="2.667"/>
        <EffectArray index="128" removed="1"/>
        <EffectArray index="129" removed="1"/>
        <EffectArray index="130" removed="1"/>
        <EffectArray index="131" removed="1"/>
        <EffectArray index="132" removed="1"/>
        <EffectArray index="133" removed="1"/>
        <EffectArray index="134" removed="1"/>
    </CUpgrade>
    <CUpgrade id="TerranBuildingArmor">
        <EffectArray index="0" Value="1.000000"/>
        <EffectArray index="1" Value="1"/>
        <EffectArray index="2" Value="1.000000"/>
        <EffectArray index="3" Value="1"/>
        <EffectArray index="4" Value="1.000000"/>
        <EffectArray index="5" Value="1"/>
        <EffectArray index="6" Value="1.000000"/>
        <EffectArray index="7" Value="1"/>
        <EffectArray index="8" Value="1.000000"/>
        <EffectArray index="9" Value="1"/>
        <EffectArray index="10" Value="1.000000"/>
        <EffectArray index="11" Value="1"/>
        <EffectArray index="12" Value="1.000000"/>
        <EffectArray index="13" Value="1"/>
        <EffectArray index="14" Value="1.000000"/>
        <EffectArray index="15" Value="1"/>
        <EffectArray index="16" Value="1.000000"/>
        <EffectArray index="17" Value="1"/>
        <EffectArray index="18" Value="1.000000"/>
        <EffectArray index="19" Value="1"/>
        <EffectArray index="20" Value="1.000000"/>
        <EffectArray index="21" Value="1"/>
        <EffectArray index="22" Value="1.000000"/>
        <EffectArray index="23" Value="1"/>
        <EffectArray index="24" Value="1.000000"/>
        <EffectArray index="25" Value="1"/>
        <EffectArray index="26" Value="1.000000"/>
        <EffectArray index="27" Value="1"/>
        <EffectArray index="28" Value="1.000000"/>
        <EffectArray index="29" Value="1"/>
        <EffectArray index="30" Value="1.000000"/>
        <EffectArray index="31" Value="1"/>
        <EffectArray index="32" Value="1.000000"/>
        <EffectArray index="33" Value="1"/>
        <EffectArray index="34" Value="1.000000"/>
        <EffectArray index="35" Value="1"/>
        <EffectArray index="36" Value="1.000000"/>
        <EffectArray index="37" Value="1"/>
        <EffectArray index="38" Value="1.000000"/>
        <EffectArray index="39" Value="1"/>
        <EffectArray index="40" Value="1.000000"/>
        <EffectArray index="41" Value="1"/>
        <EffectArray index="42" Value="1.000000"/>
        <EffectArray index="43" Value="1"/>
        <EffectArray index="44" Value="1.000000"/>
        <EffectArray index="45" Value="1"/>
        <EffectArray index="46" Value="1.000000"/>
        <EffectArray index="47" Value="1"/>
        <EffectArray index="48" Value="1.000000"/>
        <EffectArray index="49" Value="1"/>
        <EffectArray index="50" Value="1"/>
        <EffectArray index="51" Value="1"/>
        <EffectArray index="52" Value="1.000000"/>
        <EffectArray index="53" Value="1"/>
        <EffectArray index="54" Value="1.000000"/>
        <EffectArray index="55" Value="1"/>
        <EffectArray index="56" Value="1.000000"/>
        <EffectArray index="57" Value="1"/>
        <EffectArray index="58" Value="1.000000"/>
        <EffectArray index="59" Value="1"/>
        <EffectArray index="60" Value="1"/>
        <EffectArray index="61" Value="1"/>
        <EffectArray index="62" Value="1.000000"/>
        <EffectArray index="63" Value="1"/>
        <EffectArray index="64" Value="1.000000"/>
        <EffectArray index="65" Value="1"/>
        <EffectArray index="66" Value="1.000000"/>
        <EffectArray index="67" Value="1"/>
        <EffectArray index="68" Value="1.000000"/>
        <EffectArray index="69" Value="1"/>
        <EffectArray index="70" Value="1.000000"/>
        <EffectArray index="71" Value="1"/>
        <EffectArray index="72" Value="1.000000"/>
        <EffectArray index="73" Value="1"/>
        <EffectArray index="74" Value="1.000000"/>
        <EffectArray index="75" Value="1"/>
        <EffectArrayTemplate Reference="Unit,^ParamId^,LifeArmor" Value="1"/>
        <EffectArrayTemplate Reference="Unit,^ParamId^,LifeArmorLevel" Value="1"/>
        <BonusResourcePerLevel index="Minerals" value="2000"/>
    </CUpgrade>
    <CUpgrade id="TerranInfantryUltraCapacitors">
        <EffectArray Reference="Weapon,GuassRifle,RateMultiplier" Value="0.2"/>
        <EffectArray Reference="Weapon,P38ScytheGuassPistol,RateMultiplier" Value="0.2"/>
        <EffectArray Reference="Weapon,D8Charge,RateMultiplier" Value="0.2"/>
        <EffectArray Reference="Weapon,PunisherGrenades,RateMultiplier" Value="0.2"/>
        <EffectArray Reference="Weapon,C10CanisterRifle,RateMultiplier" Value="0.2"/>
        <EffectArray Reference="Weapon,Firebat,RateMultiplier" Value="0.2"/>
        <EffectArray Reference="Weapon,Specter,RateMultiplier" Value="0.2"/>
        <EffectArray Reference="Weapon,KelmorianMinerGaussRifle,RateMultiplier" Value="0.2"/>
        <EffectArray Reference="Weapon,HammerSecurity,RateMultiplier" Value="0.2"/>
        <EffectArray Reference="Weapon,DevilDogFlameThrower,RateMultiplier" Value="0.2"/>
        <EffectArray Reference="Weapon,CommandoRifle,RateMultiplier" Value="0.2"/>
        <EffectArray Reference="Weapon,RaynorWeapon,RateMultiplier" Value="0.2"/>
        <EffectArray Reference="Weapon,TychusCommandoChaingun,RateMultiplier" Value="0.2"/>
        <EffectArray Reference="Weapon,TychusChaingun,RateMultiplier" Value="0.2"/>
        <EffectArray Reference="Weapon,DutchConcussiveGrenade,RateMultiplier" Value="0.2"/>
        <EffectArray Reference="Weapon,SwannMelee,RateMultiplier" Value="0.2"/>
        <EffectArray Reference="Weapon,Nova,RateMultiplier" Value="0.2"/>
        <EffectArray Reference="Weapon,Tosh,RateMultiplier" Value="0.2"/>
        <EffectArray Reference="Weapon,RaynorGaussRifle,RateMultiplier" Value="0.2"/>
        <EffectArrayTemplate Reference="Weapon,^ParamId^,RateMultiplier" Value="0.2"/>
        <EditorCategories value="Race:Terran,UpgradeType:AttackBonus"/>
        <BonusResourcePerLevel index="Minerals" value="3000"/>
    </CUpgrade>
    <CUpgrade id="TerranInfantryVanadiumPlating">
        <EffectArray Reference="Unit,SCV,LifeArmorLevel" Value="1"/>
        <EffectArray Reference="Unit,SCV,LifeArmor" Value="1"/>
        <EffectArray Reference="Unit,Marine,LifeArmorLevel" Value="1"/>
        <EffectArray Reference="Unit,Marine,LifeArmor" Value="1"/>
        <EffectArray Reference="Unit,Reaper,LifeArmorLevel" Value="1"/>
        <EffectArray Reference="Unit,Reaper,LifeArmor" Value="1"/>
        <EffectArray Reference="Unit,Marauder,LifeArmorLevel" Value="1"/>
        <EffectArray Reference="Unit,Marauder,LifeArmor" Value="1"/>
        <EffectArray Reference="Unit,Ghost,LifeArmorLevel" Value="1"/>
        <EffectArray Reference="Unit,Ghost,LifeArmor" Value="1"/>
        <EffectArray Reference="Unit,MULE,LifeArmor" Value="1"/>
        <EffectArray Reference="Unit,MULE,LifeArmorLevel" Value="1"/>
        <EffectArray Reference="Unit,Firebat,LifeArmorLevel" Value="1"/>
        <EffectArray Reference="Unit,Firebat,LifeArmor" Value="1"/>
        <EffectArray Reference="Unit,Medic,LifeArmorLevel" Value="1"/>
        <EffectArray Reference="Unit,Medic,LifeArmor" Value="1"/>
        <EffectArray Reference="Unit,Spectre,LifeArmorLevel" Value="1"/>
        <EffectArray Reference="Unit,Spectre,LifeArmor" Value="1"/>
        <EffectArray Reference="Unit,WarPig,LifeArmorLevel" Value="1"/>
        <EffectArray Reference="Unit,WarPig,LifeArmor" Value="1"/>
        <EffectArray Reference="Unit,HammerSecurity,LifeArmorLevel" Value="1"/>
        <EffectArray Reference="Unit,HammerSecurity,LifeArmor" Value="1"/>
        <EffectArray Reference="Unit,DevilDog,LifeArmorLevel" Value="1"/>
        <EffectArray Reference="Unit,DevilDog,LifeArmor" Value="1"/>
        <EffectArray Reference="Unit,DominionKillTeam,LifeArmorLevel" Value="1"/>
        <EffectArray Reference="Unit,DominionKillTeam,LifeArmor" Value="1"/>
        <EffectArray Reference="Unit,RaynorCommando,LifeArmorLevel" Value="1"/>
        <EffectArray Reference="Unit,RaynorCommando,LifeArmor" Value="1"/>
        <EffectArray Reference="Unit,Raynor,LifeArmorLevel" Value="1"/>
        <EffectArray Reference="Unit,Raynor,LifeArmor" Value="1"/>
        <EffectArray Reference="Unit,TychusCommando,LifeArmorLevel" Value="1"/>
        <EffectArray Reference="Unit,TychusCommando,LifeArmor" Value="1"/>
        <EffectArray Reference="Unit,TychusChaingun,LifeArmorLevel" Value="1"/>
        <EffectArray Reference="Unit,TychusChaingun,LifeArmor" Value="1"/>
        <EffectArray Reference="Unit,Swann,LifeArmorLevel" Value="1"/>
        <EffectArray Reference="Unit,Swann,LifeArmor" Value="1"/>
        <EffectArray Reference="Unit,Stetmann,LifeArmorLevel" Value="1"/>
        <EffectArray Reference="Unit,Stetmann,LifeArmor" Value="1"/>
        <EffectArray Reference="Unit,Nova,LifeArmorLevel" Value="1"/>
        <EffectArray Reference="Unit,Nova,LifeArmor" Value="1"/>
        <EffectArray Reference="Unit,Tosh,LifeArmorLevel" Value="1"/>
        <EffectArray Reference="Unit,Tosh,LifeArmor" Value="1"/>
        <EffectArrayTemplate Reference="Unit,^ParamId^,LifeArmorLevel" Value="1"/>
        <EffectArrayTemplate Reference="Unit,^ParamId^,LifeArmor" Value="1"/>
        <EditorCategories value="Race:Terran,UpgradeType:ArmorBonus"/>
        <BonusResourcePerLevel index="Minerals" value="3000"/>
    </CUpgrade>
    <CUpgrade id="TwinLinkedFlameThrowers">
        <EffectArray index="0" Reference="Effect,InfernalFlameThrower,AreaArray[0].Radius"/>
    </CUpgrade>
    <CUpgrade id="ZergGroundArmorsLevel1">
        <EffectArray index="0" Reference="Unit,Zergling,LifeArmorLevel"/>
        <EffectArray index="1" Reference="Unit,Zergling,LifeArmor"/>
        <EffectArray index="2" Reference="Unit,ZerglingBurrowed,LifeArmorLevel"/>
        <EffectArray index="3" Reference="Unit,ZerglingBurrowed,LifeArmor"/>
        <EffectArray index="4" Reference="Unit,Baneling,LifeArmorLevel"/>
        <EffectArray index="5" Reference="Unit,Baneling,LifeArmor"/>
        <EffectArray index="6" Reference="Unit,BanelingBurrowed,LifeArmorLevel"/>
        <EffectArray index="7" Reference="Unit,BanelingBurrowed,LifeArmor"/>
        <EffectArray index="8" Reference="Unit,Roach,LifeArmorLevel"/>
        <EffectArray index="9" Reference="Unit,Roach,LifeArmor"/>
        <EffectArray index="10" Reference="Unit,RoachBurrowed,LifeArmorLevel"/>
        <EffectArray index="11" Reference="Unit,RoachBurrowed,LifeArmor"/>
        <EffectArray index="12" Reference="Unit,Ultralisk,LifeArmorLevel"/>
        <EffectArray index="13" Reference="Unit,Ultralisk,LifeArmor"/>
        <EffectArray index="14" Reference="Unit,UltraliskBurrowed,LifeArmorLevel"/>
        <EffectArray index="15" Reference="Unit,UltraliskBurrowed,LifeArmor"/>
        <EffectArray index="16" Reference="Unit,BanelingCocoon,LifeArmorLevel"/>
        <EffectArray index="17" Reference="Unit,BanelingCocoon,LifeArmor"/>
        <EffectArray index="18" Reference="Unit,InfestedAbomination,LifeArmor" Value="1.000000"/>
        <EffectArray index="19" Reference="Unit,InfestedAbomination,LifeArmorLevel"/>
        <EffectArray index="20" Reference="Unit,InfestedAbominationBurrowed,LifeArmor" Value="1.000000"/>
        <EffectArray index="21" Reference="Unit,InfestedAbominationBurrowed,LifeArmorLevel"/>
        <EffectArray index="22" Reference="Unit,Omegalisk,LifeArmorLevel"/>
        <EffectArray index="23" Reference="Unit,OmegaliskBurrowed,LifeArmor" Value="1.000000"/>
        <EffectArray index="24" Reference="Unit,OmegaliskBurrowed,LifeArmorLevel"/>
        <EffectArray index="25" Reference="Unit,KerriganChar,LifeArmorLevel"/>
        <EffectArray index="26" Reference="Unit,KerriganChar,LifeArmor"/>
        <EffectArray index="27" Reference="Unit,Omegalisk,LifeArmor"/>
        <EffectArray index="28" removed="1"/>
        <EffectArray index="29" removed="1"/>
        <EffectArray index="30" removed="1"/>
        <EffectArray index="31" removed="1"/>
        <EffectArray index="32" removed="1"/>
        <EffectArray index="33" removed="1"/>
        <EffectArray index="34" removed="1"/>
        <EffectArray index="35" removed="1"/>
        <EffectArray index="36" removed="1"/>
        <EffectArray index="37" removed="1"/>
        <EffectArray index="38" removed="1"/>
        <EffectArray index="39" removed="1"/>
        <EffectArray index="40" removed="1"/>
        <EffectArray index="41" removed="1"/>
        <EffectArray index="42" removed="1"/>
        <EffectArray index="43" removed="1"/>
        <EffectArray index="44" removed="1"/>
        <EffectArray index="45" removed="1"/>
        <EffectArray index="46" removed="1"/>
        <EffectArray index="47" removed="1"/>
        <EffectArray index="48" removed="1"/>
        <EffectArray index="49" removed="1"/>
        <EffectArray index="50" removed="1"/>
        <EffectArray index="51" removed="1"/>
        <EffectArray index="52" removed="1"/>
        <EffectArray index="53" removed="1"/>
        <EffectArray index="54" removed="1"/>
        <EffectArray index="55" removed="1"/>
        <EffectArray index="56" removed="1"/>
        <EffectArray index="57" removed="1"/>
        <EffectArray index="58" removed="1"/>
        <EffectArray index="59" removed="1"/>
        <EffectArray index="60" removed="1"/>
        <EffectArray index="61" removed="1"/>
        <EffectArray index="62" removed="1"/>
        <EffectArray index="63" removed="1"/>
        <EffectArray index="64" removed="1"/>
        <EffectArray index="65" removed="1"/>
        <EffectArray index="66" removed="1"/>
        <EffectArray index="67" removed="1"/>
        <EffectArray index="68" removed="1"/>
        <EffectArray index="69" removed="1"/>
        <EffectArray index="70" removed="1"/>
        <EffectArray index="71" removed="1"/>
        <EffectArray index="72" removed="1"/>
        <EffectArray index="73" removed="1"/>
        <EffectArray index="74" removed="1"/>
        <EffectArray index="75" removed="1"/>
        <EffectArray index="76" removed="1"/>
        <EffectArray index="77" removed="1"/>
        <EffectArray index="78" removed="1"/>
        <EffectArray index="79" removed="1"/>
        <EffectArray index="80" removed="1"/>
        <EffectArray index="81" removed="1"/>
        <EffectArray index="82" removed="1"/>
        <EffectArray index="83" removed="1"/>
        <EffectArray index="84" removed="1"/>
        <EffectArray index="85" removed="1"/>
        <EffectArray index="86" removed="1"/>
        <EffectArray index="87" removed="1"/>
        <EffectArray index="88" removed="1"/>
        <EffectArray index="89" removed="1"/>
        <EffectArray index="90" removed="1"/>
        <EffectArray index="91" removed="1"/>
        <EffectArray index="92" removed="1"/>
    </CUpgrade>
    <CUpgrade id="ZergGroundArmorsLevel2">
        <EffectArray index="0" Reference="Unit,Roach,LifeArmorLevel"/>
        <EffectArray index="1" Reference="Unit,Roach,LifeArmor" Value="2"/>
        <EffectArray index="2" Reference="Unit,RoachBurrowed,LifeArmorLevel"/>
        <EffectArray index="3" Reference="Unit,RoachBurrowed,LifeArmor" Value="2"/>
        <EffectArray index="4" Operation="AddBaseMultiply" Reference="Unit,Ultralisk,Speed" Value="0.398400"/>
        <EffectArray index="5" Operation="AddBaseMultiply" Reference="Unit,Omegalisk,Speed" Value="0.398400"/>
        <EffectArray index="6" Operation="Set" Reference="Unit,Drone,SpeedMultiplierCreep" Value="2"/>
        <EffectArray index="7" Operation="Set" Reference="Unit,DroneBurrowed,SpeedMultiplierCreep" Value="2"/>
        <EffectArray index="8" Operation="Set" Reference="Unit,Zergling,SpeedMultiplierCreep" Value="2"/>
        <EffectArray index="9" Operation="Set" Reference="Unit,ZerglingBurrowed,SpeedMultiplierCreep" Value="2"/>
        <EffectArray index="10" Operation="Set" Reference="Unit,Hydralisk,SpeedMultiplierCreep" Value="2"/>
        <EffectArray index="11" Operation="Set" Reference="Unit,HydraliskBurrowed,SpeedMultiplierCreep" Value="2"/>
        <EffectArray index="12" Operation="Set" Reference="Unit,Baneling,SpeedMultiplierCreep" Value="2"/>
        <EffectArray index="13" Operation="Set" Reference="Unit,BanelingBurrowed,SpeedMultiplierCreep" Value="2"/>
        <EffectArray index="14" Operation="Set" Reference="Unit,Roach,SpeedMultiplierCreep" Value="2"/>
        <EffectArray index="15" Operation="Set" Reference="Unit,RoachBurrowed,SpeedMultiplierCreep" Value="2"/>
        <EffectArray index="16" Operation="Set" Reference="Unit,Ultralisk,SpeedMultiplierCreep" Value="2"/>
        <EffectArray index="17" Operation="Set" Reference="Unit,UltraliskBurrowed,SpeedMultiplierCreep" Value="2"/>
        <EffectArray index="18" Operation="Set" Reference="Unit,Queen,SpeedMultiplierCreep" Value="2"/>
        <EffectArray index="19" Operation="Set" Reference="Unit,QueenBurrowed,SpeedMultiplierCreep" Value="2"/>
        <EffectArray index="20" Operation="Set" Reference="Unit,Infestor,SpeedMultiplierCreep" Value="2"/>
        <EffectArray index="21" Operation="Set" Reference="Unit,Broodling,SpeedMultiplierCreep" Value="2"/>
        <EffectArray index="22" Operation="Set" Reference="Unit,InfestorTerranBurrowed,SpeedMultiplierCreep" Value="2"/>
        <EffectArray index="23" Operation="Set" Reference="Unit,BanelingCocoon,SpeedMultiplierCreep" Value="2"/>
        <EffectArray index="24" Operation="Set" Reference="Unit,InfestedCivilian,SpeedMultiplierCreep" Value="2"/>
        <EffectArray index="25" Operation="Set" Reference="Unit,InfestedCivilianBurrowed,SpeedMultiplierCreep" Value="2"/>
        <EffectArray index="26" Operation="Set" Reference="Unit,InfestedTerranCampaign,SpeedMultiplierCreep" Value="2"/>
        <EffectArray index="27" Operation="Set" Reference="Unit,InfestedTerranCampaignBurrowed,SpeedMultiplierCreep" Value="2"/>
        <EffectArray index="28" Operation="Set" Reference="Unit,InfestedAbomination,SpeedMultiplierCreep" Value="2"/>
        <EffectArray index="29" Operation="Set" Reference="Unit,InfestedAbominationBurrowed,SpeedMultiplierCreep" Value="2"/>
        <EffectArray index="30" Operation="Set" Reference="Unit,Lurker,SpeedMultiplierCreep" Value="2"/>
        <EffectArray index="31" Operation="Set" Reference="Unit,LurkerBurrowed,SpeedMultiplierCreep" Value="2"/>
        <EffectArray index="32" Operation="Set" Reference="Unit,Omegalisk,SpeedMultiplierCreep" Value="2"/>
        <EffectArray index="33" Operation="Set" Reference="Unit,OmegaliskBurrowed,SpeedMultiplierCreep" Value="2"/>
        <EffectArray index="34" Operation="Set" Reference="Unit,Swarmling,SpeedMultiplierCreep" Value="2"/>
        <EffectArray index="35" Operation="Set" Reference="Unit,HunterKiller,SpeedMultiplierCreep" Value="2"/>
        <EffectArray index="36" Operation="Set" Reference="Unit,HunterKillerBurrowed,SpeedMultiplierCreep" Value="2"/>
        <EffectArray index="37" Operation="Set" Reference="Unit,KerriganChar,SpeedMultiplierCreep" Value="2"/>
        <EffectArray index="38" Operation="Set" Reference="Unit,HybridDestroyer,SpeedMultiplierCreep" Value="2"/>
        <EffectArray index="39" Operation="Set" Reference="Unit,HybridReaver,SpeedMultiplierCreep" Value="2"/>
        <EffectArray index="40" removed="1"/>
        <EffectArray index="41" removed="1"/>
        <EffectArray index="42" removed="1"/>
        <EffectArray index="43" removed="1"/>
        <EffectArray index="44" removed="1"/>
        <EffectArray index="45" removed="1"/>
        <EffectArray index="46" removed="1"/>
        <EffectArray index="47" removed="1"/>
        <EffectArray index="48" removed="1"/>
        <EffectArray index="49" removed="1"/>
        <EffectArray index="50" removed="1"/>
        <EffectArray index="51" removed="1"/>
        <EffectArray index="52" removed="1"/>
        <EffectArray index="53" removed="1"/>
        <EffectArray index="54" removed="1"/>
        <EffectArray index="55" removed="1"/>
        <EffectArray index="56" removed="1"/>
        <EffectArray index="57" removed="1"/>
        <EffectArray index="58" removed="1"/>
        <EffectArray index="59" removed="1"/>
        <EffectArray index="60" removed="1"/>
        <EffectArray index="61" removed="1"/>
        <EffectArray index="62" removed="1"/>
        <EffectArray index="63" removed="1"/>
        <EffectArray index="64" removed="1"/>
        <EffectArray index="65" removed="1"/>
        <EffectArray index="66" removed="1"/>
        <EffectArray index="67" removed="1"/>
        <EffectArray index="68" removed="1"/>
        <EffectArray index="69" removed="1"/>
        <EffectArray index="70" removed="1"/>
        <EffectArray index="71" removed="1"/>
        <EffectArray index="72" removed="1"/>
        <EffectArray index="73" removed="1"/>
        <EffectArray index="74" removed="1"/>
        <EffectArray index="75" removed="1"/>
        <EffectArray index="76" removed="1"/>
        <EffectArray index="77" removed="1"/>
        <EffectArray index="78" removed="1"/>
        <EffectArray index="79" removed="1"/>
        <EffectArray index="80" removed="1"/>
        <EffectArray index="81" removed="1"/>
        <EffectArray index="82" removed="1"/>
        <EffectArray index="83" removed="1"/>
        <EffectArray index="84" removed="1"/>
        <EffectArray index="85" removed="1"/>
        <EffectArray index="86" removed="1"/>
        <EffectArray index="87" removed="1"/>
        <EffectArray index="88" removed="1"/>
        <EffectArray index="89" removed="1"/>
        <EffectArray index="90" removed="1"/>
        <EffectArray index="91" removed="1"/>
        <EffectArray index="92" removed="1"/>
    </CUpgrade>
    <CUpgrade id="ZergGroundArmorsLevel3"/>
    <CUpgrade id="ZergMeleeWeaponsLevel1">
        <EffectArray index="0" Reference="Weapon,Ram,Level"/>
        <EffectArray index="1" Operation="Multiply" Reference="Effect,Ram,Amount" Value="1.3"/>
        <EffectArray index="2" Reference="Weapon,NeedleClaws,Level"/>
        <EffectArray index="3" Operation="Multiply" Reference="Effect,VolatileBurstU,Amount" Value="1.4"/>
        <EffectArray index="4" Operation="Multiply" Reference="Effect,VolatileBurstU2,Amount" Value="1.4"/>
        <EffectArray index="5" Operation="Multiply" Reference="Effect,VolatileBurstFriendlyUnitDamage,Amount" Value="1.4"/>
        <EffectArray index="6" Operation="Multiply" Reference="Effect,VolatileBurstFriendlyBuildingDamage,Amount" Value="1.4"/>
        <EffectArray index="7" Reference="Weapon,VolatileBurstDummy,Level"/>
        <EffectArray index="8" Operation="Multiply" Reference="Effect,InfestedClawsDamage,Amount" Value="1.2"/>
        <EffectArray index="9" Reference="Weapon,InfestedClaws,Level" Value="1"/>
        <EffectArray index="10" Operation="Multiply" Reference="Effect,OmegaliskHeadAttackDamage,Amount" Value="1.3"/>
        <EffectArray index="11" Reference="Weapon,OmegaliskHeadAttack,Level" Value="1"/>
        <EffectArray index="12" Reference="Effect,Val03RazorTalonsDamage,Amount" Value="5.000000"/>
        <EffectArray index="13" removed="1"/>
        <EffectArray index="14" removed="1"/>
        <EffectArray index="15" removed="1"/>
        <EffectArray index="16" removed="1"/>
        <EffectArray index="17" removed="1"/>
        <EffectArray index="18" removed="1"/>
        <EffectArray index="19" removed="1"/>
        <EffectArray index="20" removed="1"/>
        <EffectArray index="21" removed="1"/>
        <EffectArray index="22" removed="1"/>
        <EffectArray index="23" removed="1"/>
        <EffectArray index="24" removed="1"/>
        <EffectArray index="25" removed="1"/>
        <EffectArray index="26" removed="1"/>
        <EffectArray index="27" removed="1"/>
        <EffectArray index="28" removed="1"/>
        <EffectArray index="29" removed="1"/>
        <EffectArray index="30" removed="1"/>
        <EffectArray index="31" removed="1"/>
        <EffectArray index="32" removed="1"/>
        <EffectArray index="33" removed="1"/>
        <EffectArray index="34" removed="1"/>
        <EffectArray index="35" removed="1"/>
        <EffectArray index="36" removed="1"/>
        <EffectArray index="37" removed="1"/>
        <EffectArray index="38" removed="1"/>
        <EffectArray index="39" removed="1"/>
        <EffectArray index="40" removed="1"/>
        <EffectArray index="41" removed="1"/>
        <EffectArray index="42" removed="1"/>
        <EffectArray index="43" removed="1"/>
    </CUpgrade>
    <CUpgrade id="ZergMeleeWeaponsLevel2">
        <EffectArray index="0" Operation="Multiply" Reference="Effect,Claws,Amount" Value="1.5"/>
        <EffectArray index="1" Operation="Multiply" Reference="Effect,KaiserBladesDamage,Amount" Value="1.3"/>
        <EffectArray index="2" Operation="Multiply" Reference="Effect,OmegaliskU,Amount" Value="1.3"/>
        <EffectArray index="3" Operation="Multiply" Reference="Effect,OmegaliskCleaveMU,Amount" Value="1.3"/>
        <EffectArray index="4" removed="1"/>
        <EffectArray index="5" removed="1"/>
        <EffectArray index="6" removed="1"/>
        <EffectArray index="7" removed="1"/>
        <EffectArray index="8" removed="1"/>
        <EffectArray index="9" removed="1"/>
        <EffectArray index="10" removed="1"/>
        <EffectArray index="11" removed="1"/>
        <EffectArray index="12" removed="1"/>
        <EffectArray index="13" removed="1"/>
        <EffectArray index="14" removed="1"/>
        <EffectArray index="15" removed="1"/>
        <EffectArray index="16" removed="1"/>
        <EffectArray index="17" removed="1"/>
        <EffectArray index="18" removed="1"/>
        <EffectArray index="19" removed="1"/>
        <EffectArray index="20" removed="1"/>
        <EffectArray index="21" removed="1"/>
        <EffectArray index="22" removed="1"/>
        <EffectArray index="23" removed="1"/>
        <EffectArray index="24" removed="1"/>
        <EffectArray index="25" removed="1"/>
        <EffectArray index="26" removed="1"/>
        <EffectArray index="27" removed="1"/>
        <EffectArray index="28" removed="1"/>
        <EffectArray index="29" removed="1"/>
        <EffectArray index="30" removed="1"/>
        <EffectArray index="31" removed="1"/>
        <EffectArray index="32" removed="1"/>
        <EffectArray index="33" removed="1"/>
        <EffectArray index="34" removed="1"/>
        <EffectArray index="35" removed="1"/>
        <EffectArray index="36" removed="1"/>
        <EffectArray index="37" removed="1"/>
        <EffectArray index="38" removed="1"/>
        <EffectArray index="39" removed="1"/>
        <EffectArray index="40" removed="1"/>
        <EffectArray index="41" removed="1"/>
        <EffectArray index="42" removed="1"/>
        <EffectArray index="43" removed="1"/>
    </CUpgrade>
    <CUpgrade id="ZergMissileWeaponsLevel1">
        <EffectArray index="1" Operation="Multiply" Value="1.4"/>
        <EffectArray index="2" Operation="Multiply" Reference="Effect,AcidSpines,Amount" Value="1.2"/>
        <EffectArray index="3" Reference="Weapon,AcidSaliva,Level" Value="1"/>
        <EffectArray index="4" Operation="Multiply" Reference="Effect,RoachUMelee,Amount" Value="1.2"/>
        <EffectArray index="5" Reference="Weapon,InfestedGuassRifle,Level"/>
        <EffectArray index="6" Operation="Multiply" Reference="Effect,InfestedGuassRifle,Amount" Value="1.4"/>
        <EffectArray index="7" Operation="Multiply" Reference="Effect,InfestedTerranCampaign,Amount" Value="1.4"/>
        <EffectArray index="8" Reference="Weapon,InfestedTerranCampaign,Level"/>
        <EffectArray index="9" Reference="Weapon,Lurker,Level" Value="1"/>
        <EffectArray index="10" Operation="Multiply" Reference="Effect,LurkerU,Amount" Value="1.3"/>
        <EffectArray index="11" Reference="Effect,Val03PsiBlastDamage,Amount" Value="5.000000"/>
        <EffectArray index="12" Operation="Add" Reference="Weapon,Val03QueenOfBladesPsiBlast,Level" Value="1"/>
        <EffectArray index="13" Operation="Multiply" Reference="Effect,AcidSalivaU,Amount" Value="1.2"/>
        <EffectArray index="14" Operation="Multiply" Reference="Effect,HydraliskMelee,Amount" Value="1.4"/>
        <EffectArray index="15" removed="1"/>
        <EffectArray index="16" removed="1"/>
        <EffectArray index="17" removed="1"/>
        <EffectArray index="18" removed="1"/>
        <EffectArray index="19" removed="1"/>
        <EffectArray index="20" removed="1"/>
        <EffectArray index="21" removed="1"/>
        <EffectArray index="22" removed="1"/>
        <EffectArray index="23" removed="1"/>
        <EffectArray index="24" removed="1"/>
        <EffectArray index="25" removed="1"/>
        <EffectArray index="26" removed="1"/>
        <EffectArray index="27" removed="1"/>
        <EffectArray index="28" removed="1"/>
        <EffectArray index="29" removed="1"/>
        <EffectArray index="30" removed="1"/>
    </CUpgrade>
    <CUpgrade id="ZergMissileWeaponsLevel2">
        <EffectArray index="1" Reference="Effect,NeedleSpinesDamage,AttributeFactor[Structure]"/>
        <EffectArray index="2" Reference="Effect,HydraliskMelee,AttributeFactor[Structure]"/>
        <EffectArray index="3" removed="1"/>
        <EffectArray index="4" removed="1"/>
        <EffectArray index="5" removed="1"/>
        <EffectArray index="6" removed="1"/>
        <EffectArray index="7" removed="1"/>
        <EffectArray index="8" removed="1"/>
        <EffectArray index="9" removed="1"/>
        <EffectArray index="10" removed="1"/>
        <EffectArray index="11" removed="1"/>
        <EffectArray index="12" removed="1"/>
        <EffectArray index="13" removed="1"/>
        <EffectArray index="14" removed="1"/>
        <EffectArray index="15" removed="1"/>
        <EffectArray index="16" removed="1"/>
        <EffectArray index="17" removed="1"/>
        <EffectArray index="18" removed="1"/>
        <EffectArray index="19" removed="1"/>
        <EffectArray index="20" removed="1"/>
        <EffectArray index="21" removed="1"/>
        <EffectArray index="22" removed="1"/>
        <EffectArray index="23" removed="1"/>
        <EffectArray index="24" removed="1"/>
        <EffectArray index="25" removed="1"/>
        <EffectArray index="26" removed="1"/>
        <EffectArray index="27" removed="1"/>
        <EffectArray index="28" removed="1"/>
        <EffectArray index="29" removed="1"/>
        <EffectArray index="30" removed="1"/>
    </CUpgrade>
</Catalog>
