<?xml version="1.0" encoding="utf-8"?>
<Catalog>
    <CValidatorUnitCompareBehaviorCount id="BuildingNotBeingRepaired">
        <Behavior value="BuildingRepair"/>
    </CValidatorUnitCompareBehaviorCount>
    <CValidatorUnitCompareBehaviorCount id="BuildingNotDepowered">
        <Behavior value="Depowered"/>
    </CValidatorUnitCompareBehaviorCount>
    <CValidatorPlayerCompareResource id="HasRepairMoney">
        <Compare value="GT"/>
    </CValidatorPlayerCompareResource>
    <CValidatorUnitCompareBehaviorCount id="HoldingResources">
        <WhichUnit Value="Caster"/>
        <Behavior value="CarryMineralFieldMinerals"/>
    </CValidatorUnitCompareBehaviorCount>
    <CValidatorUnitType id="IsNotMedic">
        <Value value="Medic"/>
        <Find value="0"/>
    </CValidatorUnitType>
    <CValidatorPlayerRequirement id="PlayerHasPower">
        <Value value="PlayerHasPower"/>
    </CValidatorPlayerRequirement>
    <CValidatorUnitCompareVital id="TargetLifeNotFull">
        <ResultFailed value="RequiresHealTarget"/>
    </CValidatorUnitCompareVital>
    <CValidatorUnitCompareBehaviorCount id="UnitNotInBunker">
        <Behavior value="BunkerWeaponRangeBonus"/>
    </CValidatorUnitCompareBehaviorCount>
</Catalog>
