<?xml version="1.0" encoding="utf-8"?>
<Catalog>
    <CValidatorUnitCompareBehaviorCount id="BuildingNotBeingRepaired">
        <Behavior value="BuildingRepair"/>
    </CValidatorUnitCompareBehaviorCount>
    <CValidatorUnitCompareBehaviorCount id="BuildingNotDepowered">
        <Behavior value="Depowered"/>
    </CValidatorUnitCompareBehaviorCount>
    <CValidatorCombine id="CanLoadSiegeTank">
        <CombineArray value="NotSiegeTank"/>
        <CombineArray value="HasMaelstromRounds"/>
        <CombineArray value="IsUnsiegedTank"/>
        <CombineArray value="IsUnsiegedSiegeBreaker"/>
    </CValidatorCombine>
    <CValidatorUnitFilters id="CasterNotStunned">
        <WhichUnit Value="Caster"/>
        <Filters value="-;Stunned"/>
    </CValidatorUnitFilters>
    <CValidatorPlayerRequirement id="HasBiosteel">
        <Find value="1"/>
        <Value value="HasBiosteel"/>
    </CValidatorPlayerRequirement>
    <CValidatorPlayerRequirement id="HasDevilDogs">
        <Find value="1"/>
        <Value value="MercPHTrainFirebat"/>
    </CValidatorPlayerRequirement>
    <CValidatorPlayerRequirement id="HasSiegeBreakers">
        <Find value="1"/>
        <Value value="MercPHTrainSiegeTank"/>
    </CValidatorPlayerRequirement>
    <CValidatorPlayerRequirement id="HasSpartanCompany">
        <Find value="1"/>
        <Value value="MercPHTrainGoliath"/>
    </CValidatorPlayerRequirement>
    <CValidatorPlayerRequirement id="HasHammerSecurities">
        <Find value="1"/>
        <Value value="MercPHTrainMarauder"/>
    </CValidatorPlayerRequirement>
    <CValidatorPlayerRequirement id="HasWarPigs">
        <Find value="1"/>
        <Value value="MercPHTrainMarine"/>
    </CValidatorPlayerRequirement>
    <CValidatorUnitFilters id="IsHeroic">
        <Filters value="Heroic;-"/>
    </CValidatorUnitFilters>
    <CValidatorUnitType id="IsUnsiegedTank">
        <Value value="SiegeTank"/>
    </CValidatorUnitType>
    <CValidatorUnitType id="IsUnsiegedSiegeBreaker">
        <Value value="SiegeBreaker"/>
    </CValidatorUnitType>
    <CValidatorUnitType id="IsVoidSeeker">
        <Value value="VoidSeeker"/>
    </CValidatorUnitType>
    <CValidatorUnitType id="IsZeratul">
        <Value value="Zeratul"/>
    </CValidatorUnitType>
    <CValidatorUnitCompareBehaviorCount id="MaarAllowedToTeleport">
        <WhichUnit Value="Caster"/>
        <Value value="1"/>
        <Behavior value="MaarPassiveSpeed"/>
    </CValidatorUnitCompareBehaviorCount>
    <CValidatorUnitCompareBehaviorCount id="NotSupercloaked">
        <Behavior value="HideInTheShadows"/>
    </CValidatorUnitCompareBehaviorCount>
    <CValidatorUnitCompareBehaviorCount id="PsiStormTestBuffKarass">
        <Behavior value="KarassPsiStorm"/>
    </CValidatorUnitCompareBehaviorCount>
    <CValidatorUnitFilters id="TargetIsMechanical">
        <Filters value="Mechanical;-"/>
    </CValidatorUnitFilters>
    <CValidatorUnitCompareDamageDealtTime id="ToshHasFired">
        <Compare value="GE"/>
        <Value value="10"/>
    </CValidatorUnitCompareDamageDealtTime>
    <CValidatorPlayerRequirement id="TriLithiumPurchased">
        <Find value="1"/>
        <Value value="TriLithiumResearched"/>
    </CValidatorPlayerRequirement>
    <CValidatorPlayerRequirement id="D8ClusterBombsResearched">
        <WhichPlayer Value="Source"/>
    </CValidatorPlayerRequirement>
    <CValidatorPlayerRequirement id="HasHellstormMissilePods">
        <Find value="1"/>
        <Value value="UseHailstormMissilePods"/>
    </CValidatorPlayerRequirement>
    <CValidatorPlayerCompareResource id="HasRepairMoney">
        <Compare value="GT"/>
    </CValidatorPlayerCompareResource>
    <CValidatorUnitCompareBehaviorCount id="HoldingResources">
        <WhichUnit Value="Caster"/>
        <Behavior value="CarryMineralFieldMinerals"/>
    </CValidatorUnitCompareBehaviorCount>
    <CValidatorUnitOrderTargetType id="SCVIsGathering">
        <AbilLink value="SCVHarvest"/>
    </CValidatorUnitOrderTargetType>
    <CValidatorUnitType id="IsNotMedic">
        <Value value="Medic"/>
        <Find value="0"/>
    </CValidatorUnitType>
    <CValidatorPlayerRequirement id="PlayerHasPower">
        <Value value="PlayerHasPower"/>
    </CValidatorPlayerRequirement>
    <CValidatorUnitCompareDamageTakenTime id="ReaperOutOfCombat">
        <Compare value="GE"/>
        <Value value="10"/>
    </CValidatorUnitCompareDamageTakenTime>
    <CValidatorLocationCompareRange id="SquadTooFar">
        <WhichLocation Value="TargetUnit"/>
        <Compare value="GT"/>
        <Range value="5"/>
        <Pathing value="1"/>
    </CValidatorLocationCompareRange>
    <CValidatorUnitCompareVital id="TargetLifeNotFull">
        <ResultFailed value="RequiresHealTarget"/>
    </CValidatorUnitCompareVital>
    <CValidatorUnitCompareBehaviorCount id="TibNodeNonStarter">
        <Behavior value="TibNodeNonStarter"/>
    </CValidatorUnitCompareBehaviorCount>
    <CValidatorUnitCompareBehaviorCount id="UnitNotInBunker">
        <Behavior value="BunkerWeaponRangeBonus"/>
    </CValidatorUnitCompareBehaviorCount>
    <CValidatorPlayerRequirement id="UseMechEMP">
        <Find value="1"/>
        <Value value="UseNanoConstructor"/>
    </CValidatorPlayerRequirement>
    <CValidatorLocationEnumArea id="ZeratulNear">
        <WhichLocation Value="CasterUnit"/>
        <AreaArray Radius="10" Validator="IsZeratul"/>
        <Compare value="Eq"/>
    </CValidatorLocationEnumArea>
    <CValidatorUnitCompareMarkerCount id="LT3Markers">
        <ResultFailed value="AlreadyTargeted"/>
        <Compare value="LE"/>
        <Value value="2"/>
    </CValidatorUnitCompareMarkerCount>
</Catalog>
