<?xml version="1.0" encoding="utf-8"?>
<Catalog>
    <CValidatorUnitCompareBehaviorCount id="BuildingNotBeingRepaired">
        <Behavior value="BuildingRepair"/>
    </CValidatorUnitCompareBehaviorCount>
    <CValidatorUnitCompareBehaviorCount id="BuildingNotDepowered">
        <Behavior value="Depowered"/>
    </CValidatorUnitCompareBehaviorCount>
    <CValidatorCombine id="CanFeedback">
        <ResultFailed value="NotEnoughEnergy"/>
        <CombineArray value="hasShields"/>
        <CombineArray value="hasEnergy"/>
    </CValidatorCombine>
    <CValidatorCombine id="CanLoadSiegeTank">
        <CombineArray value="NotSiegeTank"/>
        <CombineArray value="HasMaelstromRounds"/>
        <CombineArray value="IsUnsiegedTank"/>
        <CombineArray value="IsUnsiegedSiegeBreaker"/>
    </CValidatorCombine>
    <CValidatorUnitFilters id="CasterNotStunned">
        <WhichUnit Value="Caster"/>
        <Filters value="-;Stunned"/>
    </CValidatorUnitFilters>
    <CValidatorUnitFilters id="CausticSprayTargetFilters">
        <Filters value="Structure,Visible;Self,Player,Ally,Missile,Stasis,Dead,Hidden,Invulnerable"/>
    </CValidatorUnitFilters>
    <CValidatorUnitOrderQueue id="ChannelingCausticSpray">
        <AbilLink value="CausticSpray"/>
    </CValidatorUnitOrderQueue>
    <CValidatorCombine id="DefensiveMatrixHostileCheckLT75%">
        <CombineArray index="1" value="CasterInCombat"/>
    </CValidatorCombine>
    <CValidatorCombine id="GravitonBeamValidators">
        <CombineArray index="0" value="NotVortexd"/>
        <CombineArray index="1" value="NotFrenzied"/>
        <CombineArray index="2" removed="1"/>
    </CValidatorCombine>
    <CValidatorPlayerRequirement id="HasBiosteel">
        <Find value="1"/>
        <Value value="HasBiosteel"/>
        <WhichPlayer Value="Source"/>
    </CValidatorPlayerRequirement>
    <CValidatorPlayerRequirement id="HasDevilDogs">
        <Find value="1"/>
        <Value value="MercPHTrainFirebat"/>
    </CValidatorPlayerRequirement>
    <CValidatorPlayerRequirement id="HasDuskWings">
        <Find value="1"/>
        <Value value="MercPHTrainBanshee"/>
    </CValidatorPlayerRequirement>
    <CValidatorPlayerRequirement id="HasImprovedPlasmaShields">
        <Find value="1"/>
        <Value value="HasImprovedPlasmaShields"/>
        <WhichPlayer Value="Source"/>
    </CValidatorPlayerRequirement>
    <CValidatorPlayerRequirement id="HasJackson">
        <Find value="1"/>
        <Value value="MercPHTrainBattleCruiser"/>
    </CValidatorPlayerRequirement>
    <CValidatorPlayerRequirement id="HasPlasmaShields">
        <Find value="1"/>
    </CValidatorPlayerRequirement>
    <CValidatorPlayerRequirement id="HasSiegeBreakers">
        <Find value="1"/>
        <Value value="MercPHTrainSiegeTank"/>
    </CValidatorPlayerRequirement>
    <CValidatorPlayerRequirement id="HasSpartanCompany">
        <Find value="1"/>
        <Value value="MercPHTrainGoliath"/>
    </CValidatorPlayerRequirement>
    <CValidatorPlayerRequirement id="HasHammerSecurities">
        <Find value="1"/>
        <Value value="MercPHTrainMarauder"/>
    </CValidatorPlayerRequirement>
    <CValidatorPlayerRequirement id="HasHelsAngels">
        <Find value="1"/>
        <Value value="MercPHTrainViking"/>
    </CValidatorPlayerRequirement>
    <CValidatorPlayerRequirement id="HasWarPigs">
        <Find value="1"/>
        <Value value="MercPHTrainMarine"/>
    </CValidatorPlayerRequirement>
    <CValidatorPlayerRequirement id="HaveReaperScannerPack">
        <WhichPlayer Value="Source"/>
        <Find value="1"/>
        <Value value="UseReaperScannerPack"/>
    </CValidatorPlayerRequirement>
    <CValidatorLocationCompareRange id="IrradiateDistanceCheck">
        <Compare value="LT"/>
        <Range value="2"/>
        <Value Value="SourceUnit"/>
    </CValidatorLocationCompareRange>
    <CValidatorCombine id="IsMechanicalOrIsPsionic">
        <ResultFailed value="Error,Error/MustTargetMechanicalorPsionic"/>
        <CombineArray value="TargetIsMechanical"/>
        <CombineArray value="IsPsionic"/>
    </CValidatorCombine>
    <CValidatorUnitType id="IsMedicSquad">
        <Value value="MedicSquad"/>
    </CValidatorUnitType>
    <CValidatorPlayerCompareType id="IsPlayer">
        <WhichPlayer Value="Source"/>
        <Value value="Neutral"/>
        <Compare value="NE"/>
    </CValidatorPlayerCompareType>
    <CValidatorPlayerCompareType id="IsNotPlayer">
        <WhichPlayer Value="Source"/>
        <Compare value="NE"/>
        <Value value="User"/>
    </CValidatorPlayerCompareType>
    <CValidatorUnitFilters id="IsPsionic">
        <Filters value="Psionic;-"/>
    </CValidatorUnitFilters>
    <CValidatorUnitType id="IsDiamondback">
        <Value value="Diamondback"/>
    </CValidatorUnitType>
    <CValidatorUnitType id="IsPredator">
        <Value value="Predator"/>
    </CValidatorUnitType>
    <CValidatorUnitType id="IsStone">
        <Value value="Stone"/>
    </CValidatorUnitType>
    <CValidatorUnitCompareBehaviorCount id="NotChannelingCausticSpray">
        <ResultFailed value="CantQueueThatOrder"/>
        <WhichUnit Value="Caster"/>
        <Behavior value="ChannelingCausticSpray"/>
    </CValidatorUnitCompareBehaviorCount>
    <CValidatorUnitCompareBehaviorCount id="NotDefensiveMatrixd">
        <ResultFailed value="Error,Error/DefensiveMatrix"/>
        <Behavior value="DefensiveMatrix"/>
    </CValidatorUnitCompareBehaviorCount>
    <CValidatorPlayerRequirement id="NotHaveAutoHarvester"/>
    <CValidatorLocationCompareRange id="InfestedCreepTooClose">
        <WhichLocation Effect="CreepSpreadInfestedSet" Value="TargetUnit"/>
        <Compare value="LE"/>
        <Range value="3"/>
        <Value Value="TargetUnit"/>
    </CValidatorLocationCompareRange>
    <CValidatorUnitFilters id="IsHeroic">
        <Filters value="Heroic;-"/>
    </CValidatorUnitFilters>
    <CValidatorUnitFilters id="IsMassive">
        <Filters value="Massive;-"/>
    </CValidatorUnitFilters>
    <CValidatorUnitType id="IsSquad">
        <Value value="Alias_Squad"/>
        <Type value="TechAlias"/>
    </CValidatorUnitType>
    <CValidatorUnitType id="IsUnsiegedTank">
        <Value value="SiegeTank"/>
    </CValidatorUnitType>
    <CValidatorUnitType id="IsUnsiegedSiegeBreaker">
        <Value value="SiegeBreaker"/>
    </CValidatorUnitType>
    <CValidatorUnitType id="IsVoidSeeker">
        <Value value="VoidSeeker"/>
    </CValidatorUnitType>
    <CValidatorUnitType id="IsZeratul">
        <Value value="Zeratul"/>
    </CValidatorUnitType>
    <CValidatorUnitCompareBehaviorCount id="MaarAllowedToTeleport">
        <WhichUnit Value="Caster"/>
        <Value value="1"/>
        <Behavior value="MaarPassiveSpeed"/>
    </CValidatorUnitCompareBehaviorCount>
    <CValidatorLocationEnumArea id="NoNearbyInfestedTumors">
        <AreaArray Radius="3" Validator="IsInfestedTumor"/>
        <Compare value="Eq"/>
    </CValidatorLocationEnumArea>
    <CValidatorUnitType id="IsInfestedTumor">
        <Value value="CreepTumorInfested"/>
    </CValidatorUnitType>
    <CValidatorUnitCompareMoverPhase id="NotInLastMotionPhase">
        <Compare value="LT"/>
        <Value value="2"/>
    </CValidatorUnitCompareMoverPhase>
    <CValidatorUnitCompareBehaviorCount id="NotIrradiatedBranch">
        <Behavior value="IrradiateBranch"/>
    </CValidatorUnitCompareBehaviorCount>
    <CValidatorUnitCompareBehaviorCount id="NotIrradiatedMain">
        <Behavior value="Irradiate"/>
    </CValidatorUnitCompareBehaviorCount>
    <CValidatorUnitCompareBehaviorCount id="NotSquadUnit">
        <Behavior value="SquadUnit"/>
    </CValidatorUnitCompareBehaviorCount>
    <CValidatorUnitCompareBehaviorCount id="NotSupercloaked">
        <Behavior value="HideInTheShadows"/>
    </CValidatorUnitCompareBehaviorCount>
    <CValidatorPlayerCompareType id="PlayerIsNotNeutral">
        <WhichPlayer Value="Source"/>
        <Value value="Neutral"/>
    </CValidatorPlayerCompareType>
    <CValidatorUnitCompareBehaviorCount id="PsiStormTestBuffKarass">
        <Behavior value="KarassPsiStorm"/>
    </CValidatorUnitCompareBehaviorCount>
    <CValidatorPlayerRequirement id="RapidDeploymentPurchased">
        <WhichPlayer Value="Source"/>
    </CValidatorPlayerRequirement>
    <CValidatorPlayerRequirement id="AdvancedHealingAIPurchased">
        <WhichPlayer Value="Source"/>
        <Find value="1"/>
        <Value value="AdvancedHealingAIPurchased"/>
    </CValidatorPlayerRequirement>
    <CValidatorCombine id="RipField">
        <CombineArray value="IsProtoss"/>
        <CombineArray value="ShieldGZero"/>
        <Negate value="1"/>
    </CValidatorCombine>
    <CValidatorLocationCompareRange id="SeekerMissileMaxLaunchRange">
        <WhichLocation Effect="SeekerMissileLaunchMissile"/>
        <Compare value="GE"/>
        <Range value="13"/>
        <Value Value="SourceUnit"/>
    </CValidatorLocationCompareRange>
    <CValidatorUnitCompareOrderCount id="SourceHasNoOrders">
        <WhichUnit Value="Source"/>
    </CValidatorUnitCompareOrderCount>
    <CValidatorCombine id="SourceIsIrradiated">
        <CombineArray value="SourceIsIrradiatedMain"/>
        <CombineArray value="SourceIsIrradiatedBranch"/>
    </CValidatorCombine>
    <CValidatorUnitCompareBehaviorCount id="SourceIsIrradiatedBranch">
        <WhichUnit Value="Source"/>
        <Value value="1"/>
        <Behavior value="IrradiateBranch"/>
    </CValidatorUnitCompareBehaviorCount>
    <CValidatorUnitCompareBehaviorCount id="SourceIsIrradiatedMain">
        <WhichUnit Value="Source"/>
        <Value value="1"/>
        <Behavior value="Irradiate"/>
    </CValidatorUnitCompareBehaviorCount>
    <CValidatorCombine id="TacticalBansheeCloakOff">
        <CombineArray index="0" value="ExpertOrNotCampaign"/>
    </CValidatorCombine>
    <CValidatorCombine id="TacticalBansheeCloakOn">
        <CombineArray index="0" value="ExpertOrNotCampaign"/>
    </CValidatorCombine>
    <!--    -->
    <!--    BattleCruiser Defensive Matrix-->
    <!--    -->
    <!--    If (Recently Attacked) {-->
    <!--    -->
    <!--    If (Health < 75% && Nearby Enemies >= 3)-->
    <!--        return true;-->
    <!--    -->
    <!--    If (Health < 60% && Nearby Enemies >= 2)-->
    <!--        return true;-->
    <!--        -->
    <!--    If (Health < 40% && Nearby Enemies >= 1)-->
    <!--        return true;-->
    <!--        -->
    <!--    }-->
    <!--    -->
    <!--    -->
    <CValidatorCombine id="TacticalDefensiveMatrix">
        <Type value="Or"/>
        <CombineArray index="0" value="CasterLifeLT60Percent"/>
        <CombineArray index="1" value="DefensiveMatrixHostileCheckLT75%"/>
    </CValidatorCombine>
    <CValidatorUnitFilters id="TargetIsMechanical">
        <Filters value="Mechanical;-"/>
    </CValidatorUnitFilters>
    <CValidatorUnitCompareBehaviorCount id="ThorHasSplash">
        <WhichUnit Value="Caster"/>
        <Value value="1"/>
        <Behavior value="ThorSplashDummy"/>
    </CValidatorUnitCompareBehaviorCount>
    <CValidatorUnitCompareBehaviorCount id="ThorTheftNoHellion">
        <ResultFailed value="Error,Error/ThorTheftNoHellion"/>
        <WhichUnit Value="Caster"/>
        <Behavior value="ThorFlamethrower"/>
    </CValidatorUnitCompareBehaviorCount>
    <CValidatorUnitCompareBehaviorCount id="ThorTheftNoPredator">
        <ResultFailed value="Error,Error/ThorTheftNoPredator"/>
        <WhichUnit Value="Caster"/>
        <Behavior value="ThorShield"/>
    </CValidatorUnitCompareBehaviorCount>
    <CValidatorUnitCompareBehaviorCount id="ThorTheftNoStone">
        <ResultFailed value="Error,Error/ThorTheftNoStone"/>
        <WhichUnit Value="Caster"/>
        <Behavior value="ThorRadar"/>
    </CValidatorUnitCompareBehaviorCount>
    <CValidatorUnitCompareBehaviorCount id="ThorTheftNoSiegeTank">
        <ResultFailed value="Error,Error/ThorTheftNoSiegeTank"/>
        <WhichUnit Value="Caster"/>
        <Behavior value="ThorSplashDummy"/>
    </CValidatorUnitCompareBehaviorCount>
    <CValidatorUnitCompareBehaviorCount id="ThorTheftNoDiamondback">
        <ResultFailed value="Error,Error/ThorTheftNoDiamondback"/>
        <WhichUnit Value="Caster"/>
        <Behavior value="ThorRailgun"/>
    </CValidatorUnitCompareBehaviorCount>
    <CValidatorUnitCompareDamageDealtTime id="ToshHasFired">
        <Compare value="GE"/>
        <Value value="10"/>
    </CValidatorUnitCompareDamageDealtTime>
    <CValidatorPlayerRequirement id="TriLithiumPurchased">
        <Find value="1"/>
        <Value value="TriLithiumResearched"/>
    </CValidatorPlayerRequirement>
    <CValidatorPlayerRequirement id="D8ClusterBombsResearched">
        <WhichPlayer Value="Source"/>
    </CValidatorPlayerRequirement>
    <CValidatorPlayerRequirement id="HasHellstormMissilePods">
        <Find value="1"/>
    </CValidatorPlayerRequirement>
    <CValidatorPlayerCompareResource id="HasRepairMoney">
        <Compare value="GT"/>
    </CValidatorPlayerCompareResource>
    <CValidatorUnitCompareBehaviorCount id="HoldingResources">
        <WhichUnit Value="Caster"/>
        <Behavior value="CarryMineralFieldMinerals"/>
    </CValidatorUnitCompareBehaviorCount>
    <CValidatorUnitOrderTargetType id="SCVIsGathering">
        <AbilLink value="SCVHarvest"/>
    </CValidatorUnitOrderTargetType>
    <CValidatorUnitType id="IsNotMedic">
        <Value value="Medic"/>
        <Find value="0"/>
    </CValidatorUnitType>
    <CValidatorPlayerRequirement id="PlayerHasPower">
        <Value value="PlayerHasPower"/>
        <WhichPlayer Value="Source"/>
    </CValidatorPlayerRequirement>
    <CValidatorUnitCompareDamageTakenTime id="ReaperOutOfCombat">
        <Compare value="GE"/>
        <Value value="10"/>
    </CValidatorUnitCompareDamageTakenTime>
    <CValidatorLocationCompareRange id="SquadTooFar">
        <WhichLocation Value="TargetUnit"/>
        <Compare value="GT"/>
        <Range value="5"/>
        <Pathing value="1"/>
    </CValidatorLocationCompareRange>
    <CValidatorUnitCompareVital id="TargetLifeNotFull">
        <ResultFailed value="RequiresHealTarget"/>
    </CValidatorUnitCompareVital>
    <CValidatorUnitCompareBehaviorCount id="TibNodeNonStarter">
        <Behavior value="TibNodeNonStarter"/>
    </CValidatorUnitCompareBehaviorCount>
    <CValidatorLocationCrossChasm id="TumorNotAcrossChasm">
        <WhichLocation Value="SourceUnitOrPoint"/>
    </CValidatorLocationCrossChasm>
    <CValidatorLocationCrossCliff id="TumorNotAcrossCliff">
        <WhichLocation Value="SourceUnitOrPoint"/>
    </CValidatorLocationCrossCliff>
    <CValidatorUnitCompareBehaviorCount id="UnitNotInBunker">
        <Behavior value="BunkerWeaponRangeBonus"/>
    </CValidatorUnitCompareBehaviorCount>
    <CValidatorUnitDetected id="UnitRadard">
        <WhichUnit Value="Caster"/>
        <Detected value="1"/>
        <Flags index="Radar" value="1"/>
    </CValidatorUnitDetected>
    <CValidatorPlayerRequirement id="UseMechEMP">
        <Find value="1"/>
        <WhichPlayer Value="Source"/>
        <Value value="UseNanoConstructor"/>
    </CValidatorPlayerRequirement>
    <CValidatorLocationEnumArea id="ZeratulNear">
        <WhichLocation Value="CasterUnit"/>
        <AreaArray Radius="10" Validator="IsZeratul"/>
        <Compare value="Eq"/>
    </CValidatorLocationEnumArea>
    <CValidatorUnitCompareMarkerCount id="LT3Markers">
        <ResultFailed value="AlreadyTargeted"/>
        <Compare value="LE"/>
        <Value value="2"/>
    </CValidatorUnitCompareMarkerCount>
</Catalog>
