<?xml version="1.0" encoding="utf-8"?>
<Catalog>
    <CValidatorUnitCompareBehaviorCount id="BuildingNotBeingRepaired">
        <Behavior value="BuildingRepair"/>
    </CValidatorUnitCompareBehaviorCount>
    <CValidatorUnitCompareBehaviorCount id="BuildingNotDepowered">
        <Behavior value="Depowered"/>
    </CValidatorUnitCompareBehaviorCount>
    <CValidatorPlayerRequirement id="HasDevilDogs">
        <Find value="1"/>
        <Value value="MercPHTrainFirebat"/>
    </CValidatorPlayerRequirement>
    <CValidatorPlayerRequirement id="HasSiegeBreakers">
        <Find value="1"/>
        <Value value="MercPHTrainSiegeTank"/>
    </CValidatorPlayerRequirement>
    <CValidatorPlayerRequirement id="HasSpartanCompany">
        <Find value="1"/>
        <Value value="MercPHTrainGoliath"/>
    </CValidatorPlayerRequirement>
    <CValidatorPlayerRequirement id="HasHammerSecurities">
        <Find value="1"/>
        <Value value="MercPHTrainMarauder"/>
    </CValidatorPlayerRequirement>
    <CValidatorPlayerRequirement id="HasWarPigs">
        <Find value="1"/>
        <Value value="MercPHTrainMarine"/>
    </CValidatorPlayerRequirement>
    <CValidatorUnitType id="IsVoidSeeker">
        <Value value="VoidSeeker"/>
    </CValidatorUnitType>
    <CValidatorPlayerRequirement id="TriLithiumPurchased">
        <Find value="1"/>
        <Value value="TriLithiumResearched"/>
    </CValidatorPlayerRequirement>
    <CValidatorPlayerRequirement id="D8ClusterBombsResearched">
        <WhichPlayer Value="Source"/>
    </CValidatorPlayerRequirement>
    <CValidatorPlayerRequirement id="HasHellstormMissilePods">
        <Find value="1"/>
        <Value value="UseHailstormMissilePods"/>
    </CValidatorPlayerRequirement>
    <CValidatorPlayerCompareResource id="HasRepairMoney">
        <Compare value="GT"/>
    </CValidatorPlayerCompareResource>
    <CValidatorUnitCompareBehaviorCount id="HoldingResources">
        <WhichUnit Value="Caster"/>
        <Behavior value="CarryMineralFieldMinerals"/>
    </CValidatorUnitCompareBehaviorCount>
    <CValidatorUnitOrderTargetType id="SCVIsGathering">
        <AbilLink value="SCVHarvest"/>
    </CValidatorUnitOrderTargetType>
    <CValidatorUnitType id="IsNotMedic">
        <Value value="Medic"/>
        <Find value="0"/>
    </CValidatorUnitType>
    <CValidatorPlayerRequirement id="PlayerHasPower">
        <Value value="PlayerHasPower"/>
    </CValidatorPlayerRequirement>
    <CValidatorUnitCompareDamageTakenTime id="ReaperOutOfCombat">
        <Compare value="GE"/>
        <Value value="10"/>
    </CValidatorUnitCompareDamageTakenTime>
    <CValidatorLocationCompareRange id="SquadTooFar">
        <WhichLocation Value="TargetUnit"/>
        <Compare value="GT"/>
        <Range value="5"/>
        <Pathing value="1"/>
    </CValidatorLocationCompareRange>
    <CValidatorUnitCompareVital id="TargetLifeNotFull">
        <ResultFailed value="RequiresHealTarget"/>
    </CValidatorUnitCompareVital>
    <CValidatorUnitCompareBehaviorCount id="TibNodeNonStarter">
        <Behavior value="TibNodeNonStarter"/>
    </CValidatorUnitCompareBehaviorCount>
    <CValidatorUnitCompareBehaviorCount id="UnitNotInBunker">
        <Behavior value="BunkerWeaponRangeBonus"/>
    </CValidatorUnitCompareBehaviorCount>
</Catalog>
