<?xml version="1.0" encoding="utf-8"?>
<Catalog>
    <CWeaponLegacy id="90mmCannons">
        <AttackType value="Magic"/>
        <Tip value="Weapon/Tip/Cannon"/>
    </CWeaponLegacy>
    <CWeaponLegacy id="AcidSaliva">
        <AttackType value="Magic"/>
        <Tip value="Weapon/Tip/Cannon"/>
    </CWeaponLegacy>
    <CWeaponLegacy id="AcidSpew">
        <Tip value="Weapon/Tip/Rocket"/>
        <AttackType value="Siege"/>
    </CWeaponLegacy>
    <CWeaponLegacy id="AutoTurret">
        <AttackType value="Normal"/>
    </CWeaponLegacy>
    <CWeaponLegacy id="Claws">
        <AttackType value="Pierce"/>
        <Tip value="Weapon/Tip/Grenade"/>
    </CWeaponLegacy>
    <CWeaponLegacy id="ColonistTransport">
        <AttackType value="Normal"/>
    </CWeaponLegacy>
    <CWeaponLegacy id="CrucioShockCannon">
        <AttackType value="Siege"/>
        <Tip value="Weapon/Tip/Rocket"/>
    </CWeaponLegacy>
    <CWeaponLegacy id="D8Charge">
        <AttackType value="Pierce"/>
        <Options index="Melee" value="1"/>
        <Range value="1"/>
    </CWeaponLegacy>
    <CWeaponLegacy id="DevilDogFlameThrower">
        <Range value="4"/>
        <Period value="0.5"/>
        <DamagePoint value="0"/>
    </CWeaponLegacy>
    <CWeaponLegacy id="DisruptionBeam">
        <AttackType value="Normal"/>
    </CWeaponLegacy>
    <CWeaponLegacy id="Firebat">
        <Range value="4"/>
        <Period value="0.5"/>
        <AttackType value="Pierce"/>
        <DamagePoint value="0"/>
        <Tip value="Weapon/Tip/Grenade"/>
    </CWeaponLegacy>
    <CWeaponLegacy id="GhostSquad" parent="C10CanisterRifle">
        <Name value="Weapon/Name/GhostSquad"/>
        <EditorCategories value=""/>
        <Tip value="Weapon/Tip/GhostSquad"/>
        <DisplayName value="Weapon/Name/GhostSquad"/>
        <Marker Link="Weapon/GhostSquad"/>
        <Cost>
            <Cooldown Link="Weapon/GhostSquad"/>
        </Cost>
        <DamagePoint value="0"/>
        <Backswing value="0"/>
        <Effect value="SquadAttack"/>
        <RandomDelayMin value="-1.45"/>
        <RandomDelayMax value="-1.45"/>
    </CWeaponLegacy>
    <CWeaponLegacy id="GlaiveWurm">
        <AttackType value="Normal"/>
        <Tip value="Weapon/Tip/Rifle"/>
    </CWeaponLegacy>
    <CWeaponLegacy id="GuassRifle">
        <AttackType value="Normal"/>
        <Tip value="Weapon/Tip/Rifle"/>
    </CWeaponLegacy>
    <CWeaponLegacy id="HailstormMissilePods">
        <AttackType value="Siege"/>
    </CWeaponLegacy>
    <CWeaponLegacy id="HydraliskMelee">
        <AttackType value="Pierce"/>
    </CWeaponLegacy>
    <CWeaponLegacy id="ImpalerTentacle">
        <AttackType value="Pierce"/>
    </CWeaponLegacy>
    <CWeaponLegacy id="InfernalFlameThrower">
        <AttackType value="Pierce"/>
        <Period value="0.5"/>
        <Tip value="Weapon/Tip/Grenade"/>
    </CWeaponLegacy>
    <CWeaponLegacy id="InfestedAbomination">
        <AttackType value="Pierce"/>
    </CWeaponLegacy>
    <CWeaponLegacy id="InfestedClaws">
        <AttackType value="Normal"/>
    </CWeaponLegacy>
    <CWeaponLegacy id="InfestedGuassRifle">
        <AttackType value="Normal"/>
    </CWeaponLegacy>
    <CWeaponLegacy id="InfestedTerranCampaign">
        <AttackType value="Normal"/>
    </CWeaponLegacy>
    <CWeaponLegacy id="KaiserBlades">
        <Tip value="Weapon/Tip/Grenade"/>
    </CWeaponLegacy>
    <CWeaponLegacy id="KelmorianMinerGaussRifle">
        <AttackType value="Normal"/>
        <Tip value="Weapon/Tip/Rifle"/>
    </CWeaponLegacy>
    <CWeaponLegacy id="LanzerTorpedoes">
        <AttackType value="Siege"/>
        <Tip value="Weapon/Tip/Rocket"/>
    </CWeaponLegacy>
    <CWeaponLegacy id="LongboltMissile">
        <AttackType value="Siege"/>
        <Tip value="Weapon/Tip/Rocket"/>
    </CWeaponLegacy>
    <CWeaponLegacy id="NeedleClaws">
        <AttackType value="Pierce"/>
    </CWeaponLegacy>
    <CWeaponLegacy id="Omegalisk">
        <Tip value="Weapon/Tip/Grenade"/>
    </CWeaponLegacy>
    <CWeaponLegacy id="P38ScytheGuassPistol">
        <AttackType value="Chaos"/>
        <Period value="0.55"/>
        <Backswing value="0.375"/>
    </CWeaponLegacy>
    <CWeaponLegacy id="ParasiteSpore">
        <AttackType value="Siege"/>
        <Tip value="Weapon/Tip/Rocket"/>
    </CWeaponLegacy>
    <CWeaponLegacy id="ParticleDisruptors">
        <AttackType value="Siege"/>
    </CWeaponLegacy>
    <CWeaponLegacy id="PhotonCannon">
        <AttackType value="Siege"/>
    </CWeaponLegacy>
    <CWeaponLegacy id="PrismaticBeam">
        <AttackType value="Magic"/>
    </CWeaponLegacy>
    <CWeaponLegacy id="PsiBlades">
        <AttackType value="Pierce"/>
    </CWeaponLegacy>
    <CWeaponLegacy id="PsionicShockwave">
        <AttackType value="Pierce"/>
    </CWeaponLegacy>
    <CWeaponLegacy id="PunisherGrenades">
        <Period value="1"/>
        <AttackType value="Magic"/>
    </CWeaponLegacy>
    <CWeaponLegacy id="MarauderSquad" parent="PunisherGrenades">
        <Name value="Weapon/Name/MarauderSquad"/>
        <EditorCategories value=""/>
        <Tip value="Weapon/Tip/Cannon"/>
        <DisplayName value="Weapon/Name/MarauderSquad"/>
        <Marker Link="Weapon/MarauderSquad"/>
        <Cost>
            <Cooldown Link="Weapon/MarauderSquad"/>
        </Cost>
        <Effect value="SquadAttack"/>
        <RandomDelayMin value="-0.95"/>
        <RandomDelayMax value="-0.95"/>
    </CWeaponLegacy>
    <CWeaponLegacy id="FirebatSquad" parent="Firebat">
        <Name value="Weapon/Name/FirebatSquad"/>
        <EditorCategories value=""/>
        <DisplayName value="Weapon/Name/FirebatSquad"/>
        <Marker Link="Weapon/FirebatSquad">
            <MatchFlags index="Id" value="0"/>
        </Marker>
        <Cost>
            <Cooldown Link="Weapon/FirebatSquad"/>
        </Cost>
        <AttackType value="Unknown"/>
        <Backswing value="0"/>
        <Effect value="SquadAttack"/>
        <RandomDelayMin value="-0.45"/>
        <RandomDelayMax value="-0.45"/>
    </CWeaponLegacy>
    <CWeaponLegacy id="MarineSquad" parent="GuassRifle">
        <Name value="Weapon/Name/MarineSquad"/>
        <EditorCategories value=""/>
        <DisplayName value="Weapon/Name/MarineSquad"/>
        <Marker Link="Weapon/MarineSquad"/>
        <Cost>
            <Cooldown Link="Weapon/MarineSquad"/>
        </Cost>
        <DamagePoint value="0"/>
        <Backswing value="0"/>
        <Effect value="SquadAttack"/>
        <RandomDelayMin value="-0.85"/>
        <RandomDelayMax value="-0.85"/>
    </CWeaponLegacy>
    <CWeaponLegacy id="NeedleSpines">
        <AttackType value="Normal"/>
        <Tip value="Weapon/Tip/Rifle"/>
    </CWeaponLegacy>
    <CWeaponLegacy id="ConcussiveGrenades">
        <EditorCategories value="Race:Terran"/>
        <Icon value="Assets\Textures\btn-upgrade-terran-infantryweaponslevel0.dds"/>
        <DisplayEffect value="ConcussiveGrenadesU"/>
        <TargetFilters value="Ground,Visible;Missile,Stasis,Dead,Hidden,Invulnerable"/>
        <Range value="7"/>
        <Period value="1.5"/>
        <AttackType value="Magic"/>
        <DamagePoint value="0"/>
        <Backswing value="0"/>
        <Effect value="ConcussiveGrenadesLM"/>
        <Tip value="Weapon/Tip/Cannon"/>
    </CWeaponLegacy>
    <CWeaponLegacy id="RaynorGaussRifle">
        <AttackType value="Magic"/>
        <Period value="1"/>
        <Effect value="RailgunLaunch"/>
        <DamagePoint value="0.1"/>
        <Tip value="Weapon/Tip/Cannon"/>
    </CWeaponLegacy>
    <CWeaponLegacy id="ReaperSquad" parent="P38ScytheGuassPistol">
        <Name value="Weapon/Name/ReaperSquad"/>
        <Tip value="Weapon/Tip/Sniper"/>
        <DisplayName value="Weapon/Name/ReaperSquad"/>
        <Marker Link="Weapon/ReaperSquad"/>
        <Cost>
            <Cooldown Link="Weapon/ReaperSquad"/>
        </Cost>
        <Backswing value="0"/>
        <Effect value="SquadAttack"/>
        <RandomDelayMin value="-1.05"/>
        <RandomDelayMax value="-1.05"/>
    </CWeaponLegacy>
    <CWeaponLegacy id="ReaperSquadCharge" parent="D8Charge">
        <Name value="Weapon/Name/ReaperSquadCharge"/>
        <DisplayName value="Weapon/Name/ReaperSquadCharge"/>
        <MinScanRange value="5.5"/>
        <Range value="1.5"/>
        <Marker Link="Weapon/ReaperSquadCharge"/>
        <Cost>
            <Cooldown Link="Weapon/ReaperSquadCharge"/>
        </Cost>
        <DamagePoint value="0"/>
        <Backswing value="0"/>
        <Effect value="SquadAttack"/>
        <RandomDelayMin value="-1.75"/>
        <RandomDelayMax value="-1.75"/>
    </CWeaponLegacy>
    <CWeaponLegacy id="RoachMelee">
        <AttackType value="Pierce"/>
    </CWeaponLegacy>
    <CWeaponLegacy id="StoneZealot">
        <AttackType value="Pierce"/>
    </CWeaponLegacy>
    <CWeaponLegacy id="StoneZealotEyeBlast">
        <AttackType value="Pierce"/>
    </CWeaponLegacy>
    <CWeaponLegacy id="ThrowMolotov">
        <AttackType value="Pierce"/>
    </CWeaponLegacy>
    <CWeaponLegacy id="TwinGatlingCannon">
        <AttackType value="Normal"/>
        <Tip value="Weapon/Tip/Rifle"/>
    </CWeaponLegacy>
    <CWeaponLegacy id="VolatileBurst">
        <AttackType value="Pierce"/>
        <Tip value="Weapon/Tip/Grenade"/>
    </CWeaponLegacy>
    <!--                                                                                         -->
    <!--                                                                                         -->
    <!-- Defaults ~~~~~~~~~~~~~~~~~~~~~~~~~~~~~~~~~~~~~~~~~~~~~~~~~~~~~~~~~~~~~~~~~~~~~~~~~~~~~~ -->
    <!--                                                                                         -->
    <!--                                                                                         -->
    <CWeaponLegacy id="VolatileBurstDummy">
        <AttackType value="Pierce"/>
    </CWeaponLegacy>
</Catalog>
