<?xml version="1.0" encoding="utf-8"?>
<Catalog>
    <CWeaponLegacy id="90mmCannons">
        <AttackType value="Magic"/>
        <Tip value="Weapon/Tip/Cannon"/>
    </CWeaponLegacy>
    <CWeaponLegacy id="ATALaserBattery">
        <Options index="OnlyFireWhileInAttackOrder" value="0"/>
        <Options index="OnlyFireAtAttackOrderTarget" value="0"/>
        <Options index="LinkedCooldown" value="0"/>
        <Arc value="360"/>
        <AllowedMovement value="Moving"/>
        <RandomDelayMin value="-0.125"/>
        <RandomDelayMax value="0.125"/>
    </CWeaponLegacy>
    <CWeaponLegacy id="ATALaserBattery2">
        <EditorCategories value="Race:Terran"/>
        <Options index="Disabled" value="1"/>
        <Options index="Hidden" value="1"/>
        <Options index="CanInitiateAttackOrder" value="0"/>
        <Options index="OnlyFireWhileInAttackOrder" value="0"/>
        <Options index="OnlyFireAtAttackOrderTarget" value="0"/>
        <Options index="LinkedCooldown" value="0"/>
        <Icon value="Assets\Textures\btn-upgrade-terran-shipweaponslevel0.dds"/>
        <DisplayEffect value="ATALaserBatteryU"/>
        <TargetFilters value="Air,Visible;Missile,Stasis,Dead,Hidden,Invulnerable"/>
        <AcquireTargetSorts>
            <SortArray value="TSMarker"/>
            <SortArray value="TSRandom"/>
        </AcquireTargetSorts>
        <Range value="6"/>
        <Arc value="360"/>
        <Marker Link="Weapon/ATALaserBattery">
            <MatchFlags index="Link" value="1"/>
            <MatchFlags index="CasterUnit" value="1"/>
            <MismatchFlags index="Id" value="1"/>
        </Marker>
        <Period value="0.225"/>
        <Effect value="ATALaserBatteryLM"/>
        <AllowedMovement value="Moving"/>
        <RandomDelayMin value="-0.125"/>
    </CWeaponLegacy>
    <CWeaponLegacy id="ATSLaserBattery">
        <Options index="OnlyFireWhileInAttackOrder" value="0"/>
        <Options index="OnlyFireAtAttackOrderTarget" value="0"/>
        <Options index="LinkedCooldown" value="0"/>
        <AllowedMovement value="Moving"/>
        <RandomDelayMin value="-0.125"/>
        <RandomDelayMax value="0.125"/>
    </CWeaponLegacy>
    <CWeaponLegacy id="ATSLaserBattery2">
        <EditorCategories value="Race:Terran"/>
        <Options index="Disabled" value="1"/>
        <Options index="Hidden" value="1"/>
        <Options index="CanInitiateAttackOrder" value="0"/>
        <Options index="OnlyFireWhileInAttackOrder" value="0"/>
        <Options index="OnlyFireAtAttackOrderTarget" value="0"/>
        <Options index="LinkedCooldown" value="0"/>
        <Icon value="Assets\Textures\btn-upgrade-terran-shipweaponslevel0.dds"/>
        <DisplayEffect value="ATSLaserBatteryU"/>
        <TargetFilters value="Ground,Visible;Missile,Stasis,Dead,Hidden,Invulnerable"/>
        <AcquireTargetSorts>
            <SortArray value="TSMarker"/>
            <SortArray value="TSRandom"/>
        </AcquireTargetSorts>
        <Range value="6"/>
        <Arc value="360"/>
        <Marker Link="Weapon/ATSLaserBattery">
            <MatchFlags index="Link" value="1"/>
            <MatchFlags index="CasterUnit" value="1"/>
            <MismatchFlags index="Id" value="1"/>
        </Marker>
        <Period value="0.225"/>
        <Effect value="ATSLaserBatteryLM"/>
        <AllowedMovement value="Moving"/>
        <RandomDelayMin value="-0.125"/>
    </CWeaponLegacy>
    <CWeaponLegacy id="AcidSaliva">
        <AttackType value="Magic"/>
        <Tip value="Weapon/Tip/Cannon"/>
    </CWeaponLegacy>
    <CWeaponLegacy id="AcidSpew">
        <Tip value="Weapon/Tip/Rocket"/>
        <AttackType value="Siege"/>
    </CWeaponLegacy>
    <CWeaponLegacy id="ArcliteShockCannon">
        <AttackType value="Siege"/>
    </CWeaponLegacy>
    <CWeaponLegacy id="AutoTurret">
        <AttackType value="Normal"/>
    </CWeaponLegacy>
    <CWeaponLegacy id="BattleCruiserLoki">
        <RandomDelayMin value="-0.125"/>
        <RandomDelayMax value="0.125"/>
    </CWeaponLegacy>
    <CWeaponLegacy id="BroodlingStrike">
        <Tip value="Weapon/Tip/Cannon"/>
        <AttackType value="Magic"/>
    </CWeaponLegacy>
    <CWeaponLegacy id="Brutalize">
        <AttackType value="Pierce"/>
        <DamagePoint value="0.2"/>
        <Tip value="Weapon/Tip/Grenade"/>
    </CWeaponLegacy>
    <CWeaponLegacy id="C10CanisterRifle">
        <Period value="0.4"/>
        <AttackType value="Chaos"/>
        <Backswing value="0.25"/>
    </CWeaponLegacy>
    <CWeaponLegacy id="Claws">
        <AttackType value="Pierce"/>
        <Tip value="Weapon/Tip/Grenade"/>
    </CWeaponLegacy>
    <CWeaponLegacy id="ColonistTransport">
        <AttackType value="Normal"/>
    </CWeaponLegacy>
    <CWeaponLegacy id="CrucioShockCannon">
        <AttackType value="Siege"/>
        <Tip value="Weapon/Tip/Rocket"/>
    </CWeaponLegacy>
    <CWeaponLegacy id="D8Charge">
        <AttackType value="Pierce"/>
        <Options index="Melee" value="1"/>
        <Range value="1"/>
    </CWeaponLegacy>
    <CWeaponLegacy id="DRBattlecruiserA">
        <RandomDelayMin value="-0.125"/>
        <RandomDelayMax value="0.125"/>
    </CWeaponLegacy>
    <CWeaponLegacy id="DRBattlecruiserFakeA">
        <RandomDelayMin value="-0.125"/>
    </CWeaponLegacy>
    <CWeaponLegacy id="DRBattlecruiserFakeG">
        <RandomDelayMin value="-0.125"/>
    </CWeaponLegacy>
    <CWeaponLegacy id="DRBattlecruiserG">
        <RandomDelayMin value="-0.125"/>
        <RandomDelayMax value="0.125"/>
    </CWeaponLegacy>
    <CWeaponLegacy id="DevilDogFlameThrower">
        <Range value="4"/>
        <Period value="0.5"/>
        <DamagePoint value="0"/>
        <Tip value="Weapon/Tip/Grenade"/>
        <AttackType value="Pierce"/>
    </CWeaponLegacy>
    <CWeaponLegacy id="Diamondback">
        <Tip value="Weapon/Tip/Cannon"/>
        <AttackType value="Magic"/>
        <Range value="7"/>
        <Effect value="DiamondbackCP"/>
    </CWeaponLegacy>
    <CWeaponLegacy id="DisruptionBeam">
        <AttackType value="Normal"/>
    </CWeaponLegacy>
    <CWeaponLegacy id="FerociousSpew">
        <AttackType value="Siege"/>
        <Tip value="Weapon/Tip/Rocket"/>
    </CWeaponLegacy>
    <CWeaponLegacy id="Firebat">
        <Range value="4"/>
        <Period value="0.5"/>
        <AttackType value="Pierce"/>
        <DamagePoint value="0"/>
        <Tip value="Weapon/Tip/Grenade"/>
    </CWeaponLegacy>
    <CWeaponLegacy id="DevilDogSquad">
        <EditorCategories value=""/>
        <Tip value="Weapon/Tip/Grenade"/>
        <Icon value="Assets\Textures\btn-upgrade-terran-infantryweaponslevel0.dds"/>
        <DisplayEffect value="DevilDogDamage"/>
        <TargetFilters value="Ground,Visible;Missile,Stasis,Dead,Hidden,Invulnerable"/>
        <Range value="4"/>
        <Period value="0.5"/>
        <AttackType value="Pierce"/>
        <DamagePoint value="0"/>
        <Backswing value="0"/>
        <Effect value="SquadAttack"/>
        <LegacyOptions index="UseRangeToCenter" value="1"/>
        <LegacyOptions index="CanRetargetWhileChanneling" value="1"/>
        <RandomDelayMin value="-0.45"/>
        <RandomDelayMax value="-0.45"/>
    </CWeaponLegacy>
    <CWeaponLegacy id="GhostSquad" parent="C10CanisterRifle">
        <Name value="Weapon/Name/GhostSquad"/>
        <EditorCategories value=""/>
        <Tip value="Weapon/Tip/GhostSquad"/>
        <DisplayName value="Weapon/Name/GhostSquad"/>
        <Marker Link="Weapon/GhostSquad"/>
        <Cost>
            <Cooldown Link="Weapon/GhostSquad"/>
        </Cost>
        <DamagePoint value="0"/>
        <Backswing value="0"/>
        <Effect value="SquadAttack"/>
        <RandomDelayMin value="-1.45"/>
        <RandomDelayMax value="-1.45"/>
        <LegacyOptions index="UseRangeToCenter" value="1"/>
        <LegacyOptions index="CanRetargetWhileChanneling" value="1"/>
    </CWeaponLegacy>
    <CWeaponLegacy id="GlaiveWurm">
        <AttackType value="Normal"/>
        <Tip value="Weapon/Tip/Rifle"/>
    </CWeaponLegacy>
    <CWeaponLegacy id="GoliathA">
        <Tip value="Weapon/Tip/Rocket"/>
        <Range value="9"/>
        <AttackType value="Siege"/>
    </CWeaponLegacy>
    <CWeaponLegacy id="GoliathAUpgraded">
        <Tip value="Weapon/Tip/Rocket"/>
        <Range value="9"/>
        <AttackType value="Siege"/>
    </CWeaponLegacy>
    <CWeaponLegacy id="GoliathG">
        <Tip value="Weapon/Tip/Rifle"/>
        <Range value="7"/>
        <AttackType value="Normal"/>
    </CWeaponLegacy>
    <CWeaponLegacy id="GoliathGUpgraded">
        <Tip value="Weapon/Tip/Rifle"/>
        <Range value="7"/>
        <AttackType value="Normal"/>
    </CWeaponLegacy>
    <CWeaponLegacy id="GuassRifle">
        <AttackType value="Normal"/>
        <Tip value="Weapon/Tip/Rifle"/>
    </CWeaponLegacy>
    <CWeaponLegacy id="HailstormLauncher2">
        <EditorCategories value="Race:Terran"/>
        <Tip value="Weapon/Tip/Rocket"/>
        <Options index="Disabled" value="1"/>
        <Options index="Hidden" value="1"/>
        <Icon value="Assets\Textures\btn-upgrade-terran-infantryweaponslevel0.dds"/>
        <DisplayEffect value="HailstormLauncherU"/>
        <TargetFilters value="Air,Visible;Ground,Missile,Stasis,Dead,Hidden,Invulnerable"/>
        <Range value="6"/>
        <Period value="1.5"/>
        <AttackType value="Siege"/>
        <DamagePoint value="0"/>
        <Backswing value="0"/>
        <Effect value="SquadAttack"/>
        <LegacyOptions index="UseRangeToCenter" value="1"/>
        <LegacyOptions index="CanRetargetWhileChanneling" value="1"/>
        <RandomDelayMin value="-1.45"/>
        <RandomDelayMax value="-1.45"/>
    </CWeaponLegacy>
    <CWeaponLegacy id="HailstormLauncher2Merc">
        <EditorCategories value="Race:Terran"/>
        <Tip value="Weapon/Tip/Rocket"/>
        <Options index="Disabled" value="1"/>
        <Options index="Hidden" value="1"/>
        <Icon value="Assets\Textures\btn-upgrade-terran-infantryweaponslevel0.dds"/>
        <DisplayEffect value="HailstormLauncherUMerc"/>
        <TargetFilters value="Air,Visible;Ground,Missile,Stasis,Dead,Hidden,Invulnerable"/>
        <Range value="6"/>
        <Period value="1.5"/>
        <AttackType value="Siege"/>
        <DamagePoint value="0"/>
        <Backswing value="0"/>
        <Effect value="SquadAttack"/>
        <LegacyOptions index="UseRangeToCenter" value="1"/>
        <LegacyOptions index="CanRetargetWhileChanneling" value="1"/>
        <RandomDelayMin value="-1.45"/>
        <RandomDelayMax value="-1.45"/>
    </CWeaponLegacy>
    <CWeaponLegacy id="HailstormLauncherMerc">
        <EditorCategories value="Race:Terran"/>
        <Tip value="Weapon/Tip/Rocket"/>
        <Options index="Disabled" value="1"/>
        <Options index="Hidden" value="1"/>
        <Icon value="Assets\Textures\btn-upgrade-terran-infantryweaponslevel0.dds"/>
        <DisplayEffect value="HailstormLauncherUMerc"/>
        <TargetFilters value="Air,Visible;Ground,Missile,Stasis,Dead,Hidden,Invulnerable"/>
        <Range value="6"/>
        <Period value="1.5"/>
        <AttackType value="Siege"/>
        <DamagePoint value="0"/>
        <Backswing value="0"/>
        <Effect value="HailstormLauncherLMMerc"/>
    </CWeaponLegacy>
    <CWeaponLegacy id="HailstormMissilePods">
        <AttackType value="Siege"/>
    </CWeaponLegacy>
    <CWeaponLegacy id="HammerSecurity">
        <Tip value="Weapon/Tip/Cannon"/>
        <AttackType value="Magic"/>
    </CWeaponLegacy>
    <CWeaponLegacy id="HydraliskMelee">
        <AttackType value="Pierce"/>
    </CWeaponLegacy>
    <CWeaponLegacy id="ImpalerTentacle">
        <AttackType value="Pierce"/>
    </CWeaponLegacy>
    <CWeaponLegacy id="InfernalFlameThrower">
        <AttackType value="Pierce"/>
        <Period value="0.5"/>
        <Tip value="Weapon/Tip/Grenade"/>
        <Options index="ContinuousScan" value="1"/>
    </CWeaponLegacy>
    <CWeaponLegacy id="InfestedAbomination">
        <AttackType value="Pierce"/>
    </CWeaponLegacy>
    <CWeaponLegacy id="InfestedClaws">
        <AttackType value="Normal"/>
    </CWeaponLegacy>
    <CWeaponLegacy id="InfestedGuassRifle">
        <AttackType value="Normal"/>
    </CWeaponLegacy>
    <CWeaponLegacy id="InfestedTerranCampaign">
        <AttackType value="Normal"/>
    </CWeaponLegacy>
    <CWeaponLegacy id="KaiserBlades">
        <Tip value="Weapon/Tip/Grenade"/>
    </CWeaponLegacy>
    <CWeaponLegacy id="KelmorianMinerGaussRifle">
        <AttackType value="Normal"/>
        <Tip value="Weapon/Tip/Rifle"/>
    </CWeaponLegacy>
    <CWeaponLegacy id="LanzerTorpedoes">
        <AttackType value="Siege"/>
        <Tip value="Weapon/Tip/Rocket"/>
    </CWeaponLegacy>
    <CWeaponLegacy id="LongboltMissile">
        <AttackType value="Siege"/>
        <Tip value="Weapon/Tip/Rocket"/>
    </CWeaponLegacy>
    <CWeaponLegacy id="HammerSecuritiesSquad">
        <EditorCategories value=""/>
        <Tip value="Weapon/Tip/Cannon"/>
        <Icon value="Assets\Textures\btn-upgrade-terran-infantryweaponslevel0.dds"/>
        <DisplayEffect value="HammerSecurityDamage"/>
        <TargetFilters value="Ground,Visible;Missile,Stasis,Dead,Hidden,Invulnerable"/>
        <Range value="6"/>
        <Period value="1"/>
        <AttackType value="Magic"/>
        <DamagePoint value="0"/>
        <Backswing value="0"/>
        <Effect value="SquadAttack"/>
        <LegacyOptions index="UseRangeToCenter" value="1"/>
        <LegacyOptions index="CanRetargetWhileChanneling" value="1"/>
        <RandomDelayMin value="-0.95"/>
        <RandomDelayMax value="-0.95"/>
    </CWeaponLegacy>
    <CWeaponLegacy id="NeedleClaws">
        <AttackType value="Pierce"/>
    </CWeaponLegacy>
    <CWeaponLegacy id="Omegalisk">
        <Tip value="Weapon/Tip/Grenade"/>
    </CWeaponLegacy>
    <CWeaponLegacy id="P38ScytheGuassPistol">
        <AttackType value="Chaos"/>
        <Period value="1"/>
        <Backswing value="0.6"/>
    </CWeaponLegacy>
    <CWeaponLegacy id="ParasiteSpore">
        <AttackType value="Siege"/>
        <Tip value="Weapon/Tip/Rocket"/>
    </CWeaponLegacy>
    <CWeaponLegacy id="ParticleDisruptors">
        <AttackType value="Siege"/>
        <Tip value="Weapon/Tip/Rocket"/>
    </CWeaponLegacy>
    <CWeaponLegacy id="PerditionTurretFlamethrower">
        <Tip value="Weapon/Tip/Grenade"/>
        <Period value="0.5"/>
        <AttackType value="Pierce"/>
    </CWeaponLegacy>
    <CWeaponLegacy id="PhotonCannon">
        <AttackType value="Siege"/>
    </CWeaponLegacy>
    <CWeaponLegacy id="PrismaticBeam">
        <AttackType value="Magic"/>
    </CWeaponLegacy>
    <CWeaponLegacy id="PsiBlades">
        <AttackType value="Pierce"/>
        <Tip value="Weapon/Tip/Grenade"/>
    </CWeaponLegacy>
    <CWeaponLegacy id="PsionicShockwave">
        <AttackType value="Pierce"/>
        <Tip value="Weapon/Tip/Grenade"/>
    </CWeaponLegacy>
    <CWeaponLegacy id="PunisherGrenades">
        <Period value="1"/>
        <AttackType value="Magic"/>
    </CWeaponLegacy>
    <CWeaponLegacy id="MarauderSquad" parent="PunisherGrenades">
        <Name value="Weapon/Name/MarauderSquad"/>
        <EditorCategories value=""/>
        <Tip value="Weapon/Tip/Cannon"/>
        <DisplayName value="Weapon/Name/MarauderSquad"/>
        <Marker Link="Weapon/MarauderSquad"/>
        <Cost>
            <Cooldown Link="Weapon/MarauderSquad"/>
        </Cost>
        <Effect value="SquadAttack"/>
        <RandomDelayMin value="-0.95"/>
        <RandomDelayMax value="-0.95"/>
        <LegacyOptions index="UseRangeToCenter" value="1"/>
        <LegacyOptions index="CanRetargetWhileChanneling" value="1"/>
    </CWeaponLegacy>
    <CWeaponLegacy id="FirebatSquad" parent="Firebat">
        <Name value="Weapon/Name/FirebatSquad"/>
        <EditorCategories value=""/>
        <DisplayName value="Weapon/Name/FirebatSquad"/>
        <Marker Link="Weapon/FirebatSquad">
            <MatchFlags index="Id" value="0"/>
        </Marker>
        <Cost>
            <Cooldown Link="Weapon/FirebatSquad"/>
        </Cost>
        <Backswing value="0"/>
        <Effect value="SquadAttack"/>
        <RandomDelayMin value="-0.45"/>
        <RandomDelayMax value="-0.45"/>
        <LegacyOptions index="UseRangeToCenter" value="1"/>
        <LegacyOptions index="CanRetargetWhileChanneling" value="1"/>
    </CWeaponLegacy>
    <CWeaponLegacy id="MarineSquad" parent="GuassRifle">
        <Name value="Weapon/Name/MarineSquad"/>
        <EditorCategories value=""/>
        <DisplayName value="Weapon/Name/MarineSquad"/>
        <Marker Link="Weapon/MarineSquad"/>
        <Cost>
            <Cooldown Link="Weapon/MarineSquad"/>
        </Cost>
        <DamagePoint value="0"/>
        <Backswing value="0"/>
        <Effect value="SquadAttack"/>
        <RandomDelayMin value="-0.85"/>
        <RandomDelayMax value="-0.85"/>
        <LegacyOptions index="UseRangeToCenter" value="1"/>
        <LegacyOptions index="CanRetargetWhileChanneling" value="1"/>
    </CWeaponLegacy>
    <CWeaponLegacy id="NeedleSpines">
        <AttackType value="Normal"/>
        <Tip value="Weapon/Tip/Rifle"/>
    </CWeaponLegacy>
    <CWeaponLegacy id="ConcussiveGrenades">
        <EditorCategories value="Race:Terran"/>
        <Icon value="Assets\Textures\btn-upgrade-terran-infantryweaponslevel0.dds"/>
        <DisplayEffect value="ConcussiveGrenadesU"/>
        <TargetFilters value="Ground,Visible;Missile,Stasis,Dead,Hidden,Invulnerable"/>
        <Range value="7"/>
        <Period value="1"/>
        <AttackType value="Magic"/>
        <DamagePoint value="0"/>
        <Backswing value="0"/>
        <Effect value="ConcussiveGrenadesLM"/>
        <Tip value="Weapon/Tip/Cannon"/>
    </CWeaponLegacy>
    <CWeaponLegacy id="HailstormLauncher">
        <EditorCategories value="Race:Terran"/>
        <Tip value="Weapon/Tip/Rocket"/>
        <Options index="Disabled" value="1"/>
        <Options index="Hidden" value="1"/>
        <Icon value="Assets\Textures\btn-upgrade-terran-infantryweaponslevel0.dds"/>
        <DisplayEffect value="HailstormLauncherU"/>
        <TargetFilters value="Air,Visible;Ground,Missile,Stasis,Dead,Hidden,Invulnerable"/>
        <Range value="6"/>
        <Period value="1.5"/>
        <AttackType value="Siege"/>
        <DamagePoint value="0"/>
        <Backswing value="0"/>
        <Effect value="HailstormLauncherLM"/>
    </CWeaponLegacy>
    <CWeaponLegacy id="RaynorGaussRifle">
        <AttackType value="Magic"/>
        <Period value="1"/>
        <Effect value="RailgunLaunch"/>
        <DamagePoint value="0.1"/>
        <Tip value="Weapon/Tip/Cannon"/>
    </CWeaponLegacy>
    <CWeaponLegacy id="ReaperSquad" parent="P38ScytheGuassPistol">
        <Name value="Weapon/Name/ReaperSquad"/>
        <Tip value="Weapon/Tip/Sniper"/>
        <DisplayName value="Weapon/Name/ReaperSquad"/>
        <Marker Link="Weapon/ReaperSquad"/>
        <Cost>
            <Cooldown Link="Weapon/ReaperSquad"/>
        </Cost>
        <Backswing value="0"/>
        <Effect value="SquadAttack"/>
        <RandomDelayMin value="-0.95"/>
        <RandomDelayMax value="-0.95"/>
        <LegacyOptions index="UseRangeToCenter" value="1"/>
        <LegacyOptions index="CanRetargetWhileChanneling" value="1"/>
    </CWeaponLegacy>
    <CWeaponLegacy id="ReaperSquadCharge" parent="D8Charge">
        <Name value="Weapon/Name/ReaperSquadCharge"/>
        <DisplayName value="Weapon/Name/ReaperSquadCharge"/>
        <MinScanRange value="5.5"/>
        <Range value="1.5"/>
        <Marker Link="Weapon/ReaperSquadCharge"/>
        <Cost>
            <Cooldown Link="Weapon/ReaperSquadCharge"/>
        </Cost>
        <DamagePoint value="0"/>
        <Backswing value="0"/>
        <Effect value="SquadAttack"/>
        <RandomDelayMin value="-1.75"/>
        <RandomDelayMax value="-1.75"/>
        <LegacyOptions index="UseRangeToCenter" value="1"/>
        <LegacyOptions index="CanRetargetWhileChanneling" value="1"/>
    </CWeaponLegacy>
    <CWeaponLegacy id="RoachMelee">
        <AttackType value="Pierce"/>
    </CWeaponLegacy>
    <CWeaponLegacy id="ScoutAir">
        <AttackType value="Siege"/>
    </CWeaponLegacy>
    <CWeaponLegacy id="ScoutGround">
        <AttackType value="Normal"/>
    </CWeaponLegacy>
    <CWeaponLegacy id="ShrikeTurret">
        <DisplayAttackCount value="2"/>
        <AttackType value="Normal"/>
        <Effect value="ShrikeTurretCP"/>
        <Tip value="Weapon/Tip/Rifle"/>
    </CWeaponLegacy>
    <CWeaponLegacy id="SiegeBreaker">
        <AttackType value="Magic"/>
    </CWeaponLegacy>
    <CWeaponLegacy id="SpartanCompanyA">
        <Tip value="Weapon/Tip/Rocket"/>
        <Range value="9"/>
        <AttackType value="Siege"/>
    </CWeaponLegacy>
    <CWeaponLegacy id="SpartanCompanyAUpgraded">
        <Tip value="Weapon/Tip/Rocket"/>
        <Range value="9"/>
        <AttackType value="Siege"/>
    </CWeaponLegacy>
    <CWeaponLegacy id="SpartanCompanyG">
        <Tip value="Weapon/Tip/Rifle"/>
        <Range value="7"/>
        <AttackType value="Normal"/>
    </CWeaponLegacy>
    <CWeaponLegacy id="SpartanCompanyGUpgraded">
        <Tip value="Weapon/Tip/Rifle"/>
        <Range value="7"/>
        <AttackType value="Normal"/>
    </CWeaponLegacy>
    <CWeaponLegacy id="StoneZealot">
        <AttackType value="Pierce"/>
        <Tip value="Weapon/Tip/Grenade"/>
    </CWeaponLegacy>
    <CWeaponLegacy id="StoneZealotEyeBlast">
        <AttackType value="Pierce"/>
    </CWeaponLegacy>
    <CWeaponLegacy id="ThermalLances">
        <AttackType value="Pierce"/>
    </CWeaponLegacy>
    <CWeaponLegacy id="ThrowMolotov">
        <AttackType value="Pierce"/>
    </CWeaponLegacy>
    <CWeaponLegacy id="TwinGatlingCannon">
        <AttackType value="Normal"/>
        <Tip value="Weapon/Tip/Rifle"/>
    </CWeaponLegacy>
    <CWeaponLegacy id="TwinIbiksCannon">
        <Tip value="Weapon/Tip/Rocket"/>
        <AttackType value="Siege"/>
    </CWeaponLegacy>
    <CWeaponLegacy id="VolatileBurst">
        <AttackType value="Pierce"/>
        <Tip value="Weapon/Tip/Grenade"/>
    </CWeaponLegacy>
    <!--                                                                                         -->
    <!--                                                                                         -->
    <!-- Defaults ~~~~~~~~~~~~~~~~~~~~~~~~~~~~~~~~~~~~~~~~~~~~~~~~~~~~~~~~~~~~~~~~~~~~~~~~~~~~~~ -->
    <!--                                                                                         -->
    <!--                                                                                         -->
    <CWeaponLegacy id="VolatileBurstDummy">
        <AttackType value="Pierce"/>
    </CWeaponLegacy>
    <CWeaponLegacy id="WarPigSquad">
        <EditorCategories value=""/>
        <Tip value="Weapon/Tip/Rifle"/>
        <Icon value="Assets\Textures\btn-upgrade-terran-infantryweaponslevel0.dds"/>
        <DisplayEffect value="KelmorianMinerDamage"/>
        <TargetFilters value="Visible;Missile,Stasis,Dead,Hidden,Invulnerable"/>
        <Period value="0.8608"/>
        <AttackType value="Normal"/>
        <DamagePoint value="0"/>
        <Backswing value="0"/>
        <Effect value="SquadAttack"/>
        <LegacyOptions index="UseRangeToCenter" value="1"/>
        <LegacyOptions index="CanRetargetWhileChanneling" value="1"/>
        <RandomDelayMin value="-0.85"/>
        <RandomDelayMax value="-0.85"/>
    </CWeaponLegacy>
    <CWeaponLegacy id="Zeratul">
        <Tip value="Weapon/Tip/Grenade"/>
        <Period value="1"/>
        <AttackType value="Pierce"/>
        <Backswing value="0.6"/>
    </CWeaponLegacy>
</Catalog>
