<?xml version="1.0" encoding="utf-8"?>
<Catalog>
    <CUpgrade id="AdvancedConstruction">
        <EffectArray index="0" Operation="Multiply" Reference="Abil,Factory2Train,InfoArray[Train1].Resource[Vespene]" Value="4"/>
        <EffectArray index="1" Operation="Divide" Reference="Abil,Factory2Train,InfoArray[Train1].Resource[Vespene]" Value="5"/>
        <EffectArray index="2" Operation="Multiply" Reference="Abil,Factory2Train,InfoArray[Train1].Time" Value="0.800000"/>
        <EffectArray Operation="Multiply" Reference="Abil,Barracks2Train,InfoArray[Train1].Resource[Vespene]" Value="4"/>
        <EffectArray Operation="Divide" Reference="Abil,Barracks2Train,InfoArray[Train1].Resource[Vespene]" Value="5"/>
        <EffectArray Operation="Multiply" Reference="Abil,Barracks2Train,InfoArray[Train1].Time" Value="0.800000"/>
        <EffectArray Operation="Multiply" Reference="Abil,Barracks2Train,InfoArray[Train2].Resource[Vespene]" Value="4"/>
        <EffectArray Operation="Divide" Reference="Abil,Barracks2Train,InfoArray[Train2].Resource[Vespene]" Value="5"/>
        <EffectArray Operation="Multiply" Reference="Abil,Barracks2Train,InfoArray[Train2].Time" Value="0.800000"/>
        <EffectArray Operation="Multiply" Reference="Abil,Barracks2Train,InfoArray[Train3].Resource[Vespene]" Value="4"/>
        <EffectArray Operation="Divide" Reference="Abil,Barracks2Train,InfoArray[Train3].Resource[Vespene]" Value="5"/>
        <EffectArray Operation="Multiply" Reference="Abil,Barracks2Train,InfoArray[Train3].Time" Value="0.800000"/>
        <EffectArray Operation="Multiply" Reference="Abil,Barracks2Train,InfoArray[Train4].Resource[Vespene]" Value="4"/>
        <EffectArray Operation="Divide" Reference="Abil,Barracks2Train,InfoArray[Train4].Resource[Vespene]" Value="5"/>
        <EffectArray Operation="Multiply" Reference="Abil,Barracks2Train,InfoArray[Train4].Time" Value="0.800000"/>
        <EffectArray Operation="Multiply" Reference="Abil,Barracks2Train,InfoArray[Train5].Resource[Vespene]" Value="4"/>
        <EffectArray Operation="Divide" Reference="Abil,Barracks2Train,InfoArray[Train5].Resource[Vespene]" Value="5"/>
        <EffectArray Operation="Multiply" Reference="Abil,Barracks2Train,InfoArray[Train5].Time" Value="0.800000"/>
        <EffectArray Operation="Multiply" Reference="Abil,Barracks2Train,InfoArray[Train6].Resource[Vespene]" Value="4"/>
        <EffectArray Operation="Divide" Reference="Abil,Barracks2Train,InfoArray[Train6].Resource[Vespene]" Value="5"/>
        <EffectArray Operation="Multiply" Reference="Abil,Barracks2Train,InfoArray[Train6].Time" Value="0.800000"/>
        <EffectArray Operation="Multiply" Reference="Abil,Barracks2Train,InfoArray[Train7].Resource[Vespene]" Value="4"/>
        <EffectArray Operation="Divide" Reference="Abil,Barracks2Train,InfoArray[Train7].Resource[Vespene]" Value="5"/>
        <EffectArray Operation="Multiply" Reference="Abil,Barracks2Train,InfoArray[Train7].Time" Value="0.800000"/>
        <EffectArray Operation="Multiply" Reference="Abil,Factory2Train,InfoArray[Train2].Resource[Vespene]" Value="4"/>
        <EffectArray Operation="Divide" Reference="Abil,Factory2Train,InfoArray[Train2].Resource[Vespene]" Value="5"/>
        <EffectArray Operation="Multiply" Reference="Abil,Factory2Train,InfoArray[Train2].Time" Value="0.800000"/>
        <EffectArray Operation="Multiply" Reference="Abil,Factory2Train,InfoArray[Train5].Resource[Vespene]" Value="4"/>
        <EffectArray Operation="Divide" Reference="Abil,Factory2Train,InfoArray[Train5].Resource[Vespene]" Value="5"/>
        <EffectArray Operation="Multiply" Reference="Abil,Factory2Train,InfoArray[Train5].Time" Value="0.800000"/>
        <EffectArray Operation="Multiply" Reference="Abil,Factory2Train,InfoArray[Train6].Resource[Vespene]" Value="4"/>
        <EffectArray Operation="Divide" Reference="Abil,Factory2Train,InfoArray[Train6].Resource[Vespene]" Value="5"/>
        <EffectArray Operation="Multiply" Reference="Abil,Factory2Train,InfoArray[Train6].Time" Value="0.800000"/>
        <EffectArray Operation="Multiply" Reference="Abil,Factory2Train,InfoArray[Train7].Resource[Vespene]" Value="4"/>
        <EffectArray Operation="Divide" Reference="Abil,Factory2Train,InfoArray[Train7].Resource[Vespene]" Value="5"/>
        <EffectArray Operation="Multiply" Reference="Abil,Factory2Train,InfoArray[Train7].Time" Value="0.800000"/>
        <EffectArray Operation="Multiply" Reference="Abil,Factory2Train,InfoArray[Train8].Resource[Vespene]" Value="4"/>
        <EffectArray Operation="Divide" Reference="Abil,Factory2Train,InfoArray[Train8].Resource[Vespene]" Value="5"/>
        <EffectArray Operation="Multiply" Reference="Abil,Factory2Train,InfoArray[Train8].Time" Value="0.800000"/>
        <EffectArray Operation="Multiply" Reference="Abil,Factory2Train,InfoArray[Train9].Resource[Vespene]" Value="4"/>
        <EffectArray Operation="Divide" Reference="Abil,Factory2Train,InfoArray[Train9].Resource[Vespene]" Value="5"/>
        <EffectArray Operation="Multiply" Reference="Abil,Factory2Train,InfoArray[Train9].Time" Value="0.800000"/>
        <EffectArray Operation="Multiply" Reference="Abil,Factory2Train,InfoArray[Train10].Resource[Vespene]" Value="4"/>
        <EffectArray Operation="Divide" Reference="Abil,Factory2Train,InfoArray[Train10].Resource[Vespene]" Value="5"/>
        <EffectArray Operation="Multiply" Reference="Abil,Factory2Train,InfoArray[Train10].Time" Value="0.800000"/>
        <EffectArray Operation="Multiply" Reference="Abil,Starport2Train,InfoArray[Train1].Resource[Vespene]" Value="4"/>
        <EffectArray Operation="Divide" Reference="Abil,Starport2Train,InfoArray[Train1].Resource[Vespene]" Value="5"/>
        <EffectArray Operation="Multiply" Reference="Abil,Starport2Train,InfoArray[Train1].Time" Value="0.800000"/>
        <EffectArray Operation="Multiply" Reference="Abil,Starport2Train,InfoArray[Train2].Resource[Vespene]" Value="4"/>
        <EffectArray Operation="Divide" Reference="Abil,Starport2Train,InfoArray[Train2].Resource[Vespene]" Value="5"/>
        <EffectArray Operation="Multiply" Reference="Abil,Starport2Train,InfoArray[Train2].Time" Value="0.800000"/>
        <EffectArray Operation="Multiply" Reference="Abil,Starport2Train,InfoArray[Train3].Resource[Vespene]" Value="4"/>
        <EffectArray Operation="Divide" Reference="Abil,Starport2Train,InfoArray[Train3].Resource[Vespene]" Value="5"/>
        <EffectArray Operation="Multiply" Reference="Abil,Starport2Train,InfoArray[Train3].Time" Value="0.800000"/>
        <EffectArray Operation="Multiply" Reference="Abil,Starport2Train,InfoArray[Train4].Resource[Vespene]" Value="4"/>
        <EffectArray Operation="Divide" Reference="Abil,Starport2Train,InfoArray[Train4].Resource[Vespene]" Value="5"/>
        <EffectArray Operation="Multiply" Reference="Abil,Starport2Train,InfoArray[Train4].Time" Value="0.800000"/>
        <EffectArray Operation="Multiply" Reference="Abil,Starport2Train,InfoArray[Train5].Resource[Vespene]" Value="4"/>
        <EffectArray Operation="Divide" Reference="Abil,Starport2Train,InfoArray[Train5].Resource[Vespene]" Value="5"/>
        <EffectArray Operation="Multiply" Reference="Abil,Starport2Train,InfoArray[Train5].Time" Value="0.800000"/>
        <EffectArray Operation="Multiply" Reference="Abil,Starport2Train,InfoArray[Train6].Resource[Vespene]" Value="4"/>
        <EffectArray Operation="Divide" Reference="Abil,Starport2Train,InfoArray[Train6].Resource[Vespene]" Value="5"/>
        <EffectArray Operation="Multiply" Reference="Abil,Starport2Train,InfoArray[Train6].Time" Value="0.800000"/>
        <EffectArray Operation="Multiply" Reference="Abil,Starport2Train,InfoArray[Train7].Resource[Vespene]" Value="4"/>
        <EffectArray Operation="Divide" Reference="Abil,Starport2Train,InfoArray[Train7].Resource[Vespene]" Value="5"/>
        <EffectArray Operation="Multiply" Reference="Abil,Starport2Train,InfoArray[Train7].Time" Value="0.800000"/>
        <EffectArray Operation="Multiply" Reference="Abil,Starport2Train,InfoArray[Train8].Resource[Vespene]" Value="4"/>
        <EffectArray Operation="Divide" Reference="Abil,Starport2Train,InfoArray[Train8].Resource[Vespene]" Value="5"/>
        <EffectArray Operation="Multiply" Reference="Abil,Starport2Train,InfoArray[Train8].Time" Value="0.800000"/>
        <EffectArray Operation="Multiply" Reference="Abil,Starport2Train,InfoArray[Train9].Resource[Vespene]" Value="4"/>
        <EffectArray Operation="Divide" Reference="Abil,Starport2Train,InfoArray[Train9].Resource[Vespene]" Value="5"/>
        <EffectArray Operation="Multiply" Reference="Abil,Starport2Train,InfoArray[Train9].Time" Value="0.800000"/>
    </CUpgrade>
    <CUpgrade id="CommandCenterReactor">
		<EffectArray Operation="Multiply" Reference="Abil,CCBuild,InfoArray[Specialize1].Resource[Vespene]" Value="4"/>
		<EffectArray Operation="Divide" Reference="Abil,CCBuild,InfoArray[Specialize1].Resource[Vespene]" Value="5"/>
		<EffectArray Operation="Multiply" Reference="Abil,CCBuild,InfoArray[Specialize1].Time" Value="0.800000"/>
		<EffectArray Operation="Multiply" Reference="Abil,CCBuild,InfoArray[Specialize2].Resource[Vespene]" Value="4"/>
		<EffectArray Operation="Divide" Reference="Abil,CCBuild,InfoArray[Specialize2].Resource[Vespene]" Value="5"/>
		<EffectArray Operation="Multiply" Reference="Abil,CCBuild,InfoArray[Specialize2].Time" Value="0.800000"/>
		<EffectArray Operation="Multiply" Reference="Abil,CCBuild,InfoArray[Specialize3].Resource[Vespene]" Value="4"/>
		<EffectArray Operation="Divide" Reference="Abil,CCBuild,InfoArray[Specialize3].Resource[Vespene]" Value="5"/>
		<EffectArray Operation="Multiply" Reference="Abil,CCBuild,InfoArray[Specialize3].Time" Value="0.800000"/>
		<EffectArray Operation="Multiply" Reference="Abil,CCBuild,InfoArray[Specialize4].Resource[Vespene]" Value="4"/>
		<EffectArray Operation="Divide" Reference="Abil,CCBuild,InfoArray[Specialize4].Resource[Vespene]" Value="5"/>
		<EffectArray Operation="Multiply" Reference="Abil,CCBuild,InfoArray[Specialize4].Time" Value="0.800000"/>
		<EffectArray Operation="Multiply" Reference="Abil,CCBuild,InfoArray[Specialize5].Resource[Vespene]" Value="4"/>
		<EffectArray Operation="Divide" Reference="Abil,CCBuild,InfoArray[Specialize5].Resource[Vespene]" Value="5"/>
		<EffectArray Operation="Multiply" Reference="Abil,CCBuild,InfoArray[Specialize5].Time" Value="0.800000"/>
		<EffectArray Operation="Multiply" Reference="Abil,CCBuild,InfoArray[Specialize6].Resource[Vespene]" Value="4"/>
		<EffectArray Operation="Divide" Reference="Abil,CCBuild,InfoArray[Specialize6].Resource[Vespene]" Value="5"/>
		<EffectArray Operation="Multiply" Reference="Abil,CCBuild,InfoArray[Specialize6].Time" Value="0.800000"/>
		<EffectArray Operation="Multiply" Reference="Abil,CCBuild,InfoArray[Specialize7].Resource[Vespene]" Value="4"/>
		<EffectArray Operation="Divide" Reference="Abil,CCBuild,InfoArray[Specialize7].Resource[Vespene]" Value="5"/>
		<EffectArray Operation="Multiply" Reference="Abil,CCBuild,InfoArray[Specialize7].Time" Value="0.800000"/>
		<EffectArray Operation="Multiply" Reference="Abil,CCBuild,InfoArray[Specialize8].Resource[Vespene]" Value="4"/>
		<EffectArray Operation="Divide" Reference="Abil,CCBuild,InfoArray[Specialize8].Resource[Vespene]" Value="5"/>
		<EffectArray Operation="Multiply" Reference="Abil,CCBuild,InfoArray[Specialize8].Time" Value="0.800000"/>
		<EffectArray Operation="Multiply" Reference="Abil,CCBuild,InfoArray[Specialize9].Resource[Vespene]" Value="4"/>
		<EffectArray Operation="Divide" Reference="Abil,CCBuild,InfoArray[Specialize9].Resource[Vespene]" Value="5"/>
		<EffectArray Operation="Multiply" Reference="Abil,CCBuild,InfoArray[Specialize9].Time" Value="0.800000"/>
		<EffectArray Operation="Multiply" Reference="Abil,CCBuild,InfoArray[Specialize10].Resource[Vespene]" Value="4"/>
		<EffectArray Operation="Divide" Reference="Abil,CCBuild,InfoArray[Specialize10].Resource[Vespene]" Value="5"/>
		<EffectArray Operation="Multiply" Reference="Abil,CCBuild,InfoArray[Specialize10].Time" Value="0.800000"/>
		<EffectArray Operation="Multiply" Reference="Abil,CCBuild,InfoArray[Specialize11].Resource[Vespene]" Value="4"/>
		<EffectArray Operation="Divide" Reference="Abil,CCBuild,InfoArray[Specialize11].Resource[Vespene]" Value="5"/>
		<EffectArray Operation="Multiply" Reference="Abil,CCBuild,InfoArray[Specialize11].Time" Value="0.800000"/>
		<EffectArray Operation="Multiply" Reference="Abil,CCBuild,InfoArray[Specialize12].Resource[Vespene]" Value="4"/>
		<EffectArray Operation="Divide" Reference="Abil,CCBuild,InfoArray[Specialize12].Resource[Vespene]" Value="5"/>
		<EffectArray Operation="Multiply" Reference="Abil,CCBuild,InfoArray[Specialize12].Time" Value="0.800000"/>
		<EffectArray Operation="Multiply" Reference="Abil,CCBuild,InfoArray[Specialize13].Resource[Vespene]" Value="4"/>
		<EffectArray Operation="Divide" Reference="Abil,CCBuild,InfoArray[Specialize13].Resource[Vespene]" Value="5"/>
		<EffectArray Operation="Multiply" Reference="Abil,CCBuild,InfoArray[Specialize13].Time" Value="0.800000"/>
		<EffectArray Operation="Multiply" Reference="Abil,CCBuild,InfoArray[Specialize14].Resource[Vespene]" Value="4"/>
		<EffectArray Operation="Divide" Reference="Abil,CCBuild,InfoArray[Specialize14].Resource[Vespene]" Value="5"/>
		<EffectArray Operation="Multiply" Reference="Abil,CCBuild,InfoArray[Specialize14].Time" Value="0.800000"/>
		<EffectArray Operation="Multiply" Reference="Abil,CCBuild,InfoArray[Specialize15].Resource[Vespene]" Value="4"/>
		<EffectArray Operation="Divide" Reference="Abil,CCBuild,InfoArray[Specialize15].Resource[Vespene]" Value="5"/>
		<EffectArray Operation="Multiply" Reference="Abil,CCBuild,InfoArray[Specialize15].Time" Value="0.800000"/>
    </CUpgrade>
    <CUpgrade id="DualFusionWelders">
        <EffectArray Operation="Divide" Reference="Effect,BuildingRepair,TimeFactor" Value="2"/>
    </CUpgrade>
    <CUpgrade id="HailstormLaunchers">
        <EffectArray Operation="Set" Reference="Weapon,HailstormLauncher,Options[Hidden]" Value="0"/>
        <EffectArray Operation="Set" Reference="Weapon,HailstormLauncher2,Options[Hidden]" Value="0"/>
        <EffectArray Operation="Set" Reference="Weapon,HailstormLauncherMerc,Options[Hidden]" Value="0"/>
        <EffectArray Operation="Set" Reference="Weapon,HailstormLauncher2Merc,Options[Hidden]" Value="0"/>
        <BonusResourcePerLevel index="Minerals" value="1500"/>
    </CUpgrade>
    <CUpgrade id="ProtossGroundArmorsLevel1">
        <EffectArray index="0" Reference="Unit,Zealot,LifeArmorLevel"/>
        <EffectArray index="1" Reference="Unit,Zealot,LifeArmor"/>
        <EffectArray index="2" Reference="Unit,Immortal,LifeArmorLevel"/>
        <EffectArray index="3" Reference="Unit,Immortal,LifeArmor" Value="1.000000"/>
        <EffectArray index="4" Reference="Unit,Colossus,LifeArmorLevel"/>
        <EffectArray index="5" Reference="Unit,Colossus,LifeArmor" Value="1"/>
        <EffectArray index="6" Operation="Set" Reference="Actor,Immortal,LifeArmorIcon" Value="Assets\Textures\btn-upgrade-protoss-groundarmorlevel1.dds"/>
        <EffectArray index="7" Operation="Set" Reference="Actor,HighTemplar,LifeArmorIcon" Value="Assets\Textures\btn-upgrade-protoss-groundarmorlevel1.dds"/>
        <EffectArray index="8" Reference="Unit,Zeratul,LifeArmor" Value="1.000000"/>
        <EffectArray index="9" Reference="Unit,Zeratul,LifeArmorLevel" Value="1"/>
        <EffectArray index="10" Reference="Unit,Karass,LifeArmor" Value="1.000000"/>
        <EffectArray index="11" Reference="Unit,Karass,LifeArmorLevel"/>
        <EffectArray index="12" Operation="Set" Reference="Actor,Zeratul,LifeArmorIcon" Value="Assets\Textures\btn-upgrade-protoss-groundarmorlevel1.dds"/>
        <EffectArray index="13" Operation="Set" Reference="Actor,Karass,LifeArmorIcon" Value="Assets\Textures\btn-upgrade-protoss-groundarmorlevel1.dds"/>
        <EffectArray index="14" Operation="Set" Reference="Actor,Zealot,LifeArmorIcon" Value="Assets\Textures\btn-upgrade-protoss-groundarmorlevel1.dds"/>
        <EffectArray index="15" removed="1"/>
        <EffectArray index="16" removed="1"/>
        <EffectArray index="17" removed="1"/>
        <EffectArray index="18" removed="1"/>
        <EffectArray index="19" removed="1"/>
        <EffectArray index="20" removed="1"/>
        <EffectArray index="21" removed="1"/>
        <EffectArray index="22" removed="1"/>
        <EffectArray index="23" removed="1"/>
        <EffectArray index="24" removed="1"/>
        <EffectArray index="25" removed="1"/>
        <EffectArray index="26" removed="1"/>
        <EffectArray index="27" removed="1"/>
        <EffectArray index="28" removed="1"/>
        <EffectArray index="29" removed="1"/>
        <EffectArray index="30" removed="1"/>
        <EffectArray index="31" removed="1"/>
        <EffectArray index="32" removed="1"/>
    </CUpgrade>
    <CUpgrade id="ProtossGroundArmorsLevel2">
        <EffectArray index="0" Reference="Unit,Zealot,LifeArmorLevel"/>
        <EffectArray index="1" Reference="Unit,Zealot,LifeArmor" Value="2"/>
        <EffectArray index="2" Reference="Unit,Stalker,LifeArmorLevel"/>
        <EffectArray index="3" Reference="Unit,Stalker,LifeArmor"/>
        <EffectArray index="4" Reference="Unit,Immortal,LifeArmorLevel"/>
        <EffectArray index="5" Reference="Unit,Immortal,LifeArmor" Value="2"/>
        <EffectArray index="6" Operation="Set" Reference="Actor,Zealot,LifeArmorIcon" Value="Assets\Textures\btn-upgrade-protoss-groundarmorlevel2.dds"/>
        <EffectArray index="7" Operation="Set" Reference="Actor,Stalker,LifeArmorIcon" Value="Assets\Textures\btn-upgrade-protoss-groundarmorlevel2.dds"/>
        <EffectArray index="8" Operation="Set" Reference="Actor,Immortal,LifeArmorIcon" Value="Assets\Textures\btn-upgrade-protoss-groundarmorlevel2.dds"/>
        <EffectArray index="9" Operation="Set" Reference="Actor,Zeratul,LifeArmorIcon" Value="Assets\Textures\btn-upgrade-protoss-groundarmorlevel2.dds"/>
        <EffectArray index="10" removed="1"/>
        <EffectArray index="11" removed="1"/>
        <EffectArray index="12" removed="1"/>
        <EffectArray index="13" removed="1"/>
        <EffectArray index="14" removed="1"/>
        <EffectArray index="15" removed="1"/>
        <EffectArray index="16" removed="1"/>
        <EffectArray index="17" removed="1"/>
        <EffectArray index="18" removed="1"/>
        <EffectArray index="19" removed="1"/>
        <EffectArray index="20" removed="1"/>
        <EffectArray index="21" removed="1"/>
        <EffectArray index="22" removed="1"/>
        <EffectArray index="23" removed="1"/>
        <EffectArray index="24" removed="1"/>
        <EffectArray index="25" removed="1"/>
        <EffectArray index="26" removed="1"/>
        <EffectArray index="27" removed="1"/>
        <EffectArray index="28" removed="1"/>
        <EffectArray index="29" removed="1"/>
        <EffectArray index="30" removed="1"/>
        <EffectArray index="31" removed="1"/>
        <EffectArray index="32" removed="1"/>
    </CUpgrade>
    <CUpgrade id="ProtossGroundWeaponsLevel1">
        <EffectArray index="0" Operation="Set" Reference="Weapon,DisruptionBeam,Icon" Value="Assets\Textures\btn-upgrade-protoss-groundweaponslevel1.dds"/>
        <EffectArray index="1" Operation="Multiply" Reference="Effect,DisruptionBeamDamage,Amount" Value="1.2"/>
        <EffectArray index="2" Reference="Weapon,ParticleDisruptors,Level"/>
        <EffectArray index="3" Operation="Multiply" Reference="Effect,ParticleDisruptorsU,Amount" Value="1.5"/>
        <EffectArray index="4" Reference="Weapon,PsionicShockwave,Level"/>
        <EffectArray index="5" Operation="Multiply" Reference="Effect,PsionicShockwaveDamage,Amount" Value="1.3"/>
        <EffectArray index="6" Operation="Set" Reference="Weapon,ParticleDisruptors,Icon" Value="Assets\Textures\btn-upgrade-protoss-groundweaponslevel1.dds"/>
        <EffectArray index="7" Operation="Set" Reference="Weapon,PsionicShockwave,Icon" Value="Assets\Textures\btn-upgrade-protoss-groundweaponslevel1.dds"/>
        <EffectArray index="8" Reference="Weapon,Zeratul,Level" Value="1"/>
        <EffectArray index="9" Reference="Effect,Zeratul,Amount" Value="5"/>
        <EffectArray index="10" Reference="Effect,PsiDischargeDamage,Amount" Value="2"/>
        <EffectArray index="11" Operation="Set" Reference="Weapon,Zeratul,Icon" Value="Assets\Textures\btn-upgrade-protoss-groundweaponslevel1.dds"/>
        <EffectArray index="12" Reference="Weapon,DisruptionBeam,Level" Value="1"/>
        <EffectArray index="13" removed="1"/>
        <EffectArray index="14" removed="1"/>
        <EffectArray index="15" removed="1"/>
        <EffectArray index="16" removed="1"/>
        <EffectArray index="17" removed="1"/>
        <EffectArray index="18" removed="1"/>
        <EffectArray index="19" removed="1"/>
        <EffectArray index="20" removed="1"/>
        <EffectArray index="21" removed="1"/>
        <EffectArray index="22" removed="1"/>
        <EffectArray index="23" removed="1"/>
        <EffectArray index="24" removed="1"/>
        <EffectArray index="25" removed="1"/>
        <EffectArray index="26" removed="1"/>
        <EffectArray index="27" removed="1"/>
        <EffectArray index="28" removed="1"/>
    </CUpgrade>
    <CUpgrade id="ProtossGroundWeaponsLevel2">
        <EffectArray index="1" Operation="Multiply" Value="1.5"/>
        <EffectArray index="2" Reference="Weapon,PhaseDisruptors,Level"/>
        <EffectArray index="3" Operation="Multiply" Reference="Effect,PhaseDisruptors,Amount" Value="1.3"/>
        <EffectArray index="4" Reference="Weapon,ThermalLances,Level"/>
        <EffectArray index="5" Operation="Multiply" Reference="Effect,ThermalLancesMU,Amount" Value="1.2"/>
        <EffectArray index="6" Operation="Set" Reference="Weapon,PsiBlades,Icon" Value="Assets\Textures\btn-upgrade-protoss-groundweaponslevel2.dds"/>
        <EffectArray index="7" Operation="Set" Reference="Weapon,PhaseDisruptors,Icon" Value="Assets\Textures\btn-upgrade-protoss-groundweaponslevel2.dds"/>
        <EffectArray index="8" Operation="Set" Reference="Weapon,ThermalLances,Icon" Value="Assets\Textures\btn-upgrade-protoss-groundweaponslevel2.dds"/>
        <EffectArray index="9" Reference="Weapon,Zeratul,Level"/>
        <EffectArray index="10" Reference="Effect,Zeratul,Amount"/>
        <EffectArray index="11" Operation="Set" Reference="Weapon,Zeratul,Icon" Value="Assets\Textures\btn-upgrade-protoss-groundweaponslevel2.dds"/>
        <EffectArray index="12" removed="1"/>
        <EffectArray index="13" removed="1"/>
        <EffectArray index="14" removed="1"/>
        <EffectArray index="15" removed="1"/>
        <EffectArray index="16" removed="1"/>
        <EffectArray index="17" removed="1"/>
        <EffectArray index="18" removed="1"/>
        <EffectArray index="19" removed="1"/>
        <EffectArray index="20" removed="1"/>
        <EffectArray index="21" removed="1"/>
        <EffectArray index="22" removed="1"/>
        <EffectArray index="23" removed="1"/>
        <EffectArray index="24" removed="1"/>
        <EffectArray index="25" removed="1"/>
        <EffectArray index="26" removed="1"/>
        <EffectArray index="27" removed="1"/>
        <EffectArray index="28" removed="1"/>
    </CUpgrade>
    <CUpgrade id="ProtossShieldsLevel2">
        <EffectArray index="1" Value="1.33"/>
        <EffectArray index="3" Value="1.33"/>
        <EffectArray index="5" Value="1.33"/>
        <EffectArray index="7" Value="1.33"/>
        <EffectArray index="9" Value="1.33"/>
        <EffectArray index="11" Value="1.33"/>
        <EffectArray index="13" Value="1.33"/>
        <EffectArray index="15" Value="1.33"/>
        <EffectArray index="17" Value="1.33"/>
        <EffectArray index="19" Value="1.33"/>
        <EffectArray index="21" Value="1.33"/>
        <EffectArray index="23" Value="1.33"/>
        <EffectArray index="25" Value="1.33"/>
        <EffectArray index="27" Value="1.33"/>
        <EffectArray index="29" Value="1.33"/>
        <EffectArray index="31" Value="1.33"/>
        <EffectArray index="32" Value="1.33"/>
        <EffectArray index="35" Value="1.33"/>
        <EffectArray index="37" Value="1.33"/>
        <EffectArray index="39" Value="1.33"/>
        <EffectArray index="41" Value="1.33"/>
        <EffectArray index="43" Value="1.33"/>
        <EffectArray index="45" Value="1.33"/>
        <EffectArray index="47" Value="1.33"/>
        <EffectArray index="48" Value="1.33"/>
        <EffectArray index="51" Value="1.33"/>
        <EffectArray index="53" Value="1.33"/>
        <EffectArray index="55" Value="1.33"/>
        <EffectArray index="57" Value="1.33"/>
        <EffectArray index="59" Value="1.33"/>
        <EffectArray index="61" Value="1.33"/>
        <EffectArray index="63" Value="1.33"/>
        <EffectArray index="96" Value="1.33"/>
        <EffectArray index="98" Value="1.33"/>
        <EffectArray index="100" Value="1.33"/>
        <EffectArray index="102" Value="1.33"/>
        <EffectArray index="104" Value="1.33"/>
        <EffectArray index="106" Value="1.33"/>
        <EffectArray index="108" Value="1.33"/>
        <EffectArray index="110" Value="1.33"/>
        <EffectArray index="113" Value="1.33"/>
        <EffectArray index="114" Value="1.33"/>
        <EffectArray index="117" Value="1.33"/>
        <EffectArray index="119" Value="1.33"/>
        <EffectArray index="121" Value="1.33"/>
        <EffectArray index="128" removed="1"/>
        <EffectArray index="129" removed="1"/>
        <EffectArray index="130" removed="1"/>
        <EffectArray index="131" removed="1"/>
        <EffectArray index="132" removed="1"/>
        <EffectArray index="133" removed="1"/>
        <EffectArray index="134" removed="1"/>
    </CUpgrade>
    <CUpgrade id="TerranShipVanadiumPlating">
        <Flags index="UpgradeCheat" value="0"/>
        <Race value="Terr"/>
        <ScoreCount value="ArmorTechnologyCount"/>
        <ScoreValue value="ArmorTechnologyValue"/>
        <ScoreResult value="BuildOrder"/>
        <EffectArray Reference="Unit,Banshee,LifeArmorLevel" Value="1"/>
        <EffectArray Reference="Unit,Banshee,LifeArmor" Value="1"/>
        <EffectArray Reference="Unit,Battlecruiser,LifeArmorLevel" Value="1"/>
        <EffectArray Reference="Unit,Battlecruiser,LifeArmor" Value="1"/>
        <EffectArray Reference="Unit,Medivac,LifeArmorLevel" Value="1"/>
        <EffectArray Reference="Unit,Medivac,LifeArmor" Value="1"/>
        <EffectArray Reference="Unit,Raven,LifeArmorLevel" Value="1"/>
        <EffectArray Reference="Unit,Raven,LifeArmor" Value="1"/>
        <EffectArray Reference="Unit,VikingAssault,LifeArmor" Value="1.000000"/>
        <EffectArray Reference="Unit,VikingFighter,LifeArmor" Value="1.000000"/>
        <EffectArray Reference="Unit,VikingFighter,LifeArmorLevel" Value="1"/>
        <EffectArray Reference="Unit,Wraith,LifeArmor" Value="1.000000"/>
        <EffectArray Reference="Unit,Wraith,LifeArmorLevel" Value="1"/>
        <EffectArray Reference="Unit,Hercules,LifeArmor" Value="1.000000"/>
        <EffectArray Reference="Unit,Hercules,LifeArmorLevel" Value="1"/>
        <EffectArray Reference="Unit,DukesRevenge,LifeArmor" Value="1.000000"/>
        <EffectArray Reference="Unit,DukesRevenge,LifeArmorLevel" Value="1"/>
        <EffectArray Reference="Unit,DuskWing,LifeArmor" Value="1.000000"/>
        <EffectArray Reference="Unit,DuskWing,LifeArmorLevel" Value="1"/>
        <EffectArray Reference="Unit,ScienceVessel,LifeArmor" Value="1.000000"/>
        <EffectArray Reference="Unit,ScienceVessel,LifeArmorLevel" Value="1"/>
        <EffectArray Reference="Unit,HelsAngelAssault,LifeArmor" Value="1.000000"/>
        <EffectArray Reference="Unit,HelsAngelAssault,LifeArmorLevel" Value="1"/>
        <EffectArray Reference="Unit,HelsAngelFighter,LifeArmor" Value="1.000000"/>
        <EffectArray Reference="Unit,HelsAngelFighter,LifeArmorLevel" Value="1"/>
        <EffectArray Reference="Unit,VikingAssault,LifeArmorLevel" Value="1"/>
        <EffectArrayTemplate Reference="Unit,^ParamId^,LifeArmorLevel" Value="1"/>
        <EffectArrayTemplate Reference="Unit,^ParamId^,LifeArmor" Value="1"/>
        <EditorCategories value="Race:Terran,UpgradeType:ArmorBonus"/>
        <AffectedUnitArray value="Banshee"/>
        <AffectedUnitArray value="Battlecruiser"/>
        <AffectedUnitArray value="BattlecruiserDefensiveMatrix"/>
        <AffectedUnitArray value="BattlecruiserHurricane"/>
        <AffectedUnitArray value="BattlecruiserYamato"/>
        <AffectedUnitArray value="Medivac"/>
        <AffectedUnitArray value="Raven"/>
        <AffectedUnitArray value="VikingAssault"/>
        <AffectedUnitArray value="VikingFighter"/>
        <AffectedUnitArray value="Wraith"/>
        <AffectedUnitArray value="DuskWing"/>
        <AffectedUnitArray value="ScienceVessel"/>
        <AffectedUnitArray value="HelsAngelAssault"/>
        <AffectedUnitArray value="HelsAngelFighter"/>
        <AffectedUnitArray value="DukesRevenge"/>
        <LeaderAlias value="VanadiumPlating"/>
        <BonusResourcePerLevel index="Minerals" value="3000"/>
    </CUpgrade>
    <CUpgrade id="TerranShipUltraCapacitors">
        <Flags index="UpgradeCheat" value="0"/>
        <Race value="Terr"/>
        <ScoreCount value="WeaponTechnologyCount"/>
        <ScoreValue value="WeaponTechnologyValue"/>
        <ScoreResult value="BuildOrder"/>
        <EffectArray Reference="Weapon,BacklashRockets,RateMultiplier" Value="0.2"/>
        <EffectArray Reference="Weapon,ATSLaserBattery,RateMultiplier" Value="0.2"/>
        <EffectArray Reference="Weapon,ATALaserBattery,RateMultiplier" Value="0.2"/>
        <EffectArray Reference="Weapon,LanzerTorpedoes,RateMultiplier" Value="0.2"/>
        <EffectArray Reference="Weapon,TwinGatlingCannon,RateMultiplier" Value="0.2"/>
        <EffectArray Reference="Weapon,WraithG,RateMultiplier" Value="0.2"/>
        <EffectArray Reference="Weapon,WraithA,RateMultiplier" Value="0.2"/>
        <EffectArray Reference="Weapon,DuskWingBanshee,RateMultiplier" Value="0.2"/>
        <EffectArray Reference="Weapon,WreckingCrewAssault,RateMultiplier" Value="0.2"/>
        <EffectArray Reference="Weapon,WreckingCrewFighter,RateMultiplier" Value="0.2"/>
        <EffectArray Reference="Weapon,DRBattlecruiserA,RateMultiplier" Value="0.2"/>
        <EffectArray Reference="Weapon,DRCannonsA,RateMultiplier" Value="0.2"/>
        <EffectArray Reference="Weapon,DRBattlecruiserFakeA,RateMultiplier" Value="0.2"/>
        <EffectArray Reference="Weapon,DRBattlecruiserG,RateMultiplier" Value="0.2"/>
        <EffectArray Reference="Weapon,DRCannonsG,RateMultiplier" Value="0.2"/>
        <EffectArray Reference="Weapon,DRBattlecruiserFakeG,RateMultiplier" Value="0.2"/>
        <EffectArrayTemplate Reference="Weapon,^ParamId^,RateMultiplier" Value="0.2"/>
        <EditorCategories value="Race:Terran,UpgradeType:AttackBonus"/>
        <AffectedUnitArray value="Banshee"/>
        <AffectedUnitArray value="Battlecruiser"/>
        <AffectedUnitArray value="VikingAssault"/>
        <AffectedUnitArray value="VikingFighter"/>
        <AffectedUnitArray value="Wraith"/>
        <AffectedUnitArray value="DuskWing"/>
        <AffectedUnitArray value="HelsAngelAssault"/>
        <AffectedUnitArray value="HelsAngelFighter"/>
        <AffectedUnitArray value="DukesRevenge"/>
        <LeaderAlias value="UltraCapacitors"/>
        <BonusResourcePerLevel index="Minerals" value="3000"/>
    </CUpgrade>
    <CUpgrade id="TerranVehicleVanadiumPlating">
        <Flags index="UpgradeCheat" value="0"/>
        <Race value="Terr"/>
        <ScoreCount value="ArmorTechnologyCount"/>
        <ScoreValue value="ArmorTechnologyValue"/>
        <ScoreResult value="BuildOrder"/>
        <EffectArray Reference="Unit,Thor,LifeArmorLevel" Value="1"/>
        <EffectArray Reference="Unit,Thor,LifeArmor" Value="1"/>
        <EffectArray Reference="Unit,SiegeTank,LifeArmorLevel" Value="1"/>
        <EffectArray Reference="Unit,SiegeTank,LifeArmor" Value="1"/>
        <EffectArray Reference="Unit,SiegeTankSieged,LifeArmorLevel" Value="1"/>
        <EffectArray Reference="Unit,SiegeTankSieged,LifeArmor" Value="1"/>
        <EffectArray Reference="Unit,Diamondback,LifeArmor" Value="1.000000"/>
        <EffectArray Reference="Unit,Diamondback,LifeArmorLevel" Value="1"/>
        <EffectArray Reference="Unit,Hellion,LifeArmor" Value="1.000000"/>
        <EffectArray Reference="Unit,Hellion,LifeArmorLevel" Value="1"/>
        <EffectArray Reference="Unit,Vulture,LifeArmor" Value="1.000000"/>
        <EffectArray Reference="Unit,Vulture,LifeArmorLevel" Value="1"/>
        <EffectArray Reference="Unit,Goliath,LifeArmor" Value="1.000000"/>
        <EffectArray Reference="Unit,Goliath,LifeArmorLevel" Value="1"/>
        <EffectArray Reference="Unit,SpartanCompany,LifeArmor" Value="1.000000"/>
        <EffectArray Reference="Unit,SpartanCompany,LifeArmorLevel" Value="1"/>
        <EffectArray Reference="Unit,SiegeBreakerSieged,LifeArmor" Value="1.000000"/>
        <EffectArray Reference="Unit,SiegeBreakerSieged,LifeArmorLevel" Value="1"/>
        <EffectArray Reference="Unit,SiegeBreaker,LifeArmor" Value="1.000000"/>
        <EffectArray Reference="Unit,SiegeBreaker,LifeArmorLevel" Value="1"/>
        <EffectArray Reference="Unit,Odin,LifeArmor" Value="1.000000"/>
        <EffectArray Reference="Unit,Odin,LifeArmorLevel" Value="1"/>
        <EffectArray Reference="Unit,Predator,LifeArmor" Value="1"/>
        <EffectArray Reference="Unit,Predator,LifeArmorLevel" Value="1"/>
        <EffectArrayTemplate Reference="Unit,^ParamId^,LifeArmorLevel" Value="1"/>
        <EffectArrayTemplate Reference="Unit,^ParamId^,LifeArmor" Value="1"/>
        <EditorCategories value="Race:Terran,UpgradeType:ArmorBonus"/>
        <AffectedUnitArray value="Odin"/>
        <AffectedUnitArray value="Hellion"/>
        <AffectedUnitArray value="SiegeTankSieged"/>
        <AffectedUnitArray value="SiegeTank"/>
        <AffectedUnitArray value="Thor"/>
        <AffectedUnitArray value="Diamondback"/>
        <AffectedUnitArray value="Vulture"/>
        <AffectedUnitArray value="Goliath"/>
        <AffectedUnitArray value="SpartanCompany"/>
        <AffectedUnitArray value="SiegeBreaker"/>
        <AffectedUnitArray value="SiegeBreakerSieged"/>
        <LeaderAlias value="VanadiumPlating"/>
        <BonusResourcePerLevel index="Minerals" value="3000"/>
    </CUpgrade>
    <CUpgrade id="TerranVehicleUltraCapacitors">
        <Flags index="UpgradeCheat" value="0"/>
        <Race value="Terr"/>
        <ScoreCount value="WeaponTechnologyCount"/>
        <ScoreValue value="WeaponTechnologyValue"/>
        <ScoreResult value="BuildOrder"/>
        <EffectArray Reference="Weapon,ThorsHammer,RateMultiplier" Value="0.2"/>
        <EffectArray Reference="Weapon,JavelinMissileLaunchers,RateMultiplier" Value="0.2"/>
        <EffectArray Reference="Weapon,90mmCannons,RateMultiplier" Value="0.2"/>
        <EffectArray Reference="Weapon,CrucioShockCannon,RateMultiplier" Value="0.2"/>
        <EffectArray Reference="Weapon,InfernalFlameThrower,RateMultiplier" Value="0.2"/>
        <EffectArray Reference="Weapon,Diamondback,RateMultiplier" Value="0.2"/>
        <EffectArray Reference="Weapon,Vulture,RateMultiplier" Value="0.2"/>
        <EffectArray Reference="Weapon,GoliathG,RateMultiplier" Value="0.2"/>
        <EffectArray Reference="Weapon,GoliathA,RateMultiplier" Value="0.2"/>
        <EffectArray Reference="Weapon,GoliathGUpgraded,RateMultiplier" Value="0.2"/>
        <EffectArray Reference="Weapon,GoliathAUpgraded,RateMultiplier" Value="0.2"/>
        <EffectArray Reference="Weapon,SpartanCompanyG,RateMultiplier" Value="0.2"/>
        <EffectArray Reference="Weapon,SpartanCompanyA,RateMultiplier" Value="0.2"/>
        <EffectArray Reference="Weapon,SpartanCompanyGUpgraded,RateMultiplier" Value="0.2"/>
        <EffectArray Reference="Weapon,SpartanCompanyAUpgraded,RateMultiplier" Value="0.2"/>
        <EffectArray Reference="Weapon,SiegeBreaker,RateMultiplier" Value="0.2"/>
        <EffectArray Reference="Weapon,ArcliteShockCannon,RateMultiplier" Value="0.2"/>
        <EffectArray Reference="Weapon,Predator,RateMultiplier" Value="0.2"/>
        <EffectArrayTemplate Reference="Weapon,^ParamId^,RateMultiplier" Value="0.2"/>
        <EditorCategories value="Race:Terran,UpgradeType:AttackBonus"/>
        <AffectedUnitArray value="Odin"/>
        <AffectedUnitArray value="Hellion"/>
        <AffectedUnitArray value="SiegeTankSieged"/>
        <AffectedUnitArray value="SiegeTank"/>
        <AffectedUnitArray value="Thor"/>
        <AffectedUnitArray value="Diamondback"/>
        <AffectedUnitArray value="Vulture"/>
        <AffectedUnitArray value="Goliath"/>
        <AffectedUnitArray value="SpartanCompany"/>
        <AffectedUnitArray value="SiegeBreaker"/>
        <AffectedUnitArray value="SiegeBreakerSieged"/>
        <LeaderAlias value="UltraCapacitors"/>
        <BonusResourcePerLevel index="Minerals" value="3000"/>
    </CUpgrade>
    <CUpgrade id="AresClassWeaponsSystem">
        <EffectArray index="0" Reference="Unit,Goliath,LifeMax" Value="50"/>
        <EffectArray index="1" Reference="Unit,Goliath,LifeStart" Value="50"/>
        <EffectArray index="2" Reference="Unit,SpartanCompany,LifeMax" Value="50"/>
        <EffectArray index="3" Reference="Unit,SpartanCompany,LifeStart" Value="50"/>
        <EffectArray index="4" removed="1"/>
        <EffectArray index="5" removed="1"/>
        <EffectArray index="6" removed="1"/>
        <EffectArray index="7" removed="1"/>
    </CUpgrade>
    <CUpgrade id="BearclawNozzles">
        <EffectArray index="2" removed="1"/>
        <EffectArray index="3" removed="1"/>
        <EffectArray index="4" removed="1"/>
        <EffectArray index="5" removed="1"/>
        <EffectArray index="6" removed="1"/>
        <EffectArray index="7" removed="1"/>
        <EffectArray index="8" removed="1"/>
        <EffectArray index="9" removed="1"/>
    </CUpgrade>
    <CUpgrade id="HailstormMissilePods">
        <EffectArray Operation="Set" Reference="Effect,ConcussiveGrenadesU,AreaArray[0].Arc" Value="360.000000"/>
        <EffectArray Operation="Set" Reference="Effect,ConcussiveGrenadesU,AreaArray[1].Arc" Value="360.000000"/>
        <EffectArray Operation="Set" Reference="Effect,ConcussiveGrenadesU,AreaArray[2].Arc" Value="360.000000"/>
    </CUpgrade>
    <CUpgrade id="HellionCampaignInfernalPreIgniter">
        <EffectArray index="0" Operation="Multiply" Reference="Effect,InfernalFlameThrower,Amount" Value="1.5"/>
        <EffectArray Operation="Multiply" Reference="Effect,FirebatUFull,Amount" Value="1.5"/>
        <EffectArray Operation="Multiply" Reference="Effect,DevilDogDamage,Amount" Value="1.5"/>
        <EffectArray Operation="Multiply" Reference="Effect,PerditionTurretFlameThrowerDamage,Amount" Value="1.5"/>
        <BonusResourcePerLevel index="Minerals" value="2000"/>
    </CUpgrade>
    <CUpgrade id="HiSecAutoTracking">
        <EffectArray Reference="Weapon,ConcussiveGrenades,Range" Value="1"/>
        <BonusResourcePerLevel index="Minerals" value="1000"/>
    </CUpgrade>
    <CUpgrade id="HydraulicStabilizers">
        <EffectArray Operation="Set" Reference="Weapon,InfernalFlameThrower,Options[OnlyFireAtAttackOrderTarget]" Value="0"/>
        <EffectArray Operation="Set" Reference="Weapon,InfernalFlameThrower,Options[OnlyFireWhileInAttackOrder]" Value="0"/>
        <EffectArray Operation="Set" Reference="Weapon,InfernalFlameThrower,AllowedMovement" Value="Moving"/>
        <EditorCategories value="UpgradeType:Talents"/>
    </CUpgrade>
    <CUpgrade id="LowPower">
        <EditorCategories value="Race:Neutral"/>
    </CUpgrade>
    <CUpgrade id="ProjectileAccelerators">
        <EffectArray Reference="Weapon,ShrikeTurret,Range" Value="1"/>
    </CUpgrade>
    <CUpgrade id="ProtossShieldsLevel1">
        <EffectArray index="1" Value="2.667"/>
        <EffectArray index="3" Value="2.667"/>
        <EffectArray index="5" Value="2.667"/>
        <EffectArray index="7" Value="2.667"/>
        <EffectArray index="9" Value="2.667"/>
        <EffectArray index="11" Value="2.667"/>
        <EffectArray index="13" Value="2.667"/>
        <EffectArray index="15" Value="2.667"/>
        <EffectArray index="17" Value="2.667"/>
        <EffectArray index="19" Value="2.667"/>
        <EffectArray index="21" Value="2.667"/>
        <EffectArray index="23" Value="2.667"/>
        <EffectArray index="25" Value="2.667"/>
        <EffectArray index="27" Value="2.667"/>
        <EffectArray index="29" Value="2.667"/>
        <EffectArray index="31" Value="2.667"/>
        <EffectArray index="32" Value="2.667"/>
        <EffectArray index="35" Value="2.667"/>
        <EffectArray index="37" Value="2.667"/>
        <EffectArray index="39" Value="2.667"/>
        <EffectArray index="41" Value="2.667"/>
        <EffectArray index="43" Value="2.667"/>
        <EffectArray index="45" Value="2.667"/>
        <EffectArray index="47" Value="2.667"/>
        <EffectArray index="48" Value="2.667"/>
        <EffectArray index="51" Value="2.667"/>
        <EffectArray index="53" Value="2.667"/>
        <EffectArray index="55" Value="2.667"/>
        <EffectArray index="57" Value="2.667"/>
        <EffectArray index="59" Value="2.667"/>
        <EffectArray index="61" Value="2.667"/>
        <EffectArray index="63" Value="2.667"/>
        <EffectArray index="96" Value="2.667"/>
        <EffectArray index="98" Value="2.667"/>
        <EffectArray index="100" Value="2.667"/>
        <EffectArray index="102" Value="2.667"/>
        <EffectArray index="104" Value="2.667"/>
        <EffectArray index="106" Value="2.667"/>
        <EffectArray index="108" Value="2.667"/>
        <EffectArray index="110" Value="2.667"/>
        <EffectArray index="113" Value="2.667"/>
        <EffectArray index="114" Value="2.667"/>
        <EffectArray index="117" Value="2.667"/>
        <EffectArray index="119" Value="2.667"/>
        <EffectArray index="121" Value="2.667"/>
        <EffectArray index="128" removed="1"/>
        <EffectArray index="129" removed="1"/>
        <EffectArray index="130" removed="1"/>
        <EffectArray index="131" removed="1"/>
        <EffectArray index="132" removed="1"/>
        <EffectArray index="133" removed="1"/>
        <EffectArray index="134" removed="1"/>
    </CUpgrade>
    <CUpgrade id="ReaperU238Rounds">
        <EffectArray index="1" Reference="Effect,P38ScytheGuassPistol,Amount" Value="3"/>
        <EffectArray Reference="Weapon,ReaperSquad,Range" Value="1"/>
    </CUpgrade>
    <CUpgrade id="ReinforcedSuperstructure">
        <EffectArray Operation="AddBaseMultiply" Reference="Unit,DevastationTurret,LifeMax" Value="0.3"/>
        <EffectArray Operation="AddBaseMultiply" Reference="Unit,DevastationTurret,LifeStart" Value="0.3"/>
    </CUpgrade>
    <CUpgrade id="TerranBuildingArmor">
        <EffectArray index="0" Value="1.000000"/>
        <EffectArray index="1" Value="1"/>
        <EffectArray index="2" Value="1.000000"/>
        <EffectArray index="3" Value="1"/>
        <EffectArray index="4" Value="1.000000"/>
        <EffectArray index="5" Value="1"/>
        <EffectArray index="6" Value="1.000000"/>
        <EffectArray index="7" Value="1"/>
        <EffectArray index="8" Value="1.000000"/>
        <EffectArray index="9" Value="1"/>
        <EffectArray index="10" Value="1.000000"/>
        <EffectArray index="11" Value="1"/>
        <EffectArray index="12" Value="1.000000"/>
        <EffectArray index="13" Value="1"/>
        <EffectArray index="14" Value="1.000000"/>
        <EffectArray index="15" Value="1"/>
        <EffectArray index="16" Value="1.000000"/>
        <EffectArray index="17" Value="1"/>
        <EffectArray index="18" Value="1.000000"/>
        <EffectArray index="19" Value="1"/>
        <EffectArray index="20" Value="1.000000"/>
        <EffectArray index="21" Value="1"/>
        <EffectArray index="22" Value="1.000000"/>
        <EffectArray index="23" Value="1"/>
        <EffectArray index="24" Value="1.000000"/>
        <EffectArray index="25" Value="1"/>
        <EffectArray index="26" Value="1.000000"/>
        <EffectArray index="27" Value="1"/>
        <EffectArray index="28" Value="1.000000"/>
        <EffectArray index="29" Value="1"/>
        <EffectArray index="30" Value="1.000000"/>
        <EffectArray index="31" Value="1"/>
        <EffectArray index="32" Value="1.000000"/>
        <EffectArray index="33" Value="1"/>
        <EffectArray index="34" Value="1.000000"/>
        <EffectArray index="35" Value="1"/>
        <EffectArray index="36" Value="1.000000"/>
        <EffectArray index="37" Value="1"/>
        <EffectArray index="38" Value="1.000000"/>
        <EffectArray index="39" Value="1"/>
        <EffectArray index="40" Value="1.000000"/>
        <EffectArray index="41" Value="1"/>
        <EffectArray index="42" Value="1.000000"/>
        <EffectArray index="43" Value="1"/>
        <EffectArray index="44" Value="1.000000"/>
        <EffectArray index="45" Value="1"/>
        <EffectArray index="46" Value="1.000000"/>
        <EffectArray index="47" Value="1"/>
        <EffectArray index="48" Value="1.000000"/>
        <EffectArray index="49" Value="1"/>
        <EffectArray index="50" Value="1"/>
        <EffectArray index="51" Value="1"/>
        <EffectArray index="52" Value="1.000000"/>
        <EffectArray index="53" Value="1"/>
        <EffectArray index="54" Value="1.000000"/>
        <EffectArray index="55" Value="1"/>
        <EffectArray index="56" Value="1.000000"/>
        <EffectArray index="57" Value="1"/>
        <EffectArray index="58" Value="1.000000"/>
        <EffectArray index="59" Value="1"/>
        <EffectArray index="60" Value="1"/>
        <EffectArray index="61" Value="1"/>
        <EffectArray index="62" Value="1.000000"/>
        <EffectArray index="63" Value="1"/>
        <EffectArray index="64" Value="1.000000"/>
        <EffectArray index="65" Value="1"/>
        <EffectArray index="66" Value="1.000000"/>
        <EffectArray index="67" Value="1"/>
        <EffectArray index="68" Value="1.000000"/>
        <EffectArray index="69" Value="1"/>
        <EffectArray index="70" Value="1.000000"/>
        <EffectArray index="71" Value="1"/>
        <EffectArray index="72" Value="1.000000"/>
        <EffectArray index="73" Value="1"/>
        <EffectArray index="74" Value="1.000000"/>
        <EffectArray index="75" Value="1"/>
        <EffectArrayTemplate Reference="Unit,^ParamId^,LifeArmor" Value="{1+DataCollection,^ParamId^,UpgradeInfoUnitLifeArmorPerLevel}"/>
        <EffectArrayTemplate Reference="Unit,^ParamId^,LifeArmorLevel" Value="1"/>
        <BonusResourcePerLevel index="Minerals" value="2000"/>
    </CUpgrade>
    <CUpgrade id="TerranInfantryUltraCapacitors">
        <EffectArray Reference="Weapon,GuassRifle,RateMultiplier" Value="0.2"/>
        <EffectArray Reference="Weapon,P38ScytheGuassPistol,RateMultiplier" Value="0.2"/>
        <EffectArray Reference="Weapon,D8Charge,RateMultiplier" Value="0.2"/>
        <EffectArray Reference="Weapon,PunisherGrenades,RateMultiplier" Value="0.2"/>
        <EffectArray Reference="Weapon,C10CanisterRifle,RateMultiplier" Value="0.2"/>
        <EffectArray Reference="Weapon,Firebat,RateMultiplier" Value="0.2"/>
        <EffectArray Reference="Weapon,Specter,RateMultiplier" Value="0.2"/>
        <EffectArray Reference="Weapon,KelmorianMinerGaussRifle,RateMultiplier" Value="0.2"/>
        <EffectArray Reference="Weapon,HammerSecurity,RateMultiplier" Value="0.2"/>
        <EffectArray Reference="Weapon,DevilDogFlameThrower,RateMultiplier" Value="0.2"/>
        <EffectArray Reference="Weapon,CommandoRifle,RateMultiplier" Value="0.2"/>
        <EffectArray Reference="Weapon,RaynorWeapon,RateMultiplier" Value="0.2"/>
        <EffectArray Reference="Weapon,TychusCommandoChaingun,RateMultiplier" Value="0.2"/>
        <EffectArray Reference="Weapon,TychusChaingun,RateMultiplier" Value="0.2"/>
        <EffectArray Reference="Weapon,DutchConcussiveGrenade,RateMultiplier" Value="0.2"/>
        <EffectArray Reference="Weapon,SwannMelee,RateMultiplier" Value="0.2"/>
        <EffectArray Reference="Weapon,Nova,RateMultiplier" Value="0.2"/>
        <EffectArray Reference="Weapon,Tosh,RateMultiplier" Value="0.2"/>
        <EffectArray Reference="Weapon,RaynorGaussRifle,RateMultiplier" Value="0.2"/>
        <EffectArray Reference="Weapon,ShrikeTurret,RateMultiplier" Value="0.2"/>
        <EffectArrayTemplate Reference="Weapon,^ParamId^,RateMultiplier" Value="0.2"/>
        <EditorCategories value="Race:Terran,UpgradeType:AttackBonus"/>
        <BonusResourcePerLevel index="Minerals" value="3000"/>
        <Flags index="UpgradeCheat" value="0"/>
        <Race value="Terr"/>
        <ScoreCount value="WeaponTechnologyCount"/>
        <ScoreValue value="WeaponTechnologyValue"/>
        <ScoreResult value="BuildOrder"/>
        <LeaderAlias value="UltraCapacitors"/>
    </CUpgrade>
    <CUpgrade id="TerranInfantryVanadiumPlating">
        <EffectArray Reference="Unit,SCV,LifeArmorLevel" Value="1"/>
        <EffectArray Reference="Unit,SCV,LifeArmor" Value="1"/>
        <EffectArray Reference="Unit,Marine,LifeArmorLevel" Value="1"/>
        <EffectArray Reference="Unit,Marine,LifeArmor" Value="1"/>
        <EffectArray Reference="Unit,Reaper,LifeArmorLevel" Value="1"/>
        <EffectArray Reference="Unit,Reaper,LifeArmor" Value="1"/>
        <EffectArray Reference="Unit,Marauder,LifeArmorLevel" Value="1"/>
        <EffectArray Reference="Unit,Marauder,LifeArmor" Value="1"/>
        <EffectArray Reference="Unit,Ghost,LifeArmorLevel" Value="1"/>
        <EffectArray Reference="Unit,Ghost,LifeArmor" Value="1"/>
        <EffectArray Reference="Unit,MULE,LifeArmor" Value="1"/>
        <EffectArray Reference="Unit,MULE,LifeArmorLevel" Value="1"/>
        <EffectArray Reference="Unit,Firebat,LifeArmorLevel" Value="1"/>
        <EffectArray Reference="Unit,Firebat,LifeArmor" Value="1"/>
        <EffectArray Reference="Unit,Medic,LifeArmorLevel" Value="1"/>
        <EffectArray Reference="Unit,Medic,LifeArmor" Value="1"/>
        <EffectArray Reference="Unit,Spectre,LifeArmorLevel" Value="1"/>
        <EffectArray Reference="Unit,Spectre,LifeArmor" Value="1"/>
        <EffectArray Reference="Unit,WarPig,LifeArmorLevel" Value="1"/>
        <EffectArray Reference="Unit,WarPig,LifeArmor" Value="1"/>
        <EffectArray Reference="Unit,HammerSecurity,LifeArmorLevel" Value="1"/>
        <EffectArray Reference="Unit,HammerSecurity,LifeArmor" Value="1"/>
        <EffectArray Reference="Unit,DevilDog,LifeArmorLevel" Value="1"/>
        <EffectArray Reference="Unit,DevilDog,LifeArmor" Value="1"/>
        <EffectArray Reference="Unit,DominionKillTeam,LifeArmorLevel" Value="1"/>
        <EffectArray Reference="Unit,DominionKillTeam,LifeArmor" Value="1"/>
        <EffectArray Reference="Unit,RaynorCommando,LifeArmorLevel" Value="1"/>
        <EffectArray Reference="Unit,RaynorCommando,LifeArmor" Value="1"/>
        <EffectArray Reference="Unit,Raynor,LifeArmorLevel" Value="1"/>
        <EffectArray Reference="Unit,Raynor,LifeArmor" Value="1"/>
        <EffectArray Reference="Unit,TychusCommando,LifeArmorLevel" Value="1"/>
        <EffectArray Reference="Unit,TychusCommando,LifeArmor" Value="1"/>
        <EffectArray Reference="Unit,TychusChaingun,LifeArmorLevel" Value="1"/>
        <EffectArray Reference="Unit,TychusChaingun,LifeArmor" Value="1"/>
        <EffectArray Reference="Unit,Swann,LifeArmorLevel" Value="1"/>
        <EffectArray Reference="Unit,Swann,LifeArmor" Value="1"/>
        <EffectArray Reference="Unit,Stetmann,LifeArmorLevel" Value="1"/>
        <EffectArray Reference="Unit,Stetmann,LifeArmor" Value="1"/>
        <EffectArray Reference="Unit,Nova,LifeArmorLevel" Value="1"/>
        <EffectArray Reference="Unit,Nova,LifeArmor" Value="1"/>
        <EffectArray Reference="Unit,Tosh,LifeArmorLevel" Value="1"/>
        <EffectArray Reference="Unit,Tosh,LifeArmor" Value="1"/>
        <EffectArrayTemplate Reference="Unit,^ParamId^,LifeArmorLevel" Value="1"/>
        <EffectArrayTemplate Reference="Unit,^ParamId^,LifeArmor" Value="1"/>
        <EditorCategories value="Race:Terran,UpgradeType:ArmorBonus"/>
        <BonusResourcePerLevel index="Minerals" value="3000"/>
        <Flags index="UpgradeCheat" value="0"/>
        <Race value="Terr"/>
        <ScoreCount value="ArmorTechnologyCount"/>
        <ScoreValue value="ArmorTechnologyValue"/>
        <ScoreResult value="BuildOrder"/>
        <LeaderAlias value="VanadiumPlating"/>
    </CUpgrade>
    <CUpgrade id="TriLithiumPowerCells">
        <EffectArray index="0" removed="1"/>
    </CUpgrade>
    <CUpgrade id="TwinLinkedFlameThrowers">
        <EffectArray index="0" Reference="Effect,InfernalFlameThrower,AreaArray[0].Radius"/>
    </CUpgrade>
    <CUpgrade id="ZergGroundArmorsLevel1">
        <EffectArray index="0" Reference="Unit,Zergling,LifeArmorLevel"/>
        <EffectArray index="1" Reference="Unit,Zergling,LifeArmor"/>
        <EffectArray index="2" Reference="Unit,ZerglingBurrowed,LifeArmorLevel"/>
        <EffectArray index="3" Reference="Unit,ZerglingBurrowed,LifeArmor"/>
        <EffectArray index="4" Reference="Unit,Baneling,LifeArmorLevel"/>
        <EffectArray index="5" Reference="Unit,Baneling,LifeArmor"/>
        <EffectArray index="6" Reference="Unit,BanelingBurrowed,LifeArmorLevel"/>
        <EffectArray index="7" Reference="Unit,BanelingBurrowed,LifeArmor"/>
        <EffectArray index="8" Reference="Unit,Roach,LifeArmorLevel"/>
        <EffectArray index="9" Reference="Unit,Roach,LifeArmor"/>
        <EffectArray index="10" Reference="Unit,RoachBurrowed,LifeArmorLevel"/>
        <EffectArray index="11" Reference="Unit,RoachBurrowed,LifeArmor"/>
        <EffectArray index="12" Reference="Unit,Ultralisk,LifeArmorLevel"/>
        <EffectArray index="13" Reference="Unit,Ultralisk,LifeArmor"/>
        <EffectArray index="14" Reference="Unit,UltraliskBurrowed,LifeArmorLevel"/>
        <EffectArray index="15" Reference="Unit,UltraliskBurrowed,LifeArmor"/>
        <EffectArray index="16" Reference="Unit,BanelingCocoon,LifeArmorLevel"/>
        <EffectArray index="17" Reference="Unit,BanelingCocoon,LifeArmor"/>
        <EffectArray index="18" Reference="Unit,InfestedAbomination,LifeArmor" Value="1.000000"/>
        <EffectArray index="19" Reference="Unit,InfestedAbomination,LifeArmorLevel"/>
        <EffectArray index="20" Reference="Unit,InfestedAbominationBurrowed,LifeArmor" Value="1.000000"/>
        <EffectArray index="21" Reference="Unit,InfestedAbominationBurrowed,LifeArmorLevel"/>
        <EffectArray index="22" Reference="Unit,Omegalisk,LifeArmorLevel"/>
        <EffectArray index="23" Reference="Unit,OmegaliskBurrowed,LifeArmor" Value="1.000000"/>
        <EffectArray index="24" Reference="Unit,OmegaliskBurrowed,LifeArmorLevel"/>
        <EffectArray index="25" Reference="Unit,KerriganChar,LifeArmorLevel"/>
        <EffectArray index="26" Reference="Unit,KerriganChar,LifeArmor"/>
        <EffectArray index="27" Reference="Unit,Omegalisk,LifeArmor"/>
        <EffectArray index="28" removed="1"/>
        <EffectArray index="29" removed="1"/>
        <EffectArray index="30" removed="1"/>
        <EffectArray index="31" removed="1"/>
        <EffectArray index="32" removed="1"/>
        <EffectArray index="33" removed="1"/>
        <EffectArray index="34" removed="1"/>
        <EffectArray index="35" removed="1"/>
        <EffectArray index="36" removed="1"/>
        <EffectArray index="37" removed="1"/>
        <EffectArray index="38" removed="1"/>
        <EffectArray index="39" removed="1"/>
        <EffectArray index="40" removed="1"/>
        <EffectArray index="41" removed="1"/>
        <EffectArray index="42" removed="1"/>
        <EffectArray index="43" removed="1"/>
        <EffectArray index="44" removed="1"/>
        <EffectArray index="45" removed="1"/>
        <EffectArray index="46" removed="1"/>
        <EffectArray index="47" removed="1"/>
        <EffectArray index="48" removed="1"/>
        <EffectArray index="49" removed="1"/>
        <EffectArray index="50" removed="1"/>
        <EffectArray index="51" removed="1"/>
        <EffectArray index="52" removed="1"/>
        <EffectArray index="53" removed="1"/>
        <EffectArray index="54" removed="1"/>
        <EffectArray index="55" removed="1"/>
        <EffectArray index="56" removed="1"/>
        <EffectArray index="57" removed="1"/>
        <EffectArray index="58" removed="1"/>
        <EffectArray index="59" removed="1"/>
        <EffectArray index="60" removed="1"/>
        <EffectArray index="61" removed="1"/>
        <EffectArray index="62" removed="1"/>
        <EffectArray index="63" removed="1"/>
        <EffectArray index="64" removed="1"/>
        <EffectArray index="65" removed="1"/>
        <EffectArray index="66" removed="1"/>
        <EffectArray index="67" removed="1"/>
        <EffectArray index="68" removed="1"/>
        <EffectArray index="69" removed="1"/>
        <EffectArray index="70" removed="1"/>
        <EffectArray index="71" removed="1"/>
        <EffectArray index="72" removed="1"/>
        <EffectArray index="73" removed="1"/>
        <EffectArray index="74" removed="1"/>
        <EffectArray index="75" removed="1"/>
        <EffectArray index="76" removed="1"/>
        <EffectArray index="77" removed="1"/>
        <EffectArray index="78" removed="1"/>
        <EffectArray index="79" removed="1"/>
        <EffectArray index="80" removed="1"/>
        <EffectArray index="81" removed="1"/>
        <EffectArray index="82" removed="1"/>
        <EffectArray index="83" removed="1"/>
        <EffectArray index="84" removed="1"/>
        <EffectArray index="85" removed="1"/>
        <EffectArray index="86" removed="1"/>
        <EffectArray index="87" removed="1"/>
        <EffectArray index="88" removed="1"/>
        <EffectArray index="89" removed="1"/>
        <EffectArray index="90" removed="1"/>
        <EffectArray index="91" removed="1"/>
        <EffectArray index="92" removed="1"/>
    </CUpgrade>
    <CUpgrade id="ZergGroundArmorsLevel2">
        <EffectArray index="0" Reference="Unit,Roach,LifeArmorLevel"/>
        <EffectArray index="1" Reference="Unit,Roach,LifeArmor" Value="2"/>
        <EffectArray index="2" Reference="Unit,RoachBurrowed,LifeArmorLevel"/>
        <EffectArray index="3" Reference="Unit,RoachBurrowed,LifeArmor" Value="2"/>
        <EffectArray index="4" Operation="AddBaseMultiply" Reference="Unit,Ultralisk,Speed" Value="0.398400"/>
        <EffectArray index="5" Operation="AddBaseMultiply" Reference="Unit,Omegalisk,Speed" Value="0.398400"/>
        <EffectArray index="6" Operation="Set" Reference="Unit,Drone,SpeedMultiplierCreep" Value="2"/>
        <EffectArray index="7" Operation="Set" Reference="Unit,DroneBurrowed,SpeedMultiplierCreep" Value="2"/>
        <EffectArray index="8" Operation="Set" Reference="Unit,Zergling,SpeedMultiplierCreep" Value="2"/>
        <EffectArray index="9" Operation="Set" Reference="Unit,ZerglingBurrowed,SpeedMultiplierCreep" Value="2"/>
        <EffectArray index="10" Operation="Set" Reference="Unit,Hydralisk,SpeedMultiplierCreep" Value="2"/>
        <EffectArray index="11" Operation="Set" Reference="Unit,HydraliskBurrowed,SpeedMultiplierCreep" Value="2"/>
        <EffectArray index="12" Operation="Set" Reference="Unit,Baneling,SpeedMultiplierCreep" Value="2"/>
        <EffectArray index="13" Operation="Set" Reference="Unit,BanelingBurrowed,SpeedMultiplierCreep" Value="2"/>
        <EffectArray index="14" Operation="Set" Reference="Unit,Roach,SpeedMultiplierCreep" Value="2"/>
        <EffectArray index="15" Operation="Set" Reference="Unit,RoachBurrowed,SpeedMultiplierCreep" Value="2"/>
        <EffectArray index="16" Operation="Set" Reference="Unit,Ultralisk,SpeedMultiplierCreep" Value="2"/>
        <EffectArray index="17" Operation="Set" Reference="Unit,UltraliskBurrowed,SpeedMultiplierCreep" Value="2"/>
        <EffectArray index="18" Operation="Set" Reference="Unit,Queen,SpeedMultiplierCreep" Value="2"/>
        <EffectArray index="19" Operation="Set" Reference="Unit,QueenBurrowed,SpeedMultiplierCreep" Value="2"/>
        <EffectArray index="20" Operation="Set" Reference="Unit,Infestor,SpeedMultiplierCreep" Value="2"/>
        <EffectArray index="21" Operation="Set" Reference="Unit,Broodling,SpeedMultiplierCreep" Value="2"/>
        <EffectArray index="22" Operation="Set" Reference="Unit,InfestorTerranBurrowed,SpeedMultiplierCreep" Value="2"/>
        <EffectArray index="23" Operation="Set" Reference="Unit,BanelingCocoon,SpeedMultiplierCreep" Value="2"/>
        <EffectArray index="24" Operation="Set" Reference="Unit,InfestedCivilian,SpeedMultiplierCreep" Value="2"/>
        <EffectArray index="25" Operation="Set" Reference="Unit,InfestedCivilianBurrowed,SpeedMultiplierCreep" Value="2"/>
        <EffectArray index="26" Operation="Set" Reference="Unit,InfestedTerranCampaign,SpeedMultiplierCreep" Value="2"/>
        <EffectArray index="27" Operation="Set" Reference="Unit,InfestedTerranCampaignBurrowed,SpeedMultiplierCreep" Value="2"/>
        <EffectArray index="28" Operation="Set" Reference="Unit,InfestedAbomination,SpeedMultiplierCreep" Value="2"/>
        <EffectArray index="29" Operation="Set" Reference="Unit,InfestedAbominationBurrowed,SpeedMultiplierCreep" Value="2"/>
        <EffectArray index="30" Operation="Set" Reference="Unit,Lurker,SpeedMultiplierCreep" Value="2"/>
        <EffectArray index="31" Operation="Set" Reference="Unit,LurkerBurrowed,SpeedMultiplierCreep" Value="2"/>
        <EffectArray index="32" Operation="Set" Reference="Unit,Omegalisk,SpeedMultiplierCreep" Value="2"/>
        <EffectArray index="33" Operation="Set" Reference="Unit,OmegaliskBurrowed,SpeedMultiplierCreep" Value="2"/>
        <EffectArray index="34" Operation="Set" Reference="Unit,Swarmling,SpeedMultiplierCreep" Value="2"/>
        <EffectArray index="35" Operation="Set" Reference="Unit,HunterKiller,SpeedMultiplierCreep" Value="2"/>
        <EffectArray index="36" Operation="Set" Reference="Unit,HunterKillerBurrowed,SpeedMultiplierCreep" Value="2"/>
        <EffectArray index="37" Operation="Set" Reference="Unit,KerriganChar,SpeedMultiplierCreep" Value="2"/>
        <EffectArray index="38" Operation="Set" Reference="Unit,HybridDestroyer,SpeedMultiplierCreep" Value="2"/>
        <EffectArray index="39" Operation="Set" Reference="Unit,HybridReaver,SpeedMultiplierCreep" Value="2"/>
        <EffectArray index="40" removed="1"/>
        <EffectArray index="41" removed="1"/>
        <EffectArray index="42" removed="1"/>
        <EffectArray index="43" removed="1"/>
        <EffectArray index="44" removed="1"/>
        <EffectArray index="45" removed="1"/>
        <EffectArray index="46" removed="1"/>
        <EffectArray index="47" removed="1"/>
        <EffectArray index="48" removed="1"/>
        <EffectArray index="49" removed="1"/>
        <EffectArray index="50" removed="1"/>
        <EffectArray index="51" removed="1"/>
        <EffectArray index="52" removed="1"/>
        <EffectArray index="53" removed="1"/>
        <EffectArray index="54" removed="1"/>
        <EffectArray index="55" removed="1"/>
        <EffectArray index="56" removed="1"/>
        <EffectArray index="57" removed="1"/>
        <EffectArray index="58" removed="1"/>
        <EffectArray index="59" removed="1"/>
        <EffectArray index="60" removed="1"/>
        <EffectArray index="61" removed="1"/>
        <EffectArray index="62" removed="1"/>
        <EffectArray index="63" removed="1"/>
        <EffectArray index="64" removed="1"/>
        <EffectArray index="65" removed="1"/>
        <EffectArray index="66" removed="1"/>
        <EffectArray index="67" removed="1"/>
        <EffectArray index="68" removed="1"/>
        <EffectArray index="69" removed="1"/>
        <EffectArray index="70" removed="1"/>
        <EffectArray index="71" removed="1"/>
        <EffectArray index="72" removed="1"/>
        <EffectArray index="73" removed="1"/>
        <EffectArray index="74" removed="1"/>
        <EffectArray index="75" removed="1"/>
        <EffectArray index="76" removed="1"/>
        <EffectArray index="77" removed="1"/>
        <EffectArray index="78" removed="1"/>
        <EffectArray index="79" removed="1"/>
        <EffectArray index="80" removed="1"/>
        <EffectArray index="81" removed="1"/>
        <EffectArray index="82" removed="1"/>
        <EffectArray index="83" removed="1"/>
        <EffectArray index="84" removed="1"/>
        <EffectArray index="85" removed="1"/>
        <EffectArray index="86" removed="1"/>
        <EffectArray index="87" removed="1"/>
        <EffectArray index="88" removed="1"/>
        <EffectArray index="89" removed="1"/>
        <EffectArray index="90" removed="1"/>
        <EffectArray index="91" removed="1"/>
        <EffectArray index="92" removed="1"/>
    </CUpgrade>
    <CUpgrade id="ZergGroundArmorsLevel3"/>
    <CUpgrade id="ZergMeleeWeaponsLevel1">
        <EffectArray index="0" Reference="Weapon,Ram,Level"/>
        <EffectArray index="1" Operation="Multiply" Reference="Effect,Ram,Amount" Value="1.3"/>
        <EffectArray index="2" Reference="Weapon,NeedleClaws,Level"/>
        <EffectArray index="3" Operation="Multiply" Reference="Effect,VolatileBurstU,Amount" Value="1.4"/>
        <EffectArray index="4" Operation="Multiply" Reference="Effect,VolatileBurstU2,Amount" Value="1.2"/>
        <EffectArray index="5" Operation="Multiply" Reference="Effect,VolatileBurstFriendlyUnitDamage,Amount" Value="1.4"/>
        <EffectArray index="6" Operation="Multiply" Reference="Effect,VolatileBurstFriendlyBuildingDamage,Amount" Value="1.2"/>
        <EffectArray index="7" Reference="Weapon,VolatileBurstDummy,Level"/>
        <EffectArray index="8" Operation="Multiply" Reference="Effect,InfestedClawsDamage,Amount" Value="1.2"/>
        <EffectArray index="9" Reference="Weapon,InfestedClaws,Level" Value="1"/>
        <EffectArray index="10" Operation="Multiply" Reference="Effect,OmegaliskHeadAttackDamage,Amount" Value="1.3"/>
        <EffectArray index="11" Reference="Weapon,OmegaliskHeadAttack,Level" Value="1"/>
        <EffectArray index="12" Reference="Effect,Val03RazorTalonsDamage,Amount" Value="5.000000"/>
        <EffectArray index="13" removed="1"/>
        <EffectArray index="14" removed="1"/>
        <EffectArray index="15" removed="1"/>
        <EffectArray index="16" removed="1"/>
        <EffectArray index="17" removed="1"/>
        <EffectArray index="18" removed="1"/>
        <EffectArray index="19" removed="1"/>
        <EffectArray index="20" removed="1"/>
        <EffectArray index="21" removed="1"/>
        <EffectArray index="22" removed="1"/>
        <EffectArray index="23" removed="1"/>
        <EffectArray index="24" removed="1"/>
        <EffectArray index="25" removed="1"/>
        <EffectArray index="26" removed="1"/>
        <EffectArray index="27" removed="1"/>
        <EffectArray index="28" removed="1"/>
        <EffectArray index="29" removed="1"/>
        <EffectArray index="30" removed="1"/>
        <EffectArray index="31" removed="1"/>
        <EffectArray index="32" removed="1"/>
        <EffectArray index="33" removed="1"/>
        <EffectArray index="34" removed="1"/>
        <EffectArray index="35" removed="1"/>
        <EffectArray index="36" removed="1"/>
        <EffectArray index="37" removed="1"/>
        <EffectArray index="38" removed="1"/>
        <EffectArray index="39" removed="1"/>
        <EffectArray index="40" removed="1"/>
        <EffectArray index="41" removed="1"/>
        <EffectArray index="42" removed="1"/>
        <EffectArray index="43" removed="1"/>
    </CUpgrade>
    <CUpgrade id="ZergMeleeWeaponsLevel2">
        <EffectArray index="0" Operation="Multiply" Reference="Effect,Claws,Amount" Value="1.5"/>
        <EffectArray index="1" Operation="Multiply" Reference="Effect,KaiserBladesDamage,Amount" Value="1.3"/>
        <EffectArray index="2" Operation="Multiply" Reference="Effect,OmegaliskU,Amount" Value="1.3"/>
        <EffectArray index="3" Operation="Multiply" Reference="Effect,OmegaliskCleaveMU,Amount" Value="1.3"/>
        <EffectArray index="4" removed="1"/>
        <EffectArray index="5" removed="1"/>
        <EffectArray index="6" removed="1"/>
        <EffectArray index="7" removed="1"/>
        <EffectArray index="8" removed="1"/>
        <EffectArray index="9" removed="1"/>
        <EffectArray index="10" removed="1"/>
        <EffectArray index="11" removed="1"/>
        <EffectArray index="12" removed="1"/>
        <EffectArray index="13" removed="1"/>
        <EffectArray index="14" removed="1"/>
        <EffectArray index="15" removed="1"/>
        <EffectArray index="16" removed="1"/>
        <EffectArray index="17" removed="1"/>
        <EffectArray index="18" removed="1"/>
        <EffectArray index="19" removed="1"/>
        <EffectArray index="20" removed="1"/>
        <EffectArray index="21" removed="1"/>
        <EffectArray index="22" removed="1"/>
        <EffectArray index="23" removed="1"/>
        <EffectArray index="24" removed="1"/>
        <EffectArray index="25" removed="1"/>
        <EffectArray index="26" removed="1"/>
        <EffectArray index="27" removed="1"/>
        <EffectArray index="28" removed="1"/>
        <EffectArray index="29" removed="1"/>
        <EffectArray index="30" removed="1"/>
        <EffectArray index="31" removed="1"/>
        <EffectArray index="32" removed="1"/>
        <EffectArray index="33" removed="1"/>
        <EffectArray index="34" removed="1"/>
        <EffectArray index="35" removed="1"/>
        <EffectArray index="36" removed="1"/>
        <EffectArray index="37" removed="1"/>
        <EffectArray index="38" removed="1"/>
        <EffectArray index="39" removed="1"/>
        <EffectArray index="40" removed="1"/>
        <EffectArray index="41" removed="1"/>
        <EffectArray index="42" removed="1"/>
        <EffectArray index="43" removed="1"/>
    </CUpgrade>
    <CUpgrade id="ZergMissileWeaponsLevel1">
        <EffectArray index="1" Operation="Multiply" Value="1.4"/>
        <EffectArray index="2" Operation="Multiply" Reference="Effect,AcidSpines,Amount" Value="1.2"/>
        <EffectArray index="3" Reference="Weapon,AcidSaliva,Level" Value="1"/>
        <EffectArray index="4" Operation="Multiply" Reference="Effect,RoachUMelee,Amount" Value="1.2"/>
        <EffectArray index="5" Reference="Weapon,InfestedGuassRifle,Level"/>
        <EffectArray index="6" Operation="Multiply" Reference="Effect,InfestedGuassRifle,Amount" Value="1.4"/>
        <EffectArray index="7" Operation="Multiply" Reference="Effect,InfestedTerranCampaign,Amount" Value="1.4"/>
        <EffectArray index="8" Reference="Weapon,InfestedTerranCampaign,Level"/>
        <EffectArray index="9" Reference="Weapon,Lurker,Level" Value="1"/>
        <EffectArray index="10" Operation="Multiply" Reference="Effect,LurkerU,Amount" Value="1.3"/>
        <EffectArray index="11" Reference="Effect,Val03PsiBlastDamage,Amount" Value="5.000000"/>
        <EffectArray index="12" Operation="Add" Reference="Weapon,Val03QueenOfBladesPsiBlast,Level" Value="1"/>
        <EffectArray index="13" Operation="Multiply" Reference="Effect,AcidSalivaU,Amount" Value="1.2"/>
        <EffectArray index="14" Operation="Multiply" Reference="Effect,HydraliskMelee,Amount" Value="1.4"/>
        <EffectArray index="15" removed="1"/>
        <EffectArray index="16" removed="1"/>
        <EffectArray index="17" removed="1"/>
        <EffectArray index="18" removed="1"/>
        <EffectArray index="19" removed="1"/>
        <EffectArray index="20" removed="1"/>
        <EffectArray index="21" removed="1"/>
        <EffectArray index="22" removed="1"/>
        <EffectArray index="23" removed="1"/>
        <EffectArray index="24" removed="1"/>
        <EffectArray index="25" removed="1"/>
        <EffectArray index="26" removed="1"/>
        <EffectArray index="27" removed="1"/>
        <EffectArray index="28" removed="1"/>
        <EffectArray index="29" removed="1"/>
        <EffectArray index="30" removed="1"/>
    </CUpgrade>
    <CUpgrade id="ZergMissileWeaponsLevel2">
        <EffectArray index="1" Reference="Effect,NeedleSpinesDamage,AttributeFactor[Structure]"/>
        <EffectArray index="2" Reference="Effect,HydraliskMelee,AttributeFactor[Structure]"/>
        <EffectArray index="3" removed="1"/>
        <EffectArray index="4" removed="1"/>
        <EffectArray index="5" removed="1"/>
        <EffectArray index="6" removed="1"/>
        <EffectArray index="7" removed="1"/>
        <EffectArray index="8" removed="1"/>
        <EffectArray index="9" removed="1"/>
        <EffectArray index="10" removed="1"/>
        <EffectArray index="11" removed="1"/>
        <EffectArray index="12" removed="1"/>
        <EffectArray index="13" removed="1"/>
        <EffectArray index="14" removed="1"/>
        <EffectArray index="15" removed="1"/>
        <EffectArray index="16" removed="1"/>
        <EffectArray index="17" removed="1"/>
        <EffectArray index="18" removed="1"/>
        <EffectArray index="19" removed="1"/>
        <EffectArray index="20" removed="1"/>
        <EffectArray index="21" removed="1"/>
        <EffectArray index="22" removed="1"/>
        <EffectArray index="23" removed="1"/>
        <EffectArray index="24" removed="1"/>
        <EffectArray index="25" removed="1"/>
        <EffectArray index="26" removed="1"/>
        <EffectArray index="27" removed="1"/>
        <EffectArray index="28" removed="1"/>
        <EffectArray index="29" removed="1"/>
        <EffectArray index="30" removed="1"/>
    </CUpgrade>
</Catalog>
